atomic_id,kind,crop_id,pdf_id,pdf_name,field,page,bbox_index,image_path
10.1038_s41538-024-00253-2__p002__b00,subfigure,10.1038_s41538-024-00253-2__p002__b00,10.1038_s41538-024-00253-2,10.1038_s41538-024-00253-2.pdf,Agricultural and Biological Sciences,2,0,Agricultural and Biological Sciences/10.1038_s41538-024-00253-2/crops/10.1038_s41538-024-00253-2__p002__b00.png
10.1038_s41538-024-00253-2__p003__b00,subfigure,10.1038_s41538-024-00253-2__p003__b00,10.1038_s41538-024-00253-2,10.1038_s41538-024-00253-2.pdf,Agricultural and Biological Sciences,3,0,Agricultural and Biological Sciences/10.1038_s41538-024-00253-2/crops/10.1038_s41538-024-00253-2__p003__b00.png
10.1038_s41538-024-00253-2__p006__b00,subfigure,10.1038_s41538-024-00253-2__p006__b00,10.1038_s41538-024-00253-2,10.1038_s41538-024-00253-2.pdf,Agricultural and Biological Sciences,6,0,Agricultural and Biological Sciences/10.1038_s41538-024-00253-2/crops/10.1038_s41538-024-00253-2__p006__b00.png
10.1038_s41538-024-00253-2__p008__b00,subfigure,10.1038_s41538-024-00253-2__p008__b00,10.1038_s41538-024-00253-2,10.1038_s41538-024-00253-2.pdf,Agricultural and Biological Sciences,8,0,Agricultural and Biological Sciences/10.1038_s41538-024-00253-2/crops/10.1038_s41538-024-00253-2__p008__b00.png
10.1038_s41538-024-00253-2__p008__b01,subfigure,10.1038_s41538-024-00253-2__p008__b01,10.1038_s41538-024-00253-2,10.1038_s41538-024-00253-2.pdf,Agricultural and Biological Sciences,8,1,Agricultural and Biological Sciences/10.1038_s41538-024-00253-2/crops/10.1038_s41538-024-00253-2__p008__b01.png
10.1126_science.adj1914__p003__b00,subfigure,10.1126_science.adj1914__p003__b00,10.1126_science.adj1914,10.1126_science.adj1914.pdf,Agricultural and Biological Sciences,3,0,Agricultural and Biological Sciences/10.1126_science.adj1914/crops/10.1126_science.adj1914__p003__b00.png
10.1126_science.adj1914__p004__b00,subfigure,10.1126_science.adj1914__p004__b00,10.1126_science.adj1914,10.1126_science.adj1914.pdf,Agricultural and Biological Sciences,4,0,Agricultural and Biological Sciences/10.1126_science.adj1914/crops/10.1126_science.adj1914__p004__b00.png
10.1126_science.adj1914__p004__b01,subfigure,10.1126_science.adj1914__p004__b01,10.1126_science.adj1914,10.1126_science.adj1914.pdf,Agricultural and Biological Sciences,4,1,Agricultural and Biological Sciences/10.1126_science.adj1914/crops/10.1126_science.adj1914__p004__b01.png
10.1126_science.adj1914__p004__b02,subfigure,10.1126_science.adj1914__p004__b02,10.1126_science.adj1914,10.1126_science.adj1914.pdf,Agricultural and Biological Sciences,4,2,Agricultural and Biological Sciences/10.1126_science.adj1914/crops/10.1126_science.adj1914__p004__b02.png
10.1126_science.adj1914__p004__b03,subfigure,10.1126_science.adj1914__p004__b03,10.1126_science.adj1914,10.1126_science.adj1914.pdf,Agricultural and Biological Sciences,4,3,Agricultural and Biological Sciences/10.1126_science.adj1914/crops/10.1126_science.adj1914__p004__b03.png
10.1126_science.adj1914__p004__b04,subfigure,10.1126_science.adj1914__p004__b04,10.1126_science.adj1914,10.1126_science.adj1914.pdf,Agricultural and Biological Sciences,4,4,Agricultural and Biological Sciences/10.1126_science.adj1914/crops/10.1126_science.adj1914__p004__b04.png
10.1126_science.adj1914__p004__b05,subfigure,10.1126_science.adj1914__p004__b05,10.1126_science.adj1914,10.1126_science.adj1914.pdf,Agricultural and Biological Sciences,4,5,Agricultural and Biological Sciences/10.1126_science.adj1914/crops/10.1126_science.adj1914__p004__b05.png
10.1126_science.adj1914__p004__b06,subfigure,10.1126_science.adj1914__p004__b06,10.1126_science.adj1914,10.1126_science.adj1914.pdf,Agricultural and Biological Sciences,4,6,Agricultural and Biological Sciences/10.1126_science.adj1914/crops/10.1126_science.adj1914__p004__b06.png
10.1126_science.adj1914__p005__b00,subfigure,10.1126_science.adj1914__p005__b00,10.1126_science.adj1914,10.1126_science.adj1914.pdf,Agricultural and Biological Sciences,5,0,Agricultural and Biological Sciences/10.1126_science.adj1914/crops/10.1126_science.adj1914__p005__b00.png
10.1126_science.adj1914__p005__b01,subfigure,10.1126_science.adj1914__p005__b01,10.1126_science.adj1914,10.1126_science.adj1914.pdf,Agricultural and Biological Sciences,5,1,Agricultural and Biological Sciences/10.1126_science.adj1914/crops/10.1126_science.adj1914__p005__b01.png
10.1126_science.adj1914__p005__b02,subfigure,10.1126_science.adj1914__p005__b02,10.1126_science.adj1914,10.1126_science.adj1914.pdf,Agricultural and Biological Sciences,5,2,Agricultural and Biological Sciences/10.1126_science.adj1914/crops/10.1126_science.adj1914__p005__b02.png
10.1126_science.adj1914__p006__b00,subfigure,10.1126_science.adj1914__p006__b00,10.1126_science.adj1914,10.1126_science.adj1914.pdf,Agricultural and Biological Sciences,6,0,Agricultural and Biological Sciences/10.1126_science.adj1914/crops/10.1126_science.adj1914__p006__b00.png
10.1126_science.adj1914__p006__b01,subfigure,10.1126_science.adj1914__p006__b01,10.1126_science.adj1914,10.1126_science.adj1914.pdf,Agricultural and Biological Sciences,6,1,Agricultural and Biological Sciences/10.1126_science.adj1914/crops/10.1126_science.adj1914__p006__b01.png
10.1126_science.adj1914__p006__b02,subfigure,10.1126_science.adj1914__p006__b02,10.1126_science.adj1914,10.1126_science.adj1914.pdf,Agricultural and Biological Sciences,6,2,Agricultural and Biological Sciences/10.1126_science.adj1914/crops/10.1126_science.adj1914__p006__b02.png
10.1126_science.adj1914__p006__b03,subfigure,10.1126_science.adj1914__p006__b03,10.1126_science.adj1914,10.1126_science.adj1914.pdf,Agricultural and Biological Sciences,6,3,Agricultural and Biological Sciences/10.1126_science.adj1914/crops/10.1126_science.adj1914__p006__b03.png
10.1126_science.adj1914__p006__b04,subfigure,10.1126_science.adj1914__p006__b04,10.1126_science.adj1914,10.1126_science.adj1914.pdf,Agricultural and Biological Sciences,6,4,Agricultural and Biological Sciences/10.1126_science.adj1914/crops/10.1126_science.adj1914__p006__b04.png
10.1126_science.adj1914__p006__b05,subfigure,10.1126_science.adj1914__p006__b05,10.1126_science.adj1914,10.1126_science.adj1914.pdf,Agricultural and Biological Sciences,6,5,Agricultural and Biological Sciences/10.1126_science.adj1914/crops/10.1126_science.adj1914__p006__b05.png
10.3389_fddsv.2024.1385460__p002__b00,subfigure,10.3389_fddsv.2024.1385460__p002__b00,10.3389_fddsv.2024.1385460,10.3389_fddsv.2024.1385460.pdf,Agricultural and Biological Sciences,2,0,Agricultural and Biological Sciences/10.3389_fddsv.2024.1385460/crops/10.3389_fddsv.2024.1385460__p002__b00.png
10.3389_fddsv.2024.1385460__p003__b00,subfigure,10.3389_fddsv.2024.1385460__p003__b00,10.3389_fddsv.2024.1385460,10.3389_fddsv.2024.1385460.pdf,Agricultural and Biological Sciences,3,0,Agricultural and Biological Sciences/10.3389_fddsv.2024.1385460/crops/10.3389_fddsv.2024.1385460__p003__b00.png
10.3389_fddsv.2024.1385460__p007__b00,subfigure,10.3389_fddsv.2024.1385460__p007__b00,10.3389_fddsv.2024.1385460,10.3389_fddsv.2024.1385460.pdf,Agricultural and Biological Sciences,7,0,Agricultural and Biological Sciences/10.3389_fddsv.2024.1385460/crops/10.3389_fddsv.2024.1385460__p007__b00.png
10.3389_fddsv.2024.1385460__p009__b00,subfigure,10.3389_fddsv.2024.1385460__p009__b00,10.3389_fddsv.2024.1385460,10.3389_fddsv.2024.1385460.pdf,Agricultural and Biological Sciences,9,0,Agricultural and Biological Sciences/10.3389_fddsv.2024.1385460/crops/10.3389_fddsv.2024.1385460__p009__b00.png
10.3389_fddsv.2024.1385460__p011__b00,subfigure,10.3389_fddsv.2024.1385460__p011__b00,10.3389_fddsv.2024.1385460,10.3389_fddsv.2024.1385460.pdf,Agricultural and Biological Sciences,11,0,Agricultural and Biological Sciences/10.3389_fddsv.2024.1385460/crops/10.3389_fddsv.2024.1385460__p011__b00.png
10.3389_fimmu.2023.1329843__p003__b00,subfigure,10.3389_fimmu.2023.1329843__p003__b00,10.3389_fimmu.2023.1329843,10.3389_fimmu.2023.1329843.pdf,Agricultural and Biological Sciences,3,0,Agricultural and Biological Sciences/10.3389_fimmu.2023.1329843/crops/10.3389_fimmu.2023.1329843__p003__b00.png
10.3389_fimmu.2023.1329843__p003__b01,subfigure,10.3389_fimmu.2023.1329843__p003__b01,10.3389_fimmu.2023.1329843,10.3389_fimmu.2023.1329843.pdf,Agricultural and Biological Sciences,3,1,Agricultural and Biological Sciences/10.3389_fimmu.2023.1329843/crops/10.3389_fimmu.2023.1329843__p003__b01.png
10.3389_fimmu.2023.1329843__p005__b00,subfigure,10.3389_fimmu.2023.1329843__p005__b00,10.3389_fimmu.2023.1329843,10.3389_fimmu.2023.1329843.pdf,Agricultural and Biological Sciences,5,0,Agricultural and Biological Sciences/10.3389_fimmu.2023.1329843/crops/10.3389_fimmu.2023.1329843__p005__b00.png
10.3389_fmicb.2024.1487641__p003__b00,subfigure,10.3389_fmicb.2024.1487641__p003__b00,10.3389_fmicb.2024.1487641,10.3389_fmicb.2024.1487641.pdf,Agricultural and Biological Sciences,3,0,Agricultural and Biological Sciences/10.3389_fmicb.2024.1487641/crops/10.3389_fmicb.2024.1487641__p003__b00.png
10.3389_fmicb.2024.1487641__p003__b01,subfigure,10.3389_fmicb.2024.1487641__p003__b01,10.3389_fmicb.2024.1487641,10.3389_fmicb.2024.1487641.pdf,Agricultural and Biological Sciences,3,1,Agricultural and Biological Sciences/10.3389_fmicb.2024.1487641/crops/10.3389_fmicb.2024.1487641__p003__b01.png
10.3389_fmicb.2024.1487641__p004__b00,subfigure,10.3389_fmicb.2024.1487641__p004__b00,10.3389_fmicb.2024.1487641,10.3389_fmicb.2024.1487641.pdf,Agricultural and Biological Sciences,4,0,Agricultural and Biological Sciences/10.3389_fmicb.2024.1487641/crops/10.3389_fmicb.2024.1487641__p004__b00.png
10.3389_fmicb.2024.1487641__p011__b00,subfigure,10.3389_fmicb.2024.1487641__p011__b00,10.3389_fmicb.2024.1487641,10.3389_fmicb.2024.1487641.pdf,Agricultural and Biological Sciences,11,0,Agricultural and Biological Sciences/10.3389_fmicb.2024.1487641/crops/10.3389_fmicb.2024.1487641__p011__b00.png
10.3389_fnut.2024.1328620__p003__b00,subfigure,10.3389_fnut.2024.1328620__p003__b00,10.3389_fnut.2024.1328620,10.3389_fnut.2024.1328620.pdf,Agricultural and Biological Sciences,3,0,Agricultural and Biological Sciences/10.3389_fnut.2024.1328620/crops/10.3389_fnut.2024.1328620__p003__b00.png
10.3389_fnut.2024.1328620__p007__b00,subfigure,10.3389_fnut.2024.1328620__p007__b00,10.3389_fnut.2024.1328620,10.3389_fnut.2024.1328620.pdf,Agricultural and Biological Sciences,7,0,Agricultural and Biological Sciences/10.3389_fnut.2024.1328620/crops/10.3389_fnut.2024.1328620__p007__b00.png
10.3389_fnut.2024.1328620__p010__b00,subfigure,10.3389_fnut.2024.1328620__p010__b00,10.3389_fnut.2024.1328620,10.3389_fnut.2024.1328620.pdf,Agricultural and Biological Sciences,10,0,Agricultural and Biological Sciences/10.3389_fnut.2024.1328620/crops/10.3389_fnut.2024.1328620__p010__b00.png
10.3389_fphar.2025.1615338__p004__b00,subfigure,10.3389_fphar.2025.1615338__p004__b00,10.3389_fphar.2025.1615338,10.3389_fphar.2025.1615338.pdf,Agricultural and Biological Sciences,4,0,Agricultural and Biological Sciences/10.3389_fphar.2025.1615338/crops/10.3389_fphar.2025.1615338__p004__b00.png
10.3389_fphar.2025.1615338__p006__b00,subfigure,10.3389_fphar.2025.1615338__p006__b00,10.3389_fphar.2025.1615338,10.3389_fphar.2025.1615338.pdf,Agricultural and Biological Sciences,6,0,Agricultural and Biological Sciences/10.3389_fphar.2025.1615338/crops/10.3389_fphar.2025.1615338__p006__b00.png
10.3389_fphar.2025.1615338__p007__b00,subfigure,10.3389_fphar.2025.1615338__p007__b00,10.3389_fphar.2025.1615338,10.3389_fphar.2025.1615338.pdf,Agricultural and Biological Sciences,7,0,Agricultural and Biological Sciences/10.3389_fphar.2025.1615338/crops/10.3389_fphar.2025.1615338__p007__b00.png
10.3389_fphar.2025.1615338__p009__b00,subfigure,10.3389_fphar.2025.1615338__p009__b00,10.3389_fphar.2025.1615338,10.3389_fphar.2025.1615338.pdf,Agricultural and Biological Sciences,9,0,Agricultural and Biological Sciences/10.3389_fphar.2025.1615338/crops/10.3389_fphar.2025.1615338__p009__b00.png
10.3389_fphar.2025.1615338__p009__b01,subfigure,10.3389_fphar.2025.1615338__p009__b01,10.3389_fphar.2025.1615338,10.3389_fphar.2025.1615338.pdf,Agricultural and Biological Sciences,9,1,Agricultural and Biological Sciences/10.3389_fphar.2025.1615338/crops/10.3389_fphar.2025.1615338__p009__b01.png
10.3389_fsci.2024.1411259__p004__b00,subfigure,10.3389_fsci.2024.1411259__p004__b00,10.3389_fsci.2024.1411259,10.3389_fsci.2024.1411259.pdf,Agricultural and Biological Sciences,4,0,Agricultural and Biological Sciences/10.3389_fsci.2024.1411259/crops/10.3389_fsci.2024.1411259__p004__b00.png
10.3389_fsci.2024.1411259__p005__b00,subfigure,10.3389_fsci.2024.1411259__p005__b00,10.3389_fsci.2024.1411259,10.3389_fsci.2024.1411259.pdf,Agricultural and Biological Sciences,5,0,Agricultural and Biological Sciences/10.3389_fsci.2024.1411259/crops/10.3389_fsci.2024.1411259__p005__b00.png
10.3389_fsci.2024.1411259__p005__b01,subfigure,10.3389_fsci.2024.1411259__p005__b01,10.3389_fsci.2024.1411259,10.3389_fsci.2024.1411259.pdf,Agricultural and Biological Sciences,5,1,Agricultural and Biological Sciences/10.3389_fsci.2024.1411259/crops/10.3389_fsci.2024.1411259__p005__b01.png
10.3389_fsci.2024.1411259__p006__b00,subfigure,10.3389_fsci.2024.1411259__p006__b00,10.3389_fsci.2024.1411259,10.3389_fsci.2024.1411259.pdf,Agricultural and Biological Sciences,6,0,Agricultural and Biological Sciences/10.3389_fsci.2024.1411259/crops/10.3389_fsci.2024.1411259__p006__b00.png
10.3389_fsci.2024.1411259__p006__b01,subfigure,10.3389_fsci.2024.1411259__p006__b01,10.3389_fsci.2024.1411259,10.3389_fsci.2024.1411259.pdf,Agricultural and Biological Sciences,6,1,Agricultural and Biological Sciences/10.3389_fsci.2024.1411259/crops/10.3389_fsci.2024.1411259__p006__b01.png
10.3389_fsci.2024.1411259__p006__b02,subfigure,10.3389_fsci.2024.1411259__p006__b02,10.3389_fsci.2024.1411259,10.3389_fsci.2024.1411259.pdf,Agricultural and Biological Sciences,6,2,Agricultural and Biological Sciences/10.3389_fsci.2024.1411259/crops/10.3389_fsci.2024.1411259__p006__b02.png
10.3389_fsci.2024.1411259__p006__b03,subfigure,10.3389_fsci.2024.1411259__p006__b03,10.3389_fsci.2024.1411259,10.3389_fsci.2024.1411259.pdf,Agricultural and Biological Sciences,6,3,Agricultural and Biological Sciences/10.3389_fsci.2024.1411259/crops/10.3389_fsci.2024.1411259__p006__b03.png
10.3389_fsci.2024.1411259__p006__b04,subfigure,10.3389_fsci.2024.1411259__p006__b04,10.3389_fsci.2024.1411259,10.3389_fsci.2024.1411259.pdf,Agricultural and Biological Sciences,6,4,Agricultural and Biological Sciences/10.3389_fsci.2024.1411259/crops/10.3389_fsci.2024.1411259__p006__b04.png
10.3389_fsci.2024.1411259__p006__b05,subfigure,10.3389_fsci.2024.1411259__p006__b05,10.3389_fsci.2024.1411259,10.3389_fsci.2024.1411259.pdf,Agricultural and Biological Sciences,6,5,Agricultural and Biological Sciences/10.3389_fsci.2024.1411259/crops/10.3389_fsci.2024.1411259__p006__b05.png
10.3389_fsci.2024.1411259__p007__b00,subfigure,10.3389_fsci.2024.1411259__p007__b00,10.3389_fsci.2024.1411259,10.3389_fsci.2024.1411259.pdf,Agricultural and Biological Sciences,7,0,Agricultural and Biological Sciences/10.3389_fsci.2024.1411259/crops/10.3389_fsci.2024.1411259__p007__b00.png
10.3389_fsci.2024.1411259__p008__b00,subfigure,10.3389_fsci.2024.1411259__p008__b00,10.3389_fsci.2024.1411259,10.3389_fsci.2024.1411259.pdf,Agricultural and Biological Sciences,8,0,Agricultural and Biological Sciences/10.3389_fsci.2024.1411259/crops/10.3389_fsci.2024.1411259__p008__b00.png
10.3389_fsci.2024.1411259__p008__b01,subfigure,10.3389_fsci.2024.1411259__p008__b01,10.3389_fsci.2024.1411259,10.3389_fsci.2024.1411259.pdf,Agricultural and Biological Sciences,8,1,Agricultural and Biological Sciences/10.3389_fsci.2024.1411259/crops/10.3389_fsci.2024.1411259__p008__b01.png
10.3389_fsci.2024.1411259__p008__b02,subfigure,10.3389_fsci.2024.1411259__p008__b02,10.3389_fsci.2024.1411259,10.3389_fsci.2024.1411259.pdf,Agricultural and Biological Sciences,8,2,Agricultural and Biological Sciences/10.3389_fsci.2024.1411259/crops/10.3389_fsci.2024.1411259__p008__b02.png
10.3389_fsci.2024.1411259__p008__b03,subfigure,10.3389_fsci.2024.1411259__p008__b03,10.3389_fsci.2024.1411259,10.3389_fsci.2024.1411259.pdf,Agricultural and Biological Sciences,8,3,Agricultural and Biological Sciences/10.3389_fsci.2024.1411259/crops/10.3389_fsci.2024.1411259__p008__b03.png
10.3389_fsci.2024.1411259__p008__b04,subfigure,10.3389_fsci.2024.1411259__p008__b04,10.3389_fsci.2024.1411259,10.3389_fsci.2024.1411259.pdf,Agricultural and Biological Sciences,8,4,Agricultural and Biological Sciences/10.3389_fsci.2024.1411259/crops/10.3389_fsci.2024.1411259__p008__b04.png
10.3389_fsci.2024.1411259__p008__b05,subfigure,10.3389_fsci.2024.1411259__p008__b05,10.3389_fsci.2024.1411259,10.3389_fsci.2024.1411259.pdf,Agricultural and Biological Sciences,8,5,Agricultural and Biological Sciences/10.3389_fsci.2024.1411259/crops/10.3389_fsci.2024.1411259__p008__b05.png
10.3389_fsci.2024.1411259__p008__b06,subfigure,10.3389_fsci.2024.1411259__p008__b06,10.3389_fsci.2024.1411259,10.3389_fsci.2024.1411259.pdf,Agricultural and Biological Sciences,8,6,Agricultural and Biological Sciences/10.3389_fsci.2024.1411259/crops/10.3389_fsci.2024.1411259__p008__b06.png
10.3389_fsci.2024.1411259__p008__b07,subfigure,10.3389_fsci.2024.1411259__p008__b07,10.3389_fsci.2024.1411259,10.3389_fsci.2024.1411259.pdf,Agricultural and Biological Sciences,8,7,Agricultural and Biological Sciences/10.3389_fsci.2024.1411259/crops/10.3389_fsci.2024.1411259__p008__b07.png
10.3389_fsci.2024.1411259__p013__b00,subfigure,10.3389_fsci.2024.1411259__p013__b00,10.3389_fsci.2024.1411259,10.3389_fsci.2024.1411259.pdf,Agricultural and Biological Sciences,13,0,Agricultural and Biological Sciences/10.3389_fsci.2024.1411259/crops/10.3389_fsci.2024.1411259__p013__b00.png
10.3389_fsci.2024.1411259__p013__b01,subfigure,10.3389_fsci.2024.1411259__p013__b01,10.3389_fsci.2024.1411259,10.3389_fsci.2024.1411259.pdf,Agricultural and Biological Sciences,13,1,Agricultural and Biological Sciences/10.3389_fsci.2024.1411259/crops/10.3389_fsci.2024.1411259__p013__b01.png
10.3389_fsci.2024.1411259__p014__b00,subfigure,10.3389_fsci.2024.1411259__p014__b00,10.3389_fsci.2024.1411259,10.3389_fsci.2024.1411259.pdf,Agricultural and Biological Sciences,14,0,Agricultural and Biological Sciences/10.3389_fsci.2024.1411259/crops/10.3389_fsci.2024.1411259__p014__b00.png
10.3389_fsci.2024.1411259__p016__b00,subfigure,10.3389_fsci.2024.1411259__p016__b00,10.3389_fsci.2024.1411259,10.3389_fsci.2024.1411259.pdf,Agricultural and Biological Sciences,16,0,Agricultural and Biological Sciences/10.3389_fsci.2024.1411259/crops/10.3389_fsci.2024.1411259__p016__b00.png
10.3389_fsci.2024.1411259__p016__b01,subfigure,10.3389_fsci.2024.1411259__p016__b01,10.3389_fsci.2024.1411259,10.3389_fsci.2024.1411259.pdf,Agricultural and Biological Sciences,16,1,Agricultural and Biological Sciences/10.3389_fsci.2024.1411259/crops/10.3389_fsci.2024.1411259__p016__b01.png
10.3389_fsci.2024.1411259__p016__b02,subfigure,10.3389_fsci.2024.1411259__p016__b02,10.3389_fsci.2024.1411259,10.3389_fsci.2024.1411259.pdf,Agricultural and Biological Sciences,16,2,Agricultural and Biological Sciences/10.3389_fsci.2024.1411259/crops/10.3389_fsci.2024.1411259__p016__b02.png
10.3389_fsci.2024.1411259__p016__b03,subfigure,10.3389_fsci.2024.1411259__p016__b03,10.3389_fsci.2024.1411259,10.3389_fsci.2024.1411259.pdf,Agricultural and Biological Sciences,16,3,Agricultural and Biological Sciences/10.3389_fsci.2024.1411259/crops/10.3389_fsci.2024.1411259__p016__b03.png
10.3389_fsci.2024.1411259__p017__b00,subfigure,10.3389_fsci.2024.1411259__p017__b00,10.3389_fsci.2024.1411259,10.3389_fsci.2024.1411259.pdf,Agricultural and Biological Sciences,17,0,Agricultural and Biological Sciences/10.3389_fsci.2024.1411259/crops/10.3389_fsci.2024.1411259__p017__b00.png
10.1038_s12276-024-01201-6__p001__b00,subfigure,10.1038_s12276-024-01201-6__p001__b00,10.1038_s12276-024-01201-6,10.1038_s12276-024-01201-6.pdf,"Biochemistry, Genetics and Molecular Biology",1,0,"Biochemistry, Genetics and Molecular Biology/10.1038_s12276-024-01201-6/crops/10.1038_s12276-024-01201-6__p001__b00.png"
10.1038_s12276-024-01201-6__p002__b00,subfigure,10.1038_s12276-024-01201-6__p002__b00,10.1038_s12276-024-01201-6,10.1038_s12276-024-01201-6.pdf,"Biochemistry, Genetics and Molecular Biology",2,0,"Biochemistry, Genetics and Molecular Biology/10.1038_s12276-024-01201-6/crops/10.1038_s12276-024-01201-6__p002__b00.png"
10.1038_s12276-024-01201-6__p002__b01,subfigure,10.1038_s12276-024-01201-6__p002__b01,10.1038_s12276-024-01201-6,10.1038_s12276-024-01201-6.pdf,"Biochemistry, Genetics and Molecular Biology",2,1,"Biochemistry, Genetics and Molecular Biology/10.1038_s12276-024-01201-6/crops/10.1038_s12276-024-01201-6__p002__b01.png"
10.1038_s12276-024-01201-6__p002__b02,subfigure,10.1038_s12276-024-01201-6__p002__b02,10.1038_s12276-024-01201-6,10.1038_s12276-024-01201-6.pdf,"Biochemistry, Genetics and Molecular Biology",2,2,"Biochemistry, Genetics and Molecular Biology/10.1038_s12276-024-01201-6/crops/10.1038_s12276-024-01201-6__p002__b02.png"
10.1038_s12276-024-01201-6__p003__b00,subfigure,10.1038_s12276-024-01201-6__p003__b00,10.1038_s12276-024-01201-6,10.1038_s12276-024-01201-6.pdf,"Biochemistry, Genetics and Molecular Biology",3,0,"Biochemistry, Genetics and Molecular Biology/10.1038_s12276-024-01201-6/crops/10.1038_s12276-024-01201-6__p003__b00.png"
10.1038_s12276-024-01201-6__p003__b01,subfigure,10.1038_s12276-024-01201-6__p003__b01,10.1038_s12276-024-01201-6,10.1038_s12276-024-01201-6.pdf,"Biochemistry, Genetics and Molecular Biology",3,1,"Biochemistry, Genetics and Molecular Biology/10.1038_s12276-024-01201-6/crops/10.1038_s12276-024-01201-6__p003__b01.png"
10.1038_s12276-024-01201-6__p003__b02,subfigure,10.1038_s12276-024-01201-6__p003__b02,10.1038_s12276-024-01201-6,10.1038_s12276-024-01201-6.pdf,"Biochemistry, Genetics and Molecular Biology",3,2,"Biochemistry, Genetics and Molecular Biology/10.1038_s12276-024-01201-6/crops/10.1038_s12276-024-01201-6__p003__b02.png"
10.1038_s12276-024-01201-6__p004__b00,subfigure,10.1038_s12276-024-01201-6__p004__b00,10.1038_s12276-024-01201-6,10.1038_s12276-024-01201-6.pdf,"Biochemistry, Genetics and Molecular Biology",4,0,"Biochemistry, Genetics and Molecular Biology/10.1038_s12276-024-01201-6/crops/10.1038_s12276-024-01201-6__p004__b00.png"
10.1038_s12276-024-01201-6__p005__b00,subfigure,10.1038_s12276-024-01201-6__p005__b00,10.1038_s12276-024-01201-6,10.1038_s12276-024-01201-6.pdf,"Biochemistry, Genetics and Molecular Biology",5,0,"Biochemistry, Genetics and Molecular Biology/10.1038_s12276-024-01201-6/crops/10.1038_s12276-024-01201-6__p005__b00.png"
10.1038_s44259-024-00046-3__p003__b00,subfigure,10.1038_s44259-024-00046-3__p003__b00,10.1038_s44259-024-00046-3,10.1038_s44259-024-00046-3.pdf,"Biochemistry, Genetics and Molecular Biology",3,0,"Biochemistry, Genetics and Molecular Biology/10.1038_s44259-024-00046-3/crops/10.1038_s44259-024-00046-3__p003__b00.png"
10.1038_s44259-024-00046-3__p004__b00,subfigure,10.1038_s44259-024-00046-3__p004__b00,10.1038_s44259-024-00046-3,10.1038_s44259-024-00046-3.pdf,"Biochemistry, Genetics and Molecular Biology",4,0,"Biochemistry, Genetics and Molecular Biology/10.1038_s44259-024-00046-3/crops/10.1038_s44259-024-00046-3__p004__b00.png"
10.1038_s44259-024-00046-3__p005__b00,subfigure,10.1038_s44259-024-00046-3__p005__b00,10.1038_s44259-024-00046-3,10.1038_s44259-024-00046-3.pdf,"Biochemistry, Genetics and Molecular Biology",5,0,"Biochemistry, Genetics and Molecular Biology/10.1038_s44259-024-00046-3/crops/10.1038_s44259-024-00046-3__p005__b00.png"
10.1038_s44259-024-00046-3__p005__b01,subfigure,10.1038_s44259-024-00046-3__p005__b01,10.1038_s44259-024-00046-3,10.1038_s44259-024-00046-3.pdf,"Biochemistry, Genetics and Molecular Biology",5,1,"Biochemistry, Genetics and Molecular Biology/10.1038_s44259-024-00046-3/crops/10.1038_s44259-024-00046-3__p005__b01.png"
10.1038_s44259-024-00046-3__p005__b02,subfigure,10.1038_s44259-024-00046-3__p005__b02,10.1038_s44259-024-00046-3,10.1038_s44259-024-00046-3.pdf,"Biochemistry, Genetics and Molecular Biology",5,2,"Biochemistry, Genetics and Molecular Biology/10.1038_s44259-024-00046-3/crops/10.1038_s44259-024-00046-3__p005__b02.png"
10.3389_fphar.2023.1305294__p003__b00,subfigure,10.3389_fphar.2023.1305294__p003__b00,10.3389_fphar.2023.1305294,10.3389_fphar.2023.1305294.pdf,"Biochemistry, Genetics and Molecular Biology",3,0,"Biochemistry, Genetics and Molecular Biology/10.3389_fphar.2023.1305294/crops/10.3389_fphar.2023.1305294__p003__b00.png"
10.3389_fphar.2023.1305294__p004__b00,subfigure,10.3389_fphar.2023.1305294__p004__b00,10.3389_fphar.2023.1305294,10.3389_fphar.2023.1305294.pdf,"Biochemistry, Genetics and Molecular Biology",4,0,"Biochemistry, Genetics and Molecular Biology/10.3389_fphar.2023.1305294/crops/10.3389_fphar.2023.1305294__p004__b00.png"
10.3389_fphar.2023.1305294__p005__b00,subfigure,10.3389_fphar.2023.1305294__p005__b00,10.3389_fphar.2023.1305294,10.3389_fphar.2023.1305294.pdf,"Biochemistry, Genetics and Molecular Biology",5,0,"Biochemistry, Genetics and Molecular Biology/10.3389_fphar.2023.1305294/crops/10.3389_fphar.2023.1305294__p005__b00.png"
10.3389_fphar.2023.1305294__p007__b00,subfigure,10.3389_fphar.2023.1305294__p007__b00,10.3389_fphar.2023.1305294,10.3389_fphar.2023.1305294.pdf,"Biochemistry, Genetics and Molecular Biology",7,0,"Biochemistry, Genetics and Molecular Biology/10.3389_fphar.2023.1305294/crops/10.3389_fphar.2023.1305294__p007__b00.png"
10.3389_fphar.2023.1305294__p008__b00,subfigure,10.3389_fphar.2023.1305294__p008__b00,10.3389_fphar.2023.1305294,10.3389_fphar.2023.1305294.pdf,"Biochemistry, Genetics and Molecular Biology",8,0,"Biochemistry, Genetics and Molecular Biology/10.3389_fphar.2023.1305294/crops/10.3389_fphar.2023.1305294__p008__b00.png"
10.3389_fphar.2023.1305294__p008__b01,subfigure,10.3389_fphar.2023.1305294__p008__b01,10.3389_fphar.2023.1305294,10.3389_fphar.2023.1305294.pdf,"Biochemistry, Genetics and Molecular Biology",8,1,"Biochemistry, Genetics and Molecular Biology/10.3389_fphar.2023.1305294/crops/10.3389_fphar.2023.1305294__p008__b01.png"
10.3389_fphar.2023.1305294__p009__b00,subfigure,10.3389_fphar.2023.1305294__p009__b00,10.3389_fphar.2023.1305294,10.3389_fphar.2023.1305294.pdf,"Biochemistry, Genetics and Molecular Biology",9,0,"Biochemistry, Genetics and Molecular Biology/10.3389_fphar.2023.1305294/crops/10.3389_fphar.2023.1305294__p009__b00.png"
10.3389_fphar.2023.1305294__p010__b00,subfigure,10.3389_fphar.2023.1305294__p010__b00,10.3389_fphar.2023.1305294,10.3389_fphar.2023.1305294.pdf,"Biochemistry, Genetics and Molecular Biology",10,0,"Biochemistry, Genetics and Molecular Biology/10.3389_fphar.2023.1305294/crops/10.3389_fphar.2023.1305294__p010__b00.png"
10.3389_fphar.2023.1305294__p011__b00,subfigure,10.3389_fphar.2023.1305294__p011__b00,10.3389_fphar.2023.1305294,10.3389_fphar.2023.1305294.pdf,"Biochemistry, Genetics and Molecular Biology",11,0,"Biochemistry, Genetics and Molecular Biology/10.3389_fphar.2023.1305294/crops/10.3389_fphar.2023.1305294__p011__b00.png"
10.3389_fphar.2023.1305294__p012__b00,subfigure,10.3389_fphar.2023.1305294__p012__b00,10.3389_fphar.2023.1305294,10.3389_fphar.2023.1305294.pdf,"Biochemistry, Genetics and Molecular Biology",12,0,"Biochemistry, Genetics and Molecular Biology/10.3389_fphar.2023.1305294/crops/10.3389_fphar.2023.1305294__p012__b00.png"
10.3389_fphar.2023.1305294__p013__b00,subfigure,10.3389_fphar.2023.1305294__p013__b00,10.3389_fphar.2023.1305294,10.3389_fphar.2023.1305294.pdf,"Biochemistry, Genetics and Molecular Biology",13,0,"Biochemistry, Genetics and Molecular Biology/10.3389_fphar.2023.1305294/crops/10.3389_fphar.2023.1305294__p013__b00.png"
10.3389_fphar.2023.1305294__p014__b00,subfigure,10.3389_fphar.2023.1305294__p014__b00,10.3389_fphar.2023.1305294,10.3389_fphar.2023.1305294.pdf,"Biochemistry, Genetics and Molecular Biology",14,0,"Biochemistry, Genetics and Molecular Biology/10.3389_fphar.2023.1305294/crops/10.3389_fphar.2023.1305294__p014__b00.png"
10.3389_fpls.2025.1571825__p003__b00,subfigure,10.3389_fpls.2025.1571825__p003__b00,10.3389_fpls.2025.1571825,10.3389_fpls.2025.1571825.pdf,"Biochemistry, Genetics and Molecular Biology",3,0,"Biochemistry, Genetics and Molecular Biology/10.3389_fpls.2025.1571825/crops/10.3389_fpls.2025.1571825__p003__b00.png"
10.3389_fpls.2025.1571825__p003__b01,subfigure,10.3389_fpls.2025.1571825__p003__b01,10.3389_fpls.2025.1571825,10.3389_fpls.2025.1571825.pdf,"Biochemistry, Genetics and Molecular Biology",3,1,"Biochemistry, Genetics and Molecular Biology/10.3389_fpls.2025.1571825/crops/10.3389_fpls.2025.1571825__p003__b01.png"
10.3389_fpls.2025.1571825__p004__b00,subfigure,10.3389_fpls.2025.1571825__p004__b00,10.3389_fpls.2025.1571825,10.3389_fpls.2025.1571825.pdf,"Biochemistry, Genetics and Molecular Biology",4,0,"Biochemistry, Genetics and Molecular Biology/10.3389_fpls.2025.1571825/crops/10.3389_fpls.2025.1571825__p004__b00.png"
10.3389_fpls.2025.1571825__p004__b01,subfigure,10.3389_fpls.2025.1571825__p004__b01,10.3389_fpls.2025.1571825,10.3389_fpls.2025.1571825.pdf,"Biochemistry, Genetics and Molecular Biology",4,1,"Biochemistry, Genetics and Molecular Biology/10.3389_fpls.2025.1571825/crops/10.3389_fpls.2025.1571825__p004__b01.png"
10.3389_fpls.2025.1571825__p005__b00,subfigure,10.3389_fpls.2025.1571825__p005__b00,10.3389_fpls.2025.1571825,10.3389_fpls.2025.1571825.pdf,"Biochemistry, Genetics and Molecular Biology",5,0,"Biochemistry, Genetics and Molecular Biology/10.3389_fpls.2025.1571825/crops/10.3389_fpls.2025.1571825__p005__b00.png"
10.3389_fpls.2025.1571825__p006__b00,subfigure,10.3389_fpls.2025.1571825__p006__b00,10.3389_fpls.2025.1571825,10.3389_fpls.2025.1571825.pdf,"Biochemistry, Genetics and Molecular Biology",6,0,"Biochemistry, Genetics and Molecular Biology/10.3389_fpls.2025.1571825/crops/10.3389_fpls.2025.1571825__p006__b00.png"
10.3389_fpls.2025.1571825__p009__b00,subfigure,10.3389_fpls.2025.1571825__p009__b00,10.3389_fpls.2025.1571825,10.3389_fpls.2025.1571825.pdf,"Biochemistry, Genetics and Molecular Biology",9,0,"Biochemistry, Genetics and Molecular Biology/10.3389_fpls.2025.1571825/crops/10.3389_fpls.2025.1571825__p009__b00.png"
10.3389_fpls.2025.1571825__p011__b00,subfigure,10.3389_fpls.2025.1571825__p011__b00,10.3389_fpls.2025.1571825,10.3389_fpls.2025.1571825.pdf,"Biochemistry, Genetics and Molecular Biology",11,0,"Biochemistry, Genetics and Molecular Biology/10.3389_fpls.2025.1571825/crops/10.3389_fpls.2025.1571825__p011__b00.png"
10.3389_fpls.2025.1571825__p013__b00,subfigure,10.3389_fpls.2025.1571825__p013__b00,10.3389_fpls.2025.1571825,10.3389_fpls.2025.1571825.pdf,"Biochemistry, Genetics and Molecular Biology",13,0,"Biochemistry, Genetics and Molecular Biology/10.3389_fpls.2025.1571825/crops/10.3389_fpls.2025.1571825__p013__b00.png"
10.3389_fpls.2025.1571825__p015__b00,subfigure,10.3389_fpls.2025.1571825__p015__b00,10.3389_fpls.2025.1571825,10.3389_fpls.2025.1571825.pdf,"Biochemistry, Genetics and Molecular Biology",15,0,"Biochemistry, Genetics and Molecular Biology/10.3389_fpls.2025.1571825/crops/10.3389_fpls.2025.1571825__p015__b00.png"
10.4230_lipics.sea.2024.20__p004__b00,subfigure,10.4230_lipics.sea.2024.20__p004__b00,10.4230_lipics.sea.2024.20,10.4230_lipics.sea.2024.20.pdf,"Biochemistry, Genetics and Molecular Biology",4,0,"Biochemistry, Genetics and Molecular Biology/10.4230_lipics.sea.2024.20/crops/10.4230_lipics.sea.2024.20__p004__b00.png"
10.4230_lipics.sea.2024.20__p008__b00,subfigure,10.4230_lipics.sea.2024.20__p008__b00,10.4230_lipics.sea.2024.20,10.4230_lipics.sea.2024.20.pdf,"Biochemistry, Genetics and Molecular Biology",8,0,"Biochemistry, Genetics and Molecular Biology/10.4230_lipics.sea.2024.20/crops/10.4230_lipics.sea.2024.20__p008__b00.png"
10.4230_lipics.sea.2024.20__p010__b00,subfigure,10.4230_lipics.sea.2024.20__p010__b00,10.4230_lipics.sea.2024.20,10.4230_lipics.sea.2024.20.pdf,"Biochemistry, Genetics and Molecular Biology",10,0,"Biochemistry, Genetics and Molecular Biology/10.4230_lipics.sea.2024.20/crops/10.4230_lipics.sea.2024.20__p010__b00.png"
10.4230_lipics.sea.2024.20__p011__b00,subfigure,10.4230_lipics.sea.2024.20__p011__b00,10.4230_lipics.sea.2024.20,10.4230_lipics.sea.2024.20.pdf,"Biochemistry, Genetics and Molecular Biology",11,0,"Biochemistry, Genetics and Molecular Biology/10.4230_lipics.sea.2024.20/crops/10.4230_lipics.sea.2024.20__p011__b00.png"
10.4230_lipics.sea.2024.20__p012__b00,subfigure,10.4230_lipics.sea.2024.20__p012__b00,10.4230_lipics.sea.2024.20,10.4230_lipics.sea.2024.20.pdf,"Biochemistry, Genetics and Molecular Biology",12,0,"Biochemistry, Genetics and Molecular Biology/10.4230_lipics.sea.2024.20/crops/10.4230_lipics.sea.2024.20__p012__b00.png"
10.4230_lipics.sea.2024.20__p013__b00,subfigure,10.4230_lipics.sea.2024.20__p013__b00,10.4230_lipics.sea.2024.20,10.4230_lipics.sea.2024.20.pdf,"Biochemistry, Genetics and Molecular Biology",13,0,"Biochemistry, Genetics and Molecular Biology/10.4230_lipics.sea.2024.20/crops/10.4230_lipics.sea.2024.20__p013__b00.png"
10.4230_lipics.sea.2024.20__p018__b00,subfigure,10.4230_lipics.sea.2024.20__p018__b00,10.4230_lipics.sea.2024.20,10.4230_lipics.sea.2024.20.pdf,"Biochemistry, Genetics and Molecular Biology",18,0,"Biochemistry, Genetics and Molecular Biology/10.4230_lipics.sea.2024.20/crops/10.4230_lipics.sea.2024.20__p018__b00.png"
10.4230_lipics.sea.2024.20__p018__b01,subfigure,10.4230_lipics.sea.2024.20__p018__b01,10.4230_lipics.sea.2024.20,10.4230_lipics.sea.2024.20.pdf,"Biochemistry, Genetics and Molecular Biology",18,1,"Biochemistry, Genetics and Molecular Biology/10.4230_lipics.sea.2024.20/crops/10.4230_lipics.sea.2024.20__p018__b01.png"
10.4230_lipics.sea.2024.20__p020__b00,subfigure,10.4230_lipics.sea.2024.20__p020__b00,10.4230_lipics.sea.2024.20,10.4230_lipics.sea.2024.20.pdf,"Biochemistry, Genetics and Molecular Biology",20,0,"Biochemistry, Genetics and Molecular Biology/10.4230_lipics.sea.2024.20/crops/10.4230_lipics.sea.2024.20__p020__b00.png"
10.4230_lipics.sea.2024.20__p021__b00,subfigure,10.4230_lipics.sea.2024.20__p021__b00,10.4230_lipics.sea.2024.20,10.4230_lipics.sea.2024.20.pdf,"Biochemistry, Genetics and Molecular Biology",21,0,"Biochemistry, Genetics and Molecular Biology/10.4230_lipics.sea.2024.20/crops/10.4230_lipics.sea.2024.20__p021__b00.png"
10.4230_lipics.sea.2024.20__p021__b01,subfigure,10.4230_lipics.sea.2024.20__p021__b01,10.4230_lipics.sea.2024.20,10.4230_lipics.sea.2024.20.pdf,"Biochemistry, Genetics and Molecular Biology",21,1,"Biochemistry, Genetics and Molecular Biology/10.4230_lipics.sea.2024.20/crops/10.4230_lipics.sea.2024.20__p021__b01.png"
10.7150_ijbs.89942__p002__b00,subfigure,10.7150_ijbs.89942__p002__b00,10.7150_ijbs.89942,10.7150_ijbs.89942.pdf,"Biochemistry, Genetics and Molecular Biology",2,0,"Biochemistry, Genetics and Molecular Biology/10.7150_ijbs.89942/crops/10.7150_ijbs.89942__p002__b00.png"
10.7150_ijbs.89942__p006__b00,subfigure,10.7150_ijbs.89942__p006__b00,10.7150_ijbs.89942,10.7150_ijbs.89942.pdf,"Biochemistry, Genetics and Molecular Biology",6,0,"Biochemistry, Genetics and Molecular Biology/10.7150_ijbs.89942/crops/10.7150_ijbs.89942__p006__b00.png"
10.1002_anie.202413058__p003__b00,subfigure,10.1002_anie.202413058__p003__b00,10.1002_anie.202413058,10.1002_anie.202413058.pdf,Chemical Engineering,3,0,Chemical Engineering/10.1002_anie.202413058/crops/10.1002_anie.202413058__p003__b00.png
10.1002_anie.202413058__p004__b00,subfigure,10.1002_anie.202413058__p004__b00,10.1002_anie.202413058,10.1002_anie.202413058.pdf,Chemical Engineering,4,0,Chemical Engineering/10.1002_anie.202413058/crops/10.1002_anie.202413058__p004__b00.png
10.1002_anie.202413058__p004__b01,subfigure,10.1002_anie.202413058__p004__b01,10.1002_anie.202413058,10.1002_anie.202413058.pdf,Chemical Engineering,4,1,Chemical Engineering/10.1002_anie.202413058/crops/10.1002_anie.202413058__p004__b01.png
10.1002_anie.202413058__p005__b00,subfigure,10.1002_anie.202413058__p005__b00,10.1002_anie.202413058,10.1002_anie.202413058.pdf,Chemical Engineering,5,0,Chemical Engineering/10.1002_anie.202413058/crops/10.1002_anie.202413058__p005__b00.png
10.1002_anie.202413058__p005__b01,subfigure,10.1002_anie.202413058__p005__b01,10.1002_anie.202413058,10.1002_anie.202413058.pdf,Chemical Engineering,5,1,Chemical Engineering/10.1002_anie.202413058/crops/10.1002_anie.202413058__p005__b01.png
10.1002_anie.202413058__p005__b02,subfigure,10.1002_anie.202413058__p005__b02,10.1002_anie.202413058,10.1002_anie.202413058.pdf,Chemical Engineering,5,2,Chemical Engineering/10.1002_anie.202413058/crops/10.1002_anie.202413058__p005__b02.png
10.1002_anie.202413058__p005__b03,subfigure,10.1002_anie.202413058__p005__b03,10.1002_anie.202413058,10.1002_anie.202413058.pdf,Chemical Engineering,5,3,Chemical Engineering/10.1002_anie.202413058/crops/10.1002_anie.202413058__p005__b03.png
10.1002_anie.202413058__p007__b00,subfigure,10.1002_anie.202413058__p007__b00,10.1002_anie.202413058,10.1002_anie.202413058.pdf,Chemical Engineering,7,0,Chemical Engineering/10.1002_anie.202413058/crops/10.1002_anie.202413058__p007__b00.png
10.1002_anie.202413058__p007__b01,subfigure,10.1002_anie.202413058__p007__b01,10.1002_anie.202413058,10.1002_anie.202413058.pdf,Chemical Engineering,7,1,Chemical Engineering/10.1002_anie.202413058/crops/10.1002_anie.202413058__p007__b01.png
10.1002_anie.202413058__p008__b00,subfigure,10.1002_anie.202413058__p008__b00,10.1002_anie.202413058,10.1002_anie.202413058.pdf,Chemical Engineering,8,0,Chemical Engineering/10.1002_anie.202413058/crops/10.1002_anie.202413058__p008__b00.png
10.1002_anie.202413058__p008__b01,subfigure,10.1002_anie.202413058__p008__b01,10.1002_anie.202413058,10.1002_anie.202413058.pdf,Chemical Engineering,8,1,Chemical Engineering/10.1002_anie.202413058/crops/10.1002_anie.202413058__p008__b01.png
10.1038_s44296-024-00008-w__p002__b00,subfigure,10.1038_s44296-024-00008-w__p002__b00,10.1038_s44296-024-00008-w,10.1038_s44296-024-00008-w.pdf,Chemical Engineering,2,0,Chemical Engineering/10.1038_s44296-024-00008-w/crops/10.1038_s44296-024-00008-w__p002__b00.png
10.1038_s44296-024-00008-w__p005__b00,subfigure,10.1038_s44296-024-00008-w__p005__b00,10.1038_s44296-024-00008-w,10.1038_s44296-024-00008-w.pdf,Chemical Engineering,5,0,Chemical Engineering/10.1038_s44296-024-00008-w/crops/10.1038_s44296-024-00008-w__p005__b00.png
10.1038_s44296-024-00008-w__p005__b01,subfigure,10.1038_s44296-024-00008-w__p005__b01,10.1038_s44296-024-00008-w,10.1038_s44296-024-00008-w.pdf,Chemical Engineering,5,1,Chemical Engineering/10.1038_s44296-024-00008-w/crops/10.1038_s44296-024-00008-w__p005__b01.png
10.1038_s44296-024-00008-w__p006__b00,subfigure,10.1038_s44296-024-00008-w__p006__b00,10.1038_s44296-024-00008-w,10.1038_s44296-024-00008-w.pdf,Chemical Engineering,6,0,Chemical Engineering/10.1038_s44296-024-00008-w/crops/10.1038_s44296-024-00008-w__p006__b00.png
10.1038_s44296-024-00008-w__p007__b00,subfigure,10.1038_s44296-024-00008-w__p007__b00,10.1038_s44296-024-00008-w,10.1038_s44296-024-00008-w.pdf,Chemical Engineering,7,0,Chemical Engineering/10.1038_s44296-024-00008-w/crops/10.1038_s44296-024-00008-w__p007__b00.png
10.1038_s44296-024-00008-w__p007__b01,subfigure,10.1038_s44296-024-00008-w__p007__b01,10.1038_s44296-024-00008-w,10.1038_s44296-024-00008-w.pdf,Chemical Engineering,7,1,Chemical Engineering/10.1038_s44296-024-00008-w/crops/10.1038_s44296-024-00008-w__p007__b01.png
10.1038_s44296-024-00008-w__p007__b02,subfigure,10.1038_s44296-024-00008-w__p007__b02,10.1038_s44296-024-00008-w,10.1038_s44296-024-00008-w.pdf,Chemical Engineering,7,2,Chemical Engineering/10.1038_s44296-024-00008-w/crops/10.1038_s44296-024-00008-w__p007__b02.png
10.1038_s44296-024-00008-w__p007__b03,subfigure,10.1038_s44296-024-00008-w__p007__b03,10.1038_s44296-024-00008-w,10.1038_s44296-024-00008-w.pdf,Chemical Engineering,7,3,Chemical Engineering/10.1038_s44296-024-00008-w/crops/10.1038_s44296-024-00008-w__p007__b03.png
10.1038_s44296-024-00008-w__p007__b04,subfigure,10.1038_s44296-024-00008-w__p007__b04,10.1038_s44296-024-00008-w,10.1038_s44296-024-00008-w.pdf,Chemical Engineering,7,4,Chemical Engineering/10.1038_s44296-024-00008-w/crops/10.1038_s44296-024-00008-w__p007__b04.png
10.1038_s44296-024-00008-w__p008__b00,subfigure,10.1038_s44296-024-00008-w__p008__b00,10.1038_s44296-024-00008-w,10.1038_s44296-024-00008-w.pdf,Chemical Engineering,8,0,Chemical Engineering/10.1038_s44296-024-00008-w/crops/10.1038_s44296-024-00008-w__p008__b00.png
10.3389_fchem.2024.1462503__p003__b00,subfigure,10.3389_fchem.2024.1462503__p003__b00,10.3389_fchem.2024.1462503,10.3389_fchem.2024.1462503.pdf,Chemical Engineering,3,0,Chemical Engineering/10.3389_fchem.2024.1462503/crops/10.3389_fchem.2024.1462503__p003__b00.png
10.3389_fchem.2024.1462503__p004__b00,subfigure,10.3389_fchem.2024.1462503__p004__b00,10.3389_fchem.2024.1462503,10.3389_fchem.2024.1462503.pdf,Chemical Engineering,4,0,Chemical Engineering/10.3389_fchem.2024.1462503/crops/10.3389_fchem.2024.1462503__p004__b00.png
10.3389_fchem.2024.1462503__p004__b01,subfigure,10.3389_fchem.2024.1462503__p004__b01,10.3389_fchem.2024.1462503,10.3389_fchem.2024.1462503.pdf,Chemical Engineering,4,1,Chemical Engineering/10.3389_fchem.2024.1462503/crops/10.3389_fchem.2024.1462503__p004__b01.png
10.3389_fchem.2024.1462503__p004__b02,subfigure,10.3389_fchem.2024.1462503__p004__b02,10.3389_fchem.2024.1462503,10.3389_fchem.2024.1462503.pdf,Chemical Engineering,4,2,Chemical Engineering/10.3389_fchem.2024.1462503/crops/10.3389_fchem.2024.1462503__p004__b02.png
10.3389_fchem.2024.1462503__p006__b00,subfigure,10.3389_fchem.2024.1462503__p006__b00,10.3389_fchem.2024.1462503,10.3389_fchem.2024.1462503.pdf,Chemical Engineering,6,0,Chemical Engineering/10.3389_fchem.2024.1462503/crops/10.3389_fchem.2024.1462503__p006__b00.png
10.3389_fchem.2024.1462503__p007__b00,subfigure,10.3389_fchem.2024.1462503__p007__b00,10.3389_fchem.2024.1462503,10.3389_fchem.2024.1462503.pdf,Chemical Engineering,7,0,Chemical Engineering/10.3389_fchem.2024.1462503/crops/10.3389_fchem.2024.1462503__p007__b00.png
10.3389_fenrg.2024.1344179__p003__b00,subfigure,10.3389_fenrg.2024.1344179__p003__b00,10.3389_fenrg.2024.1344179,10.3389_fenrg.2024.1344179.pdf,Chemical Engineering,3,0,Chemical Engineering/10.3389_fenrg.2024.1344179/crops/10.3389_fenrg.2024.1344179__p003__b00.png
10.3389_fenrg.2024.1344179__p003__b01,subfigure,10.3389_fenrg.2024.1344179__p003__b01,10.3389_fenrg.2024.1344179,10.3389_fenrg.2024.1344179.pdf,Chemical Engineering,3,1,Chemical Engineering/10.3389_fenrg.2024.1344179/crops/10.3389_fenrg.2024.1344179__p003__b01.png
10.3389_fenrg.2024.1344179__p003__b02,subfigure,10.3389_fenrg.2024.1344179__p003__b02,10.3389_fenrg.2024.1344179,10.3389_fenrg.2024.1344179.pdf,Chemical Engineering,3,2,Chemical Engineering/10.3389_fenrg.2024.1344179/crops/10.3389_fenrg.2024.1344179__p003__b02.png
10.3389_fenrg.2024.1344179__p006__b00,subfigure,10.3389_fenrg.2024.1344179__p006__b00,10.3389_fenrg.2024.1344179,10.3389_fenrg.2024.1344179.pdf,Chemical Engineering,6,0,Chemical Engineering/10.3389_fenrg.2024.1344179/crops/10.3389_fenrg.2024.1344179__p006__b00.png
10.38124_ijisrt_ijisrt24may1429__p002__b00,subfigure,10.38124_ijisrt_ijisrt24may1429__p002__b00,10.38124_ijisrt_ijisrt24may1429,10.38124_ijisrt_ijisrt24may1429.pdf,Chemical Engineering,2,0,Chemical Engineering/10.38124_ijisrt_ijisrt24may1429/crops/10.38124_ijisrt_ijisrt24may1429__p002__b00.png
10.38124_ijisrt_ijisrt24may1429__p002__b01,subfigure,10.38124_ijisrt_ijisrt24may1429__p002__b01,10.38124_ijisrt_ijisrt24may1429,10.38124_ijisrt_ijisrt24may1429.pdf,Chemical Engineering,2,1,Chemical Engineering/10.38124_ijisrt_ijisrt24may1429/crops/10.38124_ijisrt_ijisrt24may1429__p002__b01.png
10.1016_j.foodchem.2024.138402__p002__b00,subfigure,10.1016_j.foodchem.2024.138402__p002__b00,10.1016_j.foodchem.2024.138402,10.1016_j.foodchem.2024.138402.pdf,Chemistry,2,0,Chemistry/10.1016_j.foodchem.2024.138402/crops/10.1016_j.foodchem.2024.138402__p002__b00.png
10.1038_s41420-024-02278-8__p011__b00,subfigure,10.1038_s41420-024-02278-8__p011__b00,10.1038_s41420-024-02278-8,10.1038_s41420-024-02278-8.pdf,Chemistry,11,0,Chemistry/10.1038_s41420-024-02278-8/crops/10.1038_s41420-024-02278-8__p011__b00.png
10.1038_s41557-023-01429-1__p006__b00,subfigure,10.1038_s41557-023-01429-1__p006__b00,10.1038_s41557-023-01429-1,10.1038_s41557-023-01429-1.pdf,Chemistry,6,0,Chemistry/10.1038_s41557-023-01429-1/crops/10.1038_s41557-023-01429-1__p006__b00.png
10.1038_s41557-023-01429-1__p009__b00,subfigure,10.1038_s41557-023-01429-1__p009__b00,10.1038_s41557-023-01429-1,10.1038_s41557-023-01429-1.pdf,Chemistry,9,0,Chemistry/10.1038_s41557-023-01429-1/crops/10.1038_s41557-023-01429-1__p009__b00.png
10.1038_s41557-023-01429-1__p009__b01,subfigure,10.1038_s41557-023-01429-1__p009__b01,10.1038_s41557-023-01429-1,10.1038_s41557-023-01429-1.pdf,Chemistry,9,1,Chemistry/10.1038_s41557-023-01429-1/crops/10.1038_s41557-023-01429-1__p009__b01.png
10.1038_s41557-023-01429-1__p014__b00,subfigure,10.1038_s41557-023-01429-1__p014__b00,10.1038_s41557-023-01429-1,10.1038_s41557-023-01429-1.pdf,Chemistry,14,0,Chemistry/10.1038_s41557-023-01429-1/crops/10.1038_s41557-023-01429-1__p014__b00.png
10.1038_s41557-023-01429-1__p014__b01,subfigure,10.1038_s41557-023-01429-1__p014__b01,10.1038_s41557-023-01429-1,10.1038_s41557-023-01429-1.pdf,Chemistry,14,1,Chemistry/10.1038_s41557-023-01429-1/crops/10.1038_s41557-023-01429-1__p014__b01.png
10.1038_s41557-023-01429-1__p015__b00,subfigure,10.1038_s41557-023-01429-1__p015__b00,10.1038_s41557-023-01429-1,10.1038_s41557-023-01429-1.pdf,Chemistry,15,0,Chemistry/10.1038_s41557-023-01429-1/crops/10.1038_s41557-023-01429-1__p015__b00.png
10.1038_s43246-024-00608-y__p002__b00,subfigure,10.1038_s43246-024-00608-y__p002__b00,10.1038_s43246-024-00608-y,10.1038_s43246-024-00608-y.pdf,Chemistry,2,0,Chemistry/10.1038_s43246-024-00608-y/crops/10.1038_s43246-024-00608-y__p002__b00.png
10.1038_s43246-024-00608-y__p003__b00,subfigure,10.1038_s43246-024-00608-y__p003__b00,10.1038_s43246-024-00608-y,10.1038_s43246-024-00608-y.pdf,Chemistry,3,0,Chemistry/10.1038_s43246-024-00608-y/crops/10.1038_s43246-024-00608-y__p003__b00.png
10.1038_s43246-024-00608-y__p005__b00,subfigure,10.1038_s43246-024-00608-y__p005__b00,10.1038_s43246-024-00608-y,10.1038_s43246-024-00608-y.pdf,Chemistry,5,0,Chemistry/10.1038_s43246-024-00608-y/crops/10.1038_s43246-024-00608-y__p005__b00.png
10.1126_science.adk5697__p005__b00,subfigure,10.1126_science.adk5697__p005__b00,10.1126_science.adk5697,10.1126_science.adk5697.pdf,Chemistry,5,0,Chemistry/10.1126_science.adk5697/crops/10.1126_science.adk5697__p005__b00.png
10.1126_science.adk5697__p007__b00,subfigure,10.1126_science.adk5697__p007__b00,10.1126_science.adk5697,10.1126_science.adk5697.pdf,Chemistry,7,0,Chemistry/10.1126_science.adk5697/crops/10.1126_science.adk5697__p007__b00.png
10.1126_science.adk5697__p007__b01,subfigure,10.1126_science.adk5697__p007__b01,10.1126_science.adk5697,10.1126_science.adk5697.pdf,Chemistry,7,1,Chemistry/10.1126_science.adk5697/crops/10.1126_science.adk5697__p007__b01.png
10.1126_science.adk5697__p007__b02,subfigure,10.1126_science.adk5697__p007__b02,10.1126_science.adk5697,10.1126_science.adk5697.pdf,Chemistry,7,2,Chemistry/10.1126_science.adk5697/crops/10.1126_science.adk5697__p007__b02.png
10.1126_science.adk5697__p007__b03,subfigure,10.1126_science.adk5697__p007__b03,10.1126_science.adk5697,10.1126_science.adk5697.pdf,Chemistry,7,3,Chemistry/10.1126_science.adk5697/crops/10.1126_science.adk5697__p007__b03.png
10.1126_science.adk5697__p008__b00,subfigure,10.1126_science.adk5697__p008__b00,10.1126_science.adk5697,10.1126_science.adk5697.pdf,Chemistry,8,0,Chemistry/10.1126_science.adk5697/crops/10.1126_science.adk5697__p008__b00.png
10.1126_science.adk5697__p008__b01,subfigure,10.1126_science.adk5697__p008__b01,10.1126_science.adk5697,10.1126_science.adk5697.pdf,Chemistry,8,1,Chemistry/10.1126_science.adk5697/crops/10.1126_science.adk5697__p008__b01.png
10.1126_science.adk5697__p008__b02,subfigure,10.1126_science.adk5697__p008__b02,10.1126_science.adk5697,10.1126_science.adk5697.pdf,Chemistry,8,2,Chemistry/10.1126_science.adk5697/crops/10.1126_science.adk5697__p008__b02.png
10.1126_science.adk5697__p011__b00,subfigure,10.1126_science.adk5697__p011__b00,10.1126_science.adk5697,10.1126_science.adk5697.pdf,Chemistry,11,0,Chemistry/10.1126_science.adk5697/crops/10.1126_science.adk5697__p011__b00.png
10.1126_science.adk5697__p011__b01,subfigure,10.1126_science.adk5697__p011__b01,10.1126_science.adk5697,10.1126_science.adk5697.pdf,Chemistry,11,1,Chemistry/10.1126_science.adk5697/crops/10.1126_science.adk5697__p011__b01.png
10.1126_science.adk5697__p011__b02,subfigure,10.1126_science.adk5697__p011__b02,10.1126_science.adk5697,10.1126_science.adk5697.pdf,Chemistry,11,2,Chemistry/10.1126_science.adk5697/crops/10.1126_science.adk5697__p011__b02.png
10.1126_science.adk5697__p012__b00,subfigure,10.1126_science.adk5697__p012__b00,10.1126_science.adk5697,10.1126_science.adk5697.pdf,Chemistry,12,0,Chemistry/10.1126_science.adk5697/crops/10.1126_science.adk5697__p012__b00.png
10.1126_science.adk5697__p012__b01,subfigure,10.1126_science.adk5697__p012__b01,10.1126_science.adk5697,10.1126_science.adk5697.pdf,Chemistry,12,1,Chemistry/10.1126_science.adk5697/crops/10.1126_science.adk5697__p012__b01.png
10.1126_science.adk5697__p012__b02,subfigure,10.1126_science.adk5697__p012__b02,10.1126_science.adk5697,10.1126_science.adk5697.pdf,Chemistry,12,2,Chemistry/10.1126_science.adk5697/crops/10.1126_science.adk5697__p012__b02.png
10.1126_science.adk5697__p012__b03,subfigure,10.1126_science.adk5697__p012__b03,10.1126_science.adk5697,10.1126_science.adk5697.pdf,Chemistry,12,3,Chemistry/10.1126_science.adk5697/crops/10.1126_science.adk5697__p012__b03.png
10.1126_science.adk5697__p012__b04,subfigure,10.1126_science.adk5697__p012__b04,10.1126_science.adk5697,10.1126_science.adk5697.pdf,Chemistry,12,4,Chemistry/10.1126_science.adk5697/crops/10.1126_science.adk5697__p012__b04.png
10.1038_s41586-025-09422-z__p002__b00,subfigure,10.1038_s41586-025-09422-z__p002__b00,10.1038_s41586-025-09422-z,10.1038_s41586-025-09422-z.pdf,Computer Science,2,0,Computer Science/10.1038_s41586-025-09422-z/crops/10.1038_s41586-025-09422-z__p002__b00.png
10.1038_s41586-025-09422-z__p002__b01,subfigure,10.1038_s41586-025-09422-z__p002__b01,10.1038_s41586-025-09422-z,10.1038_s41586-025-09422-z.pdf,Computer Science,2,1,Computer Science/10.1038_s41586-025-09422-z/crops/10.1038_s41586-025-09422-z__p002__b01.png
10.1038_s41586-025-09422-z__p003__b00,subfigure,10.1038_s41586-025-09422-z__p003__b00,10.1038_s41586-025-09422-z,10.1038_s41586-025-09422-z.pdf,Computer Science,3,0,Computer Science/10.1038_s41586-025-09422-z/crops/10.1038_s41586-025-09422-z__p003__b00.png
10.1038_s41586-025-09422-z__p003__b01,subfigure,10.1038_s41586-025-09422-z__p003__b01,10.1038_s41586-025-09422-z,10.1038_s41586-025-09422-z.pdf,Computer Science,3,1,Computer Science/10.1038_s41586-025-09422-z/crops/10.1038_s41586-025-09422-z__p003__b01.png
10.1038_s41586-025-09422-z__p003__b02,subfigure,10.1038_s41586-025-09422-z__p003__b02,10.1038_s41586-025-09422-z,10.1038_s41586-025-09422-z.pdf,Computer Science,3,2,Computer Science/10.1038_s41586-025-09422-z/crops/10.1038_s41586-025-09422-z__p003__b02.png
10.1038_s41586-025-09422-z__p009__b00,subfigure,10.1038_s41586-025-09422-z__p009__b00,10.1038_s41586-025-09422-z,10.1038_s41586-025-09422-z.pdf,Computer Science,9,0,Computer Science/10.1038_s41586-025-09422-z/crops/10.1038_s41586-025-09422-z__p009__b00.png
10.1038_s41586-025-09422-z__p009__b01,subfigure,10.1038_s41586-025-09422-z__p009__b01,10.1038_s41586-025-09422-z,10.1038_s41586-025-09422-z.pdf,Computer Science,9,1,Computer Science/10.1038_s41586-025-09422-z/crops/10.1038_s41586-025-09422-z__p009__b01.png
10.1038_s41586-025-09422-z__p010__b00,subfigure,10.1038_s41586-025-09422-z__p010__b00,10.1038_s41586-025-09422-z,10.1038_s41586-025-09422-z.pdf,Computer Science,10,0,Computer Science/10.1038_s41586-025-09422-z/crops/10.1038_s41586-025-09422-z__p010__b00.png
10.30574_gscarr.2024.18.2.0062__p001__b00,subfigure,10.30574_gscarr.2024.18.2.0062__p001__b00,10.30574_gscarr.2024.18.2.0062,10.30574_gscarr.2024.18.2.0062.pdf,Computer Science,1,0,Computer Science/10.30574_gscarr.2024.18.2.0062/crops/10.30574_gscarr.2024.18.2.0062__p001__b00.png
10.30574_gscarr.2024.18.2.0062__p003__b00,subfigure,10.30574_gscarr.2024.18.2.0062__p003__b00,10.30574_gscarr.2024.18.2.0062,10.30574_gscarr.2024.18.2.0062.pdf,Computer Science,3,0,Computer Science/10.30574_gscarr.2024.18.2.0062/crops/10.30574_gscarr.2024.18.2.0062__p003__b00.png
10.3389_fpsyg.2024.1268549__p006__b00,subfigure,10.3389_fpsyg.2024.1268549__p006__b00,10.3389_fpsyg.2024.1268549,10.3389_fpsyg.2024.1268549.pdf,Computer Science,6,0,Computer Science/10.3389_fpsyg.2024.1268549/crops/10.3389_fpsyg.2024.1268549__p006__b00.png
10.3389_fpsyg.2024.1268549__p007__b00,subfigure,10.3389_fpsyg.2024.1268549__p007__b00,10.3389_fpsyg.2024.1268549,10.3389_fpsyg.2024.1268549.pdf,Computer Science,7,0,Computer Science/10.3389_fpsyg.2024.1268549/crops/10.3389_fpsyg.2024.1268549__p007__b00.png
10.3389_fpsyg.2024.1268549__p008__b00,subfigure,10.3389_fpsyg.2024.1268549__p008__b00,10.3389_fpsyg.2024.1268549,10.3389_fpsyg.2024.1268549.pdf,Computer Science,8,0,Computer Science/10.3389_fpsyg.2024.1268549/crops/10.3389_fpsyg.2024.1268549__p008__b00.png
10.3389_fpsyg.2024.1268549__p009__b00,subfigure,10.3389_fpsyg.2024.1268549__p009__b00,10.3389_fpsyg.2024.1268549,10.3389_fpsyg.2024.1268549.pdf,Computer Science,9,0,Computer Science/10.3389_fpsyg.2024.1268549/crops/10.3389_fpsyg.2024.1268549__p009__b00.png
10.3389_fpsyg.2024.1268549__p010__b00,subfigure,10.3389_fpsyg.2024.1268549__p010__b00,10.3389_fpsyg.2024.1268549,10.3389_fpsyg.2024.1268549.pdf,Computer Science,10,0,Computer Science/10.3389_fpsyg.2024.1268549/crops/10.3389_fpsyg.2024.1268549__p010__b00.png
10.3389_fpsyg.2024.1268549__p011__b00,subfigure,10.3389_fpsyg.2024.1268549__p011__b00,10.3389_fpsyg.2024.1268549,10.3389_fpsyg.2024.1268549.pdf,Computer Science,11,0,Computer Science/10.3389_fpsyg.2024.1268549/crops/10.3389_fpsyg.2024.1268549__p011__b00.png
10.3389_fpsyg.2024.1268549__p012__b00,subfigure,10.3389_fpsyg.2024.1268549__p012__b00,10.3389_fpsyg.2024.1268549,10.3389_fpsyg.2024.1268549.pdf,Computer Science,12,0,Computer Science/10.3389_fpsyg.2024.1268549/crops/10.3389_fpsyg.2024.1268549__p012__b00.png
10.38124_ijisrt_ijisrt24may207__p003__b00,subfigure,10.38124_ijisrt_ijisrt24may207__p003__b00,10.38124_ijisrt_ijisrt24may207,10.38124_ijisrt_ijisrt24may207.pdf,Computer Science,3,0,Computer Science/10.38124_ijisrt_ijisrt24may207/crops/10.38124_ijisrt_ijisrt24may207__p003__b00.png
10.38124_ijisrt_ijisrt24may207__p004__b00,subfigure,10.38124_ijisrt_ijisrt24may207__p004__b00,10.38124_ijisrt_ijisrt24may207,10.38124_ijisrt_ijisrt24may207.pdf,Computer Science,4,0,Computer Science/10.38124_ijisrt_ijisrt24may207/crops/10.38124_ijisrt_ijisrt24may207__p004__b00.png
10.57702_jb3fvbn9__p002__b00,subfigure,10.57702_jb3fvbn9__p002__b00,10.57702_jb3fvbn9,10.57702_jb3fvbn9.pdf,Computer Science,2,0,Computer Science/10.57702_jb3fvbn9/crops/10.57702_jb3fvbn9__p002__b00.png
10.57702_jb3fvbn9__p004__b00,subfigure,10.57702_jb3fvbn9__p004__b00,10.57702_jb3fvbn9,10.57702_jb3fvbn9.pdf,Computer Science,4,0,Computer Science/10.57702_jb3fvbn9/crops/10.57702_jb3fvbn9__p004__b00.png
10.61468_jofdl.v15i2.64__p001__b00,subfigure,10.61468_jofdl.v15i2.64__p001__b00,10.61468_jofdl.v15i2.64,10.61468_jofdl.v15i2.64.pdf,Computer Science,1,0,Computer Science/10.61468_jofdl.v15i2.64/crops/10.61468_jofdl.v15i2.64__p001__b00.png
10.61468_jofdl.v15i2.64__p002__b00,subfigure,10.61468_jofdl.v15i2.64__p002__b00,10.61468_jofdl.v15i2.64,10.61468_jofdl.v15i2.64.pdf,Computer Science,2,0,Computer Science/10.61468_jofdl.v15i2.64/crops/10.61468_jofdl.v15i2.64__p002__b00.png
10.61468_jofdl.v15i2.64__p005__b00,subfigure,10.61468_jofdl.v15i2.64__p005__b00,10.61468_jofdl.v15i2.64,10.61468_jofdl.v15i2.64.pdf,Computer Science,5,0,Computer Science/10.61468_jofdl.v15i2.64/crops/10.61468_jofdl.v15i2.64__p005__b00.png
10.61468_jofdl.v15i2.64__p006__b00,subfigure,10.61468_jofdl.v15i2.64__p006__b00,10.61468_jofdl.v15i2.64,10.61468_jofdl.v15i2.64.pdf,Computer Science,6,0,Computer Science/10.61468_jofdl.v15i2.64/crops/10.61468_jofdl.v15i2.64__p006__b00.png
10.1038_s41524-024-01214-9__p002__b00,subfigure,10.1038_s41524-024-01214-9__p002__b00,10.1038_s41524-024-01214-9,10.1038_s41524-024-01214-9.pdf,Earth and Planetary Sciences,2,0,Earth and Planetary Sciences/10.1038_s41524-024-01214-9/crops/10.1038_s41524-024-01214-9__p002__b00.png
10.1038_s41524-024-01214-9__p002__b01,subfigure,10.1038_s41524-024-01214-9__p002__b01,10.1038_s41524-024-01214-9,10.1038_s41524-024-01214-9.pdf,Earth and Planetary Sciences,2,1,Earth and Planetary Sciences/10.1038_s41524-024-01214-9/crops/10.1038_s41524-024-01214-9__p002__b01.png
10.1038_s41524-024-01214-9__p003__b00,subfigure,10.1038_s41524-024-01214-9__p003__b00,10.1038_s41524-024-01214-9,10.1038_s41524-024-01214-9.pdf,Earth and Planetary Sciences,3,0,Earth and Planetary Sciences/10.1038_s41524-024-01214-9/crops/10.1038_s41524-024-01214-9__p003__b00.png
10.1038_s41524-024-01214-9__p003__b01,subfigure,10.1038_s41524-024-01214-9__p003__b01,10.1038_s41524-024-01214-9,10.1038_s41524-024-01214-9.pdf,Earth and Planetary Sciences,3,1,Earth and Planetary Sciences/10.1038_s41524-024-01214-9/crops/10.1038_s41524-024-01214-9__p003__b01.png
10.1038_s41524-024-01214-9__p003__b02,subfigure,10.1038_s41524-024-01214-9__p003__b02,10.1038_s41524-024-01214-9,10.1038_s41524-024-01214-9.pdf,Earth and Planetary Sciences,3,2,Earth and Planetary Sciences/10.1038_s41524-024-01214-9/crops/10.1038_s41524-024-01214-9__p003__b02.png
10.1038_s41524-024-01214-9__p003__b03,subfigure,10.1038_s41524-024-01214-9__p003__b03,10.1038_s41524-024-01214-9,10.1038_s41524-024-01214-9.pdf,Earth and Planetary Sciences,3,3,Earth and Planetary Sciences/10.1038_s41524-024-01214-9/crops/10.1038_s41524-024-01214-9__p003__b03.png
10.1038_s41524-024-01214-9__p004__b00,subfigure,10.1038_s41524-024-01214-9__p004__b00,10.1038_s41524-024-01214-9,10.1038_s41524-024-01214-9.pdf,Earth and Planetary Sciences,4,0,Earth and Planetary Sciences/10.1038_s41524-024-01214-9/crops/10.1038_s41524-024-01214-9__p004__b00.png
10.1038_s41524-024-01214-9__p004__b01,subfigure,10.1038_s41524-024-01214-9__p004__b01,10.1038_s41524-024-01214-9,10.1038_s41524-024-01214-9.pdf,Earth and Planetary Sciences,4,1,Earth and Planetary Sciences/10.1038_s41524-024-01214-9/crops/10.1038_s41524-024-01214-9__p004__b01.png
10.1038_s41524-024-01214-9__p004__b02,subfigure,10.1038_s41524-024-01214-9__p004__b02,10.1038_s41524-024-01214-9,10.1038_s41524-024-01214-9.pdf,Earth and Planetary Sciences,4,2,Earth and Planetary Sciences/10.1038_s41524-024-01214-9/crops/10.1038_s41524-024-01214-9__p004__b02.png
10.1038_s41524-024-01214-9__p004__b03,subfigure,10.1038_s41524-024-01214-9__p004__b03,10.1038_s41524-024-01214-9,10.1038_s41524-024-01214-9.pdf,Earth and Planetary Sciences,4,3,Earth and Planetary Sciences/10.1038_s41524-024-01214-9/crops/10.1038_s41524-024-01214-9__p004__b03.png
10.1038_s41524-024-01214-9__p004__b04,subfigure,10.1038_s41524-024-01214-9__p004__b04,10.1038_s41524-024-01214-9,10.1038_s41524-024-01214-9.pdf,Earth and Planetary Sciences,4,4,Earth and Planetary Sciences/10.1038_s41524-024-01214-9/crops/10.1038_s41524-024-01214-9__p004__b04.png
10.1038_s41524-024-01214-9__p004__b05,subfigure,10.1038_s41524-024-01214-9__p004__b05,10.1038_s41524-024-01214-9,10.1038_s41524-024-01214-9.pdf,Earth and Planetary Sciences,4,5,Earth and Planetary Sciences/10.1038_s41524-024-01214-9/crops/10.1038_s41524-024-01214-9__p004__b05.png
10.1038_s41524-024-01214-9__p004__b06,subfigure,10.1038_s41524-024-01214-9__p004__b06,10.1038_s41524-024-01214-9,10.1038_s41524-024-01214-9.pdf,Earth and Planetary Sciences,4,6,Earth and Planetary Sciences/10.1038_s41524-024-01214-9/crops/10.1038_s41524-024-01214-9__p004__b06.png
10.1038_s41524-024-01214-9__p004__b07,subfigure,10.1038_s41524-024-01214-9__p004__b07,10.1038_s41524-024-01214-9,10.1038_s41524-024-01214-9.pdf,Earth and Planetary Sciences,4,7,Earth and Planetary Sciences/10.1038_s41524-024-01214-9/crops/10.1038_s41524-024-01214-9__p004__b07.png
10.1038_s41524-024-01214-9__p004__b08,subfigure,10.1038_s41524-024-01214-9__p004__b08,10.1038_s41524-024-01214-9,10.1038_s41524-024-01214-9.pdf,Earth and Planetary Sciences,4,8,Earth and Planetary Sciences/10.1038_s41524-024-01214-9/crops/10.1038_s41524-024-01214-9__p004__b08.png
10.1038_s41524-024-01214-9__p004__b09,subfigure,10.1038_s41524-024-01214-9__p004__b09,10.1038_s41524-024-01214-9,10.1038_s41524-024-01214-9.pdf,Earth and Planetary Sciences,4,9,Earth and Planetary Sciences/10.1038_s41524-024-01214-9/crops/10.1038_s41524-024-01214-9__p004__b09.png
10.1038_s41524-024-01214-9__p004__b10,subfigure,10.1038_s41524-024-01214-9__p004__b10,10.1038_s41524-024-01214-9,10.1038_s41524-024-01214-9.pdf,Earth and Planetary Sciences,4,10,Earth and Planetary Sciences/10.1038_s41524-024-01214-9/crops/10.1038_s41524-024-01214-9__p004__b10.png
10.1038_s41524-024-01214-9__p005__b00,subfigure,10.1038_s41524-024-01214-9__p005__b00,10.1038_s41524-024-01214-9,10.1038_s41524-024-01214-9.pdf,Earth and Planetary Sciences,5,0,Earth and Planetary Sciences/10.1038_s41524-024-01214-9/crops/10.1038_s41524-024-01214-9__p005__b00.png
10.1038_s41561-023-01354-5__p018__b00,subfigure,10.1038_s41561-023-01354-5__p018__b00,10.1038_s41561-023-01354-5,10.1038_s41561-023-01354-5.pdf,Earth and Planetary Sciences,18,0,Earth and Planetary Sciences/10.1038_s41561-023-01354-5/crops/10.1038_s41561-023-01354-5__p018__b00.png
10.1038_s41561-023-01354-5__p018__b01,subfigure,10.1038_s41561-023-01354-5__p018__b01,10.1038_s41561-023-01354-5,10.1038_s41561-023-01354-5.pdf,Earth and Planetary Sciences,18,1,Earth and Planetary Sciences/10.1038_s41561-023-01354-5/crops/10.1038_s41561-023-01354-5__p018__b01.png
10.1038_s41561-023-01354-5__p018__b02,subfigure,10.1038_s41561-023-01354-5__p018__b02,10.1038_s41561-023-01354-5,10.1038_s41561-023-01354-5.pdf,Earth and Planetary Sciences,18,2,Earth and Planetary Sciences/10.1038_s41561-023-01354-5/crops/10.1038_s41561-023-01354-5__p018__b02.png
10.1038_s41561-023-01354-5__p018__b03,subfigure,10.1038_s41561-023-01354-5__p018__b03,10.1038_s41561-023-01354-5,10.1038_s41561-023-01354-5.pdf,Earth and Planetary Sciences,18,3,Earth and Planetary Sciences/10.1038_s41561-023-01354-5/crops/10.1038_s41561-023-01354-5__p018__b03.png
10.1038_s41561-023-01354-5__p019__b00,subfigure,10.1038_s41561-023-01354-5__p019__b00,10.1038_s41561-023-01354-5,10.1038_s41561-023-01354-5.pdf,Earth and Planetary Sciences,19,0,Earth and Planetary Sciences/10.1038_s41561-023-01354-5/crops/10.1038_s41561-023-01354-5__p019__b00.png
10.1038_s41561-023-01354-5__p019__b01,subfigure,10.1038_s41561-023-01354-5__p019__b01,10.1038_s41561-023-01354-5,10.1038_s41561-023-01354-5.pdf,Earth and Planetary Sciences,19,1,Earth and Planetary Sciences/10.1038_s41561-023-01354-5/crops/10.1038_s41561-023-01354-5__p019__b01.png
10.1038_s41561-023-01354-5__p020__b00,subfigure,10.1038_s41561-023-01354-5__p020__b00,10.1038_s41561-023-01354-5,10.1038_s41561-023-01354-5.pdf,Earth and Planetary Sciences,20,0,Earth and Planetary Sciences/10.1038_s41561-023-01354-5/crops/10.1038_s41561-023-01354-5__p020__b00.png
10.1038_s41561-023-01354-5__p020__b01,subfigure,10.1038_s41561-023-01354-5__p020__b01,10.1038_s41561-023-01354-5,10.1038_s41561-023-01354-5.pdf,Earth and Planetary Sciences,20,1,Earth and Planetary Sciences/10.1038_s41561-023-01354-5/crops/10.1038_s41561-023-01354-5__p020__b01.png
10.1038_s41561-023-01354-5__p020__b02,subfigure,10.1038_s41561-023-01354-5__p020__b02,10.1038_s41561-023-01354-5,10.1038_s41561-023-01354-5.pdf,Earth and Planetary Sciences,20,2,Earth and Planetary Sciences/10.1038_s41561-023-01354-5/crops/10.1038_s41561-023-01354-5__p020__b02.png
10.1038_s41561-023-01354-5__p021__b00,subfigure,10.1038_s41561-023-01354-5__p021__b00,10.1038_s41561-023-01354-5,10.1038_s41561-023-01354-5.pdf,Earth and Planetary Sciences,21,0,Earth and Planetary Sciences/10.1038_s41561-023-01354-5/crops/10.1038_s41561-023-01354-5__p021__b00.png
10.1038_s41561-023-01354-5__p021__b01,subfigure,10.1038_s41561-023-01354-5__p021__b01,10.1038_s41561-023-01354-5,10.1038_s41561-023-01354-5.pdf,Earth and Planetary Sciences,21,1,Earth and Planetary Sciences/10.1038_s41561-023-01354-5/crops/10.1038_s41561-023-01354-5__p021__b01.png
10.1038_s41592-025-02751-x__p002__b00,subfigure,10.1038_s41592-025-02751-x__p002__b00,10.1038_s41592-025-02751-x,10.1038_s41592-025-02751-x.pdf,Earth and Planetary Sciences,2,0,Earth and Planetary Sciences/10.1038_s41592-025-02751-x/crops/10.1038_s41592-025-02751-x__p002__b00.png
10.1038_s41592-025-02751-x__p002__b01,subfigure,10.1038_s41592-025-02751-x__p002__b01,10.1038_s41592-025-02751-x,10.1038_s41592-025-02751-x.pdf,Earth and Planetary Sciences,2,1,Earth and Planetary Sciences/10.1038_s41592-025-02751-x/crops/10.1038_s41592-025-02751-x__p002__b01.png
10.1038_s41592-025-02751-x__p002__b02,subfigure,10.1038_s41592-025-02751-x__p002__b02,10.1038_s41592-025-02751-x,10.1038_s41592-025-02751-x.pdf,Earth and Planetary Sciences,2,2,Earth and Planetary Sciences/10.1038_s41592-025-02751-x/crops/10.1038_s41592-025-02751-x__p002__b02.png
10.1038_s41592-025-02751-x__p002__b03,subfigure,10.1038_s41592-025-02751-x__p002__b03,10.1038_s41592-025-02751-x,10.1038_s41592-025-02751-x.pdf,Earth and Planetary Sciences,2,3,Earth and Planetary Sciences/10.1038_s41592-025-02751-x/crops/10.1038_s41592-025-02751-x__p002__b03.png
10.1038_s41592-025-02751-x__p002__b04,subfigure,10.1038_s41592-025-02751-x__p002__b04,10.1038_s41592-025-02751-x,10.1038_s41592-025-02751-x.pdf,Earth and Planetary Sciences,2,4,Earth and Planetary Sciences/10.1038_s41592-025-02751-x/crops/10.1038_s41592-025-02751-x__p002__b04.png
10.1038_s41592-025-02751-x__p002__b05,subfigure,10.1038_s41592-025-02751-x__p002__b05,10.1038_s41592-025-02751-x,10.1038_s41592-025-02751-x.pdf,Earth and Planetary Sciences,2,5,Earth and Planetary Sciences/10.1038_s41592-025-02751-x/crops/10.1038_s41592-025-02751-x__p002__b05.png
10.1038_s41592-025-02751-x__p012__b00,subfigure,10.1038_s41592-025-02751-x__p012__b00,10.1038_s41592-025-02751-x,10.1038_s41592-025-02751-x.pdf,Earth and Planetary Sciences,12,0,Earth and Planetary Sciences/10.1038_s41592-025-02751-x/crops/10.1038_s41592-025-02751-x__p012__b00.png
10.1038_s41592-025-02751-x__p013__b00,subfigure,10.1038_s41592-025-02751-x__p013__b00,10.1038_s41592-025-02751-x,10.1038_s41592-025-02751-x.pdf,Earth and Planetary Sciences,13,0,Earth and Planetary Sciences/10.1038_s41592-025-02751-x/crops/10.1038_s41592-025-02751-x__p013__b00.png
10.1038_s44221-024-00194-w__p002__b00,subfigure,10.1038_s44221-024-00194-w__p002__b00,10.1038_s44221-024-00194-w,10.1038_s44221-024-00194-w.pdf,Earth and Planetary Sciences,2,0,Earth and Planetary Sciences/10.1038_s44221-024-00194-w/crops/10.1038_s44221-024-00194-w__p002__b00.png
10.1038_s44221-024-00194-w__p003__b00,subfigure,10.1038_s44221-024-00194-w__p003__b00,10.1038_s44221-024-00194-w,10.1038_s44221-024-00194-w.pdf,Earth and Planetary Sciences,3,0,Earth and Planetary Sciences/10.1038_s44221-024-00194-w/crops/10.1038_s44221-024-00194-w__p003__b00.png
10.1038_s44221-024-00194-w__p003__b01,subfigure,10.1038_s44221-024-00194-w__p003__b01,10.1038_s44221-024-00194-w,10.1038_s44221-024-00194-w.pdf,Earth and Planetary Sciences,3,1,Earth and Planetary Sciences/10.1038_s44221-024-00194-w/crops/10.1038_s44221-024-00194-w__p003__b01.png
10.1038_s44221-024-00194-w__p003__b02,subfigure,10.1038_s44221-024-00194-w__p003__b02,10.1038_s44221-024-00194-w,10.1038_s44221-024-00194-w.pdf,Earth and Planetary Sciences,3,2,Earth and Planetary Sciences/10.1038_s44221-024-00194-w/crops/10.1038_s44221-024-00194-w__p003__b02.png
10.1038_s44221-024-00194-w__p003__b03,subfigure,10.1038_s44221-024-00194-w__p003__b03,10.1038_s44221-024-00194-w,10.1038_s44221-024-00194-w.pdf,Earth and Planetary Sciences,3,3,Earth and Planetary Sciences/10.1038_s44221-024-00194-w/crops/10.1038_s44221-024-00194-w__p003__b03.png
10.1038_s44221-024-00194-w__p003__b04,subfigure,10.1038_s44221-024-00194-w__p003__b04,10.1038_s44221-024-00194-w,10.1038_s44221-024-00194-w.pdf,Earth and Planetary Sciences,3,4,Earth and Planetary Sciences/10.1038_s44221-024-00194-w/crops/10.1038_s44221-024-00194-w__p003__b04.png
10.1038_s44221-024-00194-w__p003__b05,subfigure,10.1038_s44221-024-00194-w__p003__b05,10.1038_s44221-024-00194-w,10.1038_s44221-024-00194-w.pdf,Earth and Planetary Sciences,3,5,Earth and Planetary Sciences/10.1038_s44221-024-00194-w/crops/10.1038_s44221-024-00194-w__p003__b05.png
10.1038_s44221-024-00194-w__p003__b06,subfigure,10.1038_s44221-024-00194-w__p003__b06,10.1038_s44221-024-00194-w,10.1038_s44221-024-00194-w.pdf,Earth and Planetary Sciences,3,6,Earth and Planetary Sciences/10.1038_s44221-024-00194-w/crops/10.1038_s44221-024-00194-w__p003__b06.png
10.1038_s44221-024-00194-w__p003__b07,subfigure,10.1038_s44221-024-00194-w__p003__b07,10.1038_s44221-024-00194-w,10.1038_s44221-024-00194-w.pdf,Earth and Planetary Sciences,3,7,Earth and Planetary Sciences/10.1038_s44221-024-00194-w/crops/10.1038_s44221-024-00194-w__p003__b07.png
10.1038_s44221-024-00194-w__p003__b08,subfigure,10.1038_s44221-024-00194-w__p003__b08,10.1038_s44221-024-00194-w,10.1038_s44221-024-00194-w.pdf,Earth and Planetary Sciences,3,8,Earth and Planetary Sciences/10.1038_s44221-024-00194-w/crops/10.1038_s44221-024-00194-w__p003__b08.png
10.1038_s44221-024-00194-w__p003__b09,subfigure,10.1038_s44221-024-00194-w__p003__b09,10.1038_s44221-024-00194-w,10.1038_s44221-024-00194-w.pdf,Earth and Planetary Sciences,3,9,Earth and Planetary Sciences/10.1038_s44221-024-00194-w/crops/10.1038_s44221-024-00194-w__p003__b09.png
10.1038_s44221-024-00194-w__p003__b10,subfigure,10.1038_s44221-024-00194-w__p003__b10,10.1038_s44221-024-00194-w,10.1038_s44221-024-00194-w.pdf,Earth and Planetary Sciences,3,10,Earth and Planetary Sciences/10.1038_s44221-024-00194-w/crops/10.1038_s44221-024-00194-w__p003__b10.png
10.1038_s44221-024-00194-w__p003__b11,subfigure,10.1038_s44221-024-00194-w__p003__b11,10.1038_s44221-024-00194-w,10.1038_s44221-024-00194-w.pdf,Earth and Planetary Sciences,3,11,Earth and Planetary Sciences/10.1038_s44221-024-00194-w/crops/10.1038_s44221-024-00194-w__p003__b11.png
10.1038_s44221-024-00194-w__p004__b00,subfigure,10.1038_s44221-024-00194-w__p004__b00,10.1038_s44221-024-00194-w,10.1038_s44221-024-00194-w.pdf,Earth and Planetary Sciences,4,0,Earth and Planetary Sciences/10.1038_s44221-024-00194-w/crops/10.1038_s44221-024-00194-w__p004__b00.png
10.1038_s44221-024-00194-w__p004__b01,subfigure,10.1038_s44221-024-00194-w__p004__b01,10.1038_s44221-024-00194-w,10.1038_s44221-024-00194-w.pdf,Earth and Planetary Sciences,4,1,Earth and Planetary Sciences/10.1038_s44221-024-00194-w/crops/10.1038_s44221-024-00194-w__p004__b01.png
10.1038_s44221-024-00194-w__p005__b00,subfigure,10.1038_s44221-024-00194-w__p005__b00,10.1038_s44221-024-00194-w,10.1038_s44221-024-00194-w.pdf,Earth and Planetary Sciences,5,0,Earth and Planetary Sciences/10.1038_s44221-024-00194-w/crops/10.1038_s44221-024-00194-w__p005__b00.png
10.1038_s44221-024-00194-w__p005__b01,subfigure,10.1038_s44221-024-00194-w__p005__b01,10.1038_s44221-024-00194-w,10.1038_s44221-024-00194-w.pdf,Earth and Planetary Sciences,5,1,Earth and Planetary Sciences/10.1038_s44221-024-00194-w/crops/10.1038_s44221-024-00194-w__p005__b01.png
10.1038_s44221-024-00194-w__p005__b02,subfigure,10.1038_s44221-024-00194-w__p005__b02,10.1038_s44221-024-00194-w,10.1038_s44221-024-00194-w.pdf,Earth and Planetary Sciences,5,2,Earth and Planetary Sciences/10.1038_s44221-024-00194-w/crops/10.1038_s44221-024-00194-w__p005__b02.png
10.1038_s44221-024-00194-w__p005__b03,subfigure,10.1038_s44221-024-00194-w__p005__b03,10.1038_s44221-024-00194-w,10.1038_s44221-024-00194-w.pdf,Earth and Planetary Sciences,5,3,Earth and Planetary Sciences/10.1038_s44221-024-00194-w/crops/10.1038_s44221-024-00194-w__p005__b03.png
10.1038_s44221-024-00194-w__p005__b04,subfigure,10.1038_s44221-024-00194-w__p005__b04,10.1038_s44221-024-00194-w,10.1038_s44221-024-00194-w.pdf,Earth and Planetary Sciences,5,4,Earth and Planetary Sciences/10.1038_s44221-024-00194-w/crops/10.1038_s44221-024-00194-w__p005__b04.png
10.1038_s44221-024-00194-w__p005__b05,subfigure,10.1038_s44221-024-00194-w__p005__b05,10.1038_s44221-024-00194-w,10.1038_s44221-024-00194-w.pdf,Earth and Planetary Sciences,5,5,Earth and Planetary Sciences/10.1038_s44221-024-00194-w/crops/10.1038_s44221-024-00194-w__p005__b05.png
10.1038_s44221-024-00194-w__p005__b06,subfigure,10.1038_s44221-024-00194-w__p005__b06,10.1038_s44221-024-00194-w,10.1038_s44221-024-00194-w.pdf,Earth and Planetary Sciences,5,6,Earth and Planetary Sciences/10.1038_s44221-024-00194-w/crops/10.1038_s44221-024-00194-w__p005__b06.png
10.1038_s44221-024-00194-w__p005__b07,subfigure,10.1038_s44221-024-00194-w__p005__b07,10.1038_s44221-024-00194-w,10.1038_s44221-024-00194-w.pdf,Earth and Planetary Sciences,5,7,Earth and Planetary Sciences/10.1038_s44221-024-00194-w/crops/10.1038_s44221-024-00194-w__p005__b07.png
10.1038_s44221-024-00194-w__p005__b08,subfigure,10.1038_s44221-024-00194-w__p005__b08,10.1038_s44221-024-00194-w,10.1038_s44221-024-00194-w.pdf,Earth and Planetary Sciences,5,8,Earth and Planetary Sciences/10.1038_s44221-024-00194-w/crops/10.1038_s44221-024-00194-w__p005__b08.png
10.1038_s44221-024-00194-w__p005__b09,subfigure,10.1038_s44221-024-00194-w__p005__b09,10.1038_s44221-024-00194-w,10.1038_s44221-024-00194-w.pdf,Earth and Planetary Sciences,5,9,Earth and Planetary Sciences/10.1038_s44221-024-00194-w/crops/10.1038_s44221-024-00194-w__p005__b09.png
10.1038_s44221-024-00194-w__p005__b10,subfigure,10.1038_s44221-024-00194-w__p005__b10,10.1038_s44221-024-00194-w,10.1038_s44221-024-00194-w.pdf,Earth and Planetary Sciences,5,10,Earth and Planetary Sciences/10.1038_s44221-024-00194-w/crops/10.1038_s44221-024-00194-w__p005__b10.png
10.1038_s44221-024-00194-w__p006__b00,subfigure,10.1038_s44221-024-00194-w__p006__b00,10.1038_s44221-024-00194-w,10.1038_s44221-024-00194-w.pdf,Earth and Planetary Sciences,6,0,Earth and Planetary Sciences/10.1038_s44221-024-00194-w/crops/10.1038_s44221-024-00194-w__p006__b00.png
10.1038_s44221-024-00194-w__p006__b01,subfigure,10.1038_s44221-024-00194-w__p006__b01,10.1038_s44221-024-00194-w,10.1038_s44221-024-00194-w.pdf,Earth and Planetary Sciences,6,1,Earth and Planetary Sciences/10.1038_s44221-024-00194-w/crops/10.1038_s44221-024-00194-w__p006__b01.png
10.1038_s44221-024-00194-w__p006__b02,subfigure,10.1038_s44221-024-00194-w__p006__b02,10.1038_s44221-024-00194-w,10.1038_s44221-024-00194-w.pdf,Earth and Planetary Sciences,6,2,Earth and Planetary Sciences/10.1038_s44221-024-00194-w/crops/10.1038_s44221-024-00194-w__p006__b02.png
10.1038_s44221-024-00194-w__p006__b03,subfigure,10.1038_s44221-024-00194-w__p006__b03,10.1038_s44221-024-00194-w,10.1038_s44221-024-00194-w.pdf,Earth and Planetary Sciences,6,3,Earth and Planetary Sciences/10.1038_s44221-024-00194-w/crops/10.1038_s44221-024-00194-w__p006__b03.png
10.1038_s44221-024-00194-w__p006__b04,subfigure,10.1038_s44221-024-00194-w__p006__b04,10.1038_s44221-024-00194-w,10.1038_s44221-024-00194-w.pdf,Earth and Planetary Sciences,6,4,Earth and Planetary Sciences/10.1038_s44221-024-00194-w/crops/10.1038_s44221-024-00194-w__p006__b04.png
10.1038_s44221-024-00194-w__p006__b05,subfigure,10.1038_s44221-024-00194-w__p006__b05,10.1038_s44221-024-00194-w,10.1038_s44221-024-00194-w.pdf,Earth and Planetary Sciences,6,5,Earth and Planetary Sciences/10.1038_s44221-024-00194-w/crops/10.1038_s44221-024-00194-w__p006__b05.png
10.1038_s44221-024-00194-w__p006__b06,subfigure,10.1038_s44221-024-00194-w__p006__b06,10.1038_s44221-024-00194-w,10.1038_s44221-024-00194-w.pdf,Earth and Planetary Sciences,6,6,Earth and Planetary Sciences/10.1038_s44221-024-00194-w/crops/10.1038_s44221-024-00194-w__p006__b06.png
10.1038_s44221-024-00194-w__p006__b07,subfigure,10.1038_s44221-024-00194-w__p006__b07,10.1038_s44221-024-00194-w,10.1038_s44221-024-00194-w.pdf,Earth and Planetary Sciences,6,7,Earth and Planetary Sciences/10.1038_s44221-024-00194-w/crops/10.1038_s44221-024-00194-w__p006__b07.png
10.1038_s44221-024-00194-w__p006__b08,subfigure,10.1038_s44221-024-00194-w__p006__b08,10.1038_s44221-024-00194-w,10.1038_s44221-024-00194-w.pdf,Earth and Planetary Sciences,6,8,Earth and Planetary Sciences/10.1038_s44221-024-00194-w/crops/10.1038_s44221-024-00194-w__p006__b08.png
10.1038_s44221-024-00194-w__p006__b09,subfigure,10.1038_s44221-024-00194-w__p006__b09,10.1038_s44221-024-00194-w,10.1038_s44221-024-00194-w.pdf,Earth and Planetary Sciences,6,9,Earth and Planetary Sciences/10.1038_s44221-024-00194-w/crops/10.1038_s44221-024-00194-w__p006__b09.png
10.1038_s44221-024-00194-w__p006__b10,subfigure,10.1038_s44221-024-00194-w__p006__b10,10.1038_s44221-024-00194-w,10.1038_s44221-024-00194-w.pdf,Earth and Planetary Sciences,6,10,Earth and Planetary Sciences/10.1038_s44221-024-00194-w/crops/10.1038_s44221-024-00194-w__p006__b10.png
10.1038_s44221-024-00194-w__p006__b11,subfigure,10.1038_s44221-024-00194-w__p006__b11,10.1038_s44221-024-00194-w,10.1038_s44221-024-00194-w.pdf,Earth and Planetary Sciences,6,11,Earth and Planetary Sciences/10.1038_s44221-024-00194-w/crops/10.1038_s44221-024-00194-w__p006__b11.png
10.1038_s44221-024-00194-w__p013__b00,subfigure,10.1038_s44221-024-00194-w__p013__b00,10.1038_s44221-024-00194-w,10.1038_s44221-024-00194-w.pdf,Earth and Planetary Sciences,13,0,Earth and Planetary Sciences/10.1038_s44221-024-00194-w/crops/10.1038_s44221-024-00194-w__p013__b00.png
10.1126_science.ads4105__p001__b00,subfigure,10.1126_science.ads4105__p001__b00,10.1126_science.ads4105,10.1126_science.ads4105.pdf,Earth and Planetary Sciences,1,0,Earth and Planetary Sciences/10.1126_science.ads4105/crops/10.1126_science.ads4105__p001__b00.png
10.1126_science.ads4105__p002__b00,subfigure,10.1126_science.ads4105__p002__b00,10.1126_science.ads4105,10.1126_science.ads4105.pdf,Earth and Planetary Sciences,2,0,Earth and Planetary Sciences/10.1126_science.ads4105/crops/10.1126_science.ads4105__p002__b00.png
10.1126_science.ads4105__p003__b00,subfigure,10.1126_science.ads4105__p003__b00,10.1126_science.ads4105,10.1126_science.ads4105.pdf,Earth and Planetary Sciences,3,0,Earth and Planetary Sciences/10.1126_science.ads4105/crops/10.1126_science.ads4105__p003__b00.png
10.1126_science.ads4105__p003__b01,subfigure,10.1126_science.ads4105__p003__b01,10.1126_science.ads4105,10.1126_science.ads4105.pdf,Earth and Planetary Sciences,3,1,Earth and Planetary Sciences/10.1126_science.ads4105/crops/10.1126_science.ads4105__p003__b01.png
10.1126_science.ads4105__p003__b02,subfigure,10.1126_science.ads4105__p003__b02,10.1126_science.ads4105,10.1126_science.ads4105.pdf,Earth and Planetary Sciences,3,2,Earth and Planetary Sciences/10.1126_science.ads4105/crops/10.1126_science.ads4105__p003__b02.png
10.1126_science.ads4105__p003__b03,subfigure,10.1126_science.ads4105__p003__b03,10.1126_science.ads4105,10.1126_science.ads4105.pdf,Earth and Planetary Sciences,3,3,Earth and Planetary Sciences/10.1126_science.ads4105/crops/10.1126_science.ads4105__p003__b03.png
10.1126_science.ads4105__p004__b00,subfigure,10.1126_science.ads4105__p004__b00,10.1126_science.ads4105,10.1126_science.ads4105.pdf,Earth and Planetary Sciences,4,0,Earth and Planetary Sciences/10.1126_science.ads4105/crops/10.1126_science.ads4105__p004__b00.png
10.1126_science.ads4105__p004__b01,subfigure,10.1126_science.ads4105__p004__b01,10.1126_science.ads4105,10.1126_science.ads4105.pdf,Earth and Planetary Sciences,4,1,Earth and Planetary Sciences/10.1126_science.ads4105/crops/10.1126_science.ads4105__p004__b01.png
10.1126_science.ads4105__p004__b02,subfigure,10.1126_science.ads4105__p004__b02,10.1126_science.ads4105,10.1126_science.ads4105.pdf,Earth and Planetary Sciences,4,2,Earth and Planetary Sciences/10.1126_science.ads4105/crops/10.1126_science.ads4105__p004__b02.png
10.1126_science.ads4105__p004__b03,subfigure,10.1126_science.ads4105__p004__b03,10.1126_science.ads4105,10.1126_science.ads4105.pdf,Earth and Planetary Sciences,4,3,Earth and Planetary Sciences/10.1126_science.ads4105/crops/10.1126_science.ads4105__p004__b03.png
10.1126_science.ads4105__p004__b04,subfigure,10.1126_science.ads4105__p004__b04,10.1126_science.ads4105,10.1126_science.ads4105.pdf,Earth and Planetary Sciences,4,4,Earth and Planetary Sciences/10.1126_science.ads4105/crops/10.1126_science.ads4105__p004__b04.png
10.1126_science.ads4105__p005__b00,subfigure,10.1126_science.ads4105__p005__b00,10.1126_science.ads4105,10.1126_science.ads4105.pdf,Earth and Planetary Sciences,5,0,Earth and Planetary Sciences/10.1126_science.ads4105/crops/10.1126_science.ads4105__p005__b00.png
10.1126_science.ads4105__p005__b01,subfigure,10.1126_science.ads4105__p005__b01,10.1126_science.ads4105,10.1126_science.ads4105.pdf,Earth and Planetary Sciences,5,1,Earth and Planetary Sciences/10.1126_science.ads4105/crops/10.1126_science.ads4105__p005__b01.png
10.1126_science.ads4105__p005__b02,subfigure,10.1126_science.ads4105__p005__b02,10.1126_science.ads4105,10.1126_science.ads4105.pdf,Earth and Planetary Sciences,5,2,Earth and Planetary Sciences/10.1126_science.ads4105/crops/10.1126_science.ads4105__p005__b02.png
10.1126_science.ads4105__p005__b03,subfigure,10.1126_science.ads4105__p005__b03,10.1126_science.ads4105,10.1126_science.ads4105.pdf,Earth and Planetary Sciences,5,3,Earth and Planetary Sciences/10.1126_science.ads4105/crops/10.1126_science.ads4105__p005__b03.png
10.1126_science.ads4105__p006__b00,subfigure,10.1126_science.ads4105__p006__b00,10.1126_science.ads4105,10.1126_science.ads4105.pdf,Earth and Planetary Sciences,6,0,Earth and Planetary Sciences/10.1126_science.ads4105/crops/10.1126_science.ads4105__p006__b00.png
10.1126_science.ads4105__p006__b01,subfigure,10.1126_science.ads4105__p006__b01,10.1126_science.ads4105,10.1126_science.ads4105.pdf,Earth and Planetary Sciences,6,1,Earth and Planetary Sciences/10.1126_science.ads4105/crops/10.1126_science.ads4105__p006__b01.png
10.1126_science.ads4105__p006__b02,subfigure,10.1126_science.ads4105__p006__b02,10.1126_science.ads4105,10.1126_science.ads4105.pdf,Earth and Planetary Sciences,6,2,Earth and Planetary Sciences/10.1126_science.ads4105/crops/10.1126_science.ads4105__p006__b02.png
10.1126_science.ads4105__p006__b03,subfigure,10.1126_science.ads4105__p006__b03,10.1126_science.ads4105,10.1126_science.ads4105.pdf,Earth and Planetary Sciences,6,3,Earth and Planetary Sciences/10.1126_science.ads4105/crops/10.1126_science.ads4105__p006__b03.png
10.1126_science.ads4105__p006__b04,subfigure,10.1126_science.ads4105__p006__b04,10.1126_science.ads4105,10.1126_science.ads4105.pdf,Earth and Planetary Sciences,6,4,Earth and Planetary Sciences/10.1126_science.ads4105/crops/10.1126_science.ads4105__p006__b04.png
10.1126_science.ads4105__p006__b05,subfigure,10.1126_science.ads4105__p006__b05,10.1126_science.ads4105,10.1126_science.ads4105.pdf,Earth and Planetary Sciences,6,5,Earth and Planetary Sciences/10.1126_science.ads4105/crops/10.1126_science.ads4105__p006__b05.png
10.21105_joss.05875__p001__b00,subfigure,10.21105_joss.05875__p001__b00,10.21105_joss.05875,10.21105_joss.05875.pdf,Earth and Planetary Sciences,1,0,Earth and Planetary Sciences/10.21105_joss.05875/crops/10.21105_joss.05875__p001__b00.png
10.21105_joss.05875__p002__b00,subfigure,10.21105_joss.05875__p002__b00,10.21105_joss.05875,10.21105_joss.05875.pdf,Earth and Planetary Sciences,2,0,Earth and Planetary Sciences/10.21105_joss.05875/crops/10.21105_joss.05875__p002__b00.png
10.21105_joss.05875__p002__b01,subfigure,10.21105_joss.05875__p002__b01,10.21105_joss.05875,10.21105_joss.05875.pdf,Earth and Planetary Sciences,2,1,Earth and Planetary Sciences/10.21105_joss.05875/crops/10.21105_joss.05875__p002__b01.png
10.21105_joss.05875__p003__b00,subfigure,10.21105_joss.05875__p003__b00,10.21105_joss.05875,10.21105_joss.05875.pdf,Earth and Planetary Sciences,3,0,Earth and Planetary Sciences/10.21105_joss.05875/crops/10.21105_joss.05875__p003__b00.png
10.21105_joss.05875__p004__b00,subfigure,10.21105_joss.05875__p004__b00,10.21105_joss.05875,10.21105_joss.05875.pdf,Earth and Planetary Sciences,4,0,Earth and Planetary Sciences/10.21105_joss.05875/crops/10.21105_joss.05875__p004__b00.png
10.21105_joss.05875__p005__b00,subfigure,10.21105_joss.05875__p005__b00,10.21105_joss.05875,10.21105_joss.05875.pdf,Earth and Planetary Sciences,5,0,Earth and Planetary Sciences/10.21105_joss.05875/crops/10.21105_joss.05875__p005__b00.png
10.1038_s41524-023-01184-4__p002__b00,subfigure,10.1038_s41524-023-01184-4__p002__b00,10.1038_s41524-023-01184-4,10.1038_s41524-023-01184-4.pdf,Energy,2,0,Energy/10.1038_s41524-023-01184-4/crops/10.1038_s41524-023-01184-4__p002__b00.png
10.1038_s41524-023-01184-4__p002__b01,subfigure,10.1038_s41524-023-01184-4__p002__b01,10.1038_s41524-023-01184-4,10.1038_s41524-023-01184-4.pdf,Energy,2,1,Energy/10.1038_s41524-023-01184-4/crops/10.1038_s41524-023-01184-4__p002__b01.png
10.1038_s41524-023-01184-4__p003__b00,subfigure,10.1038_s41524-023-01184-4__p003__b00,10.1038_s41524-023-01184-4,10.1038_s41524-023-01184-4.pdf,Energy,3,0,Energy/10.1038_s41524-023-01184-4/crops/10.1038_s41524-023-01184-4__p003__b00.png
10.1038_s41524-023-01184-4__p003__b01,subfigure,10.1038_s41524-023-01184-4__p003__b01,10.1038_s41524-023-01184-4,10.1038_s41524-023-01184-4.pdf,Energy,3,1,Energy/10.1038_s41524-023-01184-4/crops/10.1038_s41524-023-01184-4__p003__b01.png
10.1038_s41524-023-01184-4__p003__b02,subfigure,10.1038_s41524-023-01184-4__p003__b02,10.1038_s41524-023-01184-4,10.1038_s41524-023-01184-4.pdf,Energy,3,2,Energy/10.1038_s41524-023-01184-4/crops/10.1038_s41524-023-01184-4__p003__b02.png
10.1038_s41524-023-01184-4__p004__b00,subfigure,10.1038_s41524-023-01184-4__p004__b00,10.1038_s41524-023-01184-4,10.1038_s41524-023-01184-4.pdf,Energy,4,0,Energy/10.1038_s41524-023-01184-4/crops/10.1038_s41524-023-01184-4__p004__b00.png
10.1038_s41524-023-01184-4__p004__b01,subfigure,10.1038_s41524-023-01184-4__p004__b01,10.1038_s41524-023-01184-4,10.1038_s41524-023-01184-4.pdf,Energy,4,1,Energy/10.1038_s41524-023-01184-4/crops/10.1038_s41524-023-01184-4__p004__b01.png
10.1038_s41524-023-01184-4__p004__b02,subfigure,10.1038_s41524-023-01184-4__p004__b02,10.1038_s41524-023-01184-4,10.1038_s41524-023-01184-4.pdf,Energy,4,2,Energy/10.1038_s41524-023-01184-4/crops/10.1038_s41524-023-01184-4__p004__b02.png
10.1038_s41524-023-01184-4__p005__b00,subfigure,10.1038_s41524-023-01184-4__p005__b00,10.1038_s41524-023-01184-4,10.1038_s41524-023-01184-4.pdf,Energy,5,0,Energy/10.1038_s41524-023-01184-4/crops/10.1038_s41524-023-01184-4__p005__b00.png
10.1038_s41524-023-01184-4__p005__b01,subfigure,10.1038_s41524-023-01184-4__p005__b01,10.1038_s41524-023-01184-4,10.1038_s41524-023-01184-4.pdf,Energy,5,1,Energy/10.1038_s41524-023-01184-4/crops/10.1038_s41524-023-01184-4__p005__b01.png
10.1038_s41524-023-01184-4__p005__b02,subfigure,10.1038_s41524-023-01184-4__p005__b02,10.1038_s41524-023-01184-4,10.1038_s41524-023-01184-4.pdf,Energy,5,2,Energy/10.1038_s41524-023-01184-4/crops/10.1038_s41524-023-01184-4__p005__b02.png
10.1038_s41524-023-01184-4__p005__b03,subfigure,10.1038_s41524-023-01184-4__p005__b03,10.1038_s41524-023-01184-4,10.1038_s41524-023-01184-4.pdf,Energy,5,3,Energy/10.1038_s41524-023-01184-4/crops/10.1038_s41524-023-01184-4__p005__b03.png
10.1038_s41524-023-01184-4__p005__b04,subfigure,10.1038_s41524-023-01184-4__p005__b04,10.1038_s41524-023-01184-4,10.1038_s41524-023-01184-4.pdf,Energy,5,4,Energy/10.1038_s41524-023-01184-4/crops/10.1038_s41524-023-01184-4__p005__b04.png
10.1038_s41524-023-01184-4__p005__b05,subfigure,10.1038_s41524-023-01184-4__p005__b05,10.1038_s41524-023-01184-4,10.1038_s41524-023-01184-4.pdf,Energy,5,5,Energy/10.1038_s41524-023-01184-4/crops/10.1038_s41524-023-01184-4__p005__b05.png
10.1038_s41524-023-01184-4__p006__b00,subfigure,10.1038_s41524-023-01184-4__p006__b00,10.1038_s41524-023-01184-4,10.1038_s41524-023-01184-4.pdf,Energy,6,0,Energy/10.1038_s41524-023-01184-4/crops/10.1038_s41524-023-01184-4__p006__b00.png
10.1038_s41524-023-01184-4__p007__b00,subfigure,10.1038_s41524-023-01184-4__p007__b00,10.1038_s41524-023-01184-4,10.1038_s41524-023-01184-4.pdf,Energy,7,0,Energy/10.1038_s41524-023-01184-4/crops/10.1038_s41524-023-01184-4__p007__b00.png
10.1038_s41524-023-01184-4__p007__b01,subfigure,10.1038_s41524-023-01184-4__p007__b01,10.1038_s41524-023-01184-4,10.1038_s41524-023-01184-4.pdf,Energy,7,1,Energy/10.1038_s41524-023-01184-4/crops/10.1038_s41524-023-01184-4__p007__b01.png
10.1109_access.2024.3381345__p001__b00,subfigure,10.1109_access.2024.3381345__p001__b00,10.1109_access.2024.3381345,10.1109_access.2024.3381345.pdf,Energy,1,0,Energy/10.1109_access.2024.3381345/crops/10.1109_access.2024.3381345__p001__b00.png
10.1109_access.2024.3381345__p006__b00,subfigure,10.1109_access.2024.3381345__p006__b00,10.1109_access.2024.3381345,10.1109_access.2024.3381345.pdf,Energy,6,0,Energy/10.1109_access.2024.3381345/crops/10.1109_access.2024.3381345__p006__b00.png
10.1109_access.2024.3381345__p006__b01,subfigure,10.1109_access.2024.3381345__p006__b01,10.1109_access.2024.3381345,10.1109_access.2024.3381345.pdf,Energy,6,1,Energy/10.1109_access.2024.3381345/crops/10.1109_access.2024.3381345__p006__b01.png
10.1109_access.2024.3381345__p007__b00,subfigure,10.1109_access.2024.3381345__p007__b00,10.1109_access.2024.3381345,10.1109_access.2024.3381345.pdf,Energy,7,0,Energy/10.1109_access.2024.3381345/crops/10.1109_access.2024.3381345__p007__b00.png
10.1109_access.2024.3381345__p008__b00,subfigure,10.1109_access.2024.3381345__p008__b00,10.1109_access.2024.3381345,10.1109_access.2024.3381345.pdf,Energy,8,0,Energy/10.1109_access.2024.3381345/crops/10.1109_access.2024.3381345__p008__b00.png
10.1109_access.2024.3381345__p008__b01,subfigure,10.1109_access.2024.3381345__p008__b01,10.1109_access.2024.3381345,10.1109_access.2024.3381345.pdf,Energy,8,1,Energy/10.1109_access.2024.3381345/crops/10.1109_access.2024.3381345__p008__b01.png
10.1109_access.2024.3381345__p008__b02,subfigure,10.1109_access.2024.3381345__p008__b02,10.1109_access.2024.3381345,10.1109_access.2024.3381345.pdf,Energy,8,2,Energy/10.1109_access.2024.3381345/crops/10.1109_access.2024.3381345__p008__b02.png
10.1109_access.2024.3381345__p008__b03,subfigure,10.1109_access.2024.3381345__p008__b03,10.1109_access.2024.3381345,10.1109_access.2024.3381345.pdf,Energy,8,3,Energy/10.1109_access.2024.3381345/crops/10.1109_access.2024.3381345__p008__b03.png
10.1109_access.2024.3381345__p008__b04,subfigure,10.1109_access.2024.3381345__p008__b04,10.1109_access.2024.3381345,10.1109_access.2024.3381345.pdf,Energy,8,4,Energy/10.1109_access.2024.3381345/crops/10.1109_access.2024.3381345__p008__b04.png
10.1109_access.2024.3381345__p009__b00,subfigure,10.1109_access.2024.3381345__p009__b00,10.1109_access.2024.3381345,10.1109_access.2024.3381345.pdf,Energy,9,0,Energy/10.1109_access.2024.3381345/crops/10.1109_access.2024.3381345__p009__b00.png
10.1109_access.2024.3381345__p009__b01,subfigure,10.1109_access.2024.3381345__p009__b01,10.1109_access.2024.3381345,10.1109_access.2024.3381345.pdf,Energy,9,1,Energy/10.1109_access.2024.3381345/crops/10.1109_access.2024.3381345__p009__b01.png
10.1109_access.2024.3381345__p009__b02,subfigure,10.1109_access.2024.3381345__p009__b02,10.1109_access.2024.3381345,10.1109_access.2024.3381345.pdf,Energy,9,2,Energy/10.1109_access.2024.3381345/crops/10.1109_access.2024.3381345__p009__b02.png
10.1109_access.2024.3381345__p009__b03,subfigure,10.1109_access.2024.3381345__p009__b03,10.1109_access.2024.3381345,10.1109_access.2024.3381345.pdf,Energy,9,3,Energy/10.1109_access.2024.3381345/crops/10.1109_access.2024.3381345__p009__b03.png
10.1109_access.2024.3381345__p010__b00,subfigure,10.1109_access.2024.3381345__p010__b00,10.1109_access.2024.3381345,10.1109_access.2024.3381345.pdf,Energy,10,0,Energy/10.1109_access.2024.3381345/crops/10.1109_access.2024.3381345__p010__b00.png
10.1109_access.2024.3381345__p010__b01,subfigure,10.1109_access.2024.3381345__p010__b01,10.1109_access.2024.3381345,10.1109_access.2024.3381345.pdf,Energy,10,1,Energy/10.1109_access.2024.3381345/crops/10.1109_access.2024.3381345__p010__b01.png
10.1109_access.2024.3381345__p010__b02,subfigure,10.1109_access.2024.3381345__p010__b02,10.1109_access.2024.3381345,10.1109_access.2024.3381345.pdf,Energy,10,2,Energy/10.1109_access.2024.3381345/crops/10.1109_access.2024.3381345__p010__b02.png
10.1109_access.2024.3381345__p010__b03,subfigure,10.1109_access.2024.3381345__p010__b03,10.1109_access.2024.3381345,10.1109_access.2024.3381345.pdf,Energy,10,3,Energy/10.1109_access.2024.3381345/crops/10.1109_access.2024.3381345__p010__b03.png
10.1109_access.2024.3381345__p010__b04,subfigure,10.1109_access.2024.3381345__p010__b04,10.1109_access.2024.3381345,10.1109_access.2024.3381345.pdf,Energy,10,4,Energy/10.1109_access.2024.3381345/crops/10.1109_access.2024.3381345__p010__b04.png
10.3389_fbioe.2024.1387519__p005__b00,subfigure,10.3389_fbioe.2024.1387519__p005__b00,10.3389_fbioe.2024.1387519,10.3389_fbioe.2024.1387519.pdf,Energy,5,0,Energy/10.3389_fbioe.2024.1387519/crops/10.3389_fbioe.2024.1387519__p005__b00.png
10.3389_fbioe.2024.1387519__p007__b00,subfigure,10.3389_fbioe.2024.1387519__p007__b00,10.3389_fbioe.2024.1387519,10.3389_fbioe.2024.1387519.pdf,Energy,7,0,Energy/10.3389_fbioe.2024.1387519/crops/10.3389_fbioe.2024.1387519__p007__b00.png
10.3389_fbioe.2024.1387519__p007__b01,subfigure,10.3389_fbioe.2024.1387519__p007__b01,10.3389_fbioe.2024.1387519,10.3389_fbioe.2024.1387519.pdf,Energy,7,1,Energy/10.3389_fbioe.2024.1387519/crops/10.3389_fbioe.2024.1387519__p007__b01.png
10.3389_fbioe.2024.1387519__p008__b00,subfigure,10.3389_fbioe.2024.1387519__p008__b00,10.3389_fbioe.2024.1387519,10.3389_fbioe.2024.1387519.pdf,Energy,8,0,Energy/10.3389_fbioe.2024.1387519/crops/10.3389_fbioe.2024.1387519__p008__b00.png
10.3389_fbioe.2024.1387519__p011__b00,subfigure,10.3389_fbioe.2024.1387519__p011__b00,10.3389_fbioe.2024.1387519,10.3389_fbioe.2024.1387519.pdf,Energy,11,0,Energy/10.3389_fbioe.2024.1387519/crops/10.3389_fbioe.2024.1387519__p011__b00.png
10.3389_fbioe.2024.1387519__p011__b01,subfigure,10.3389_fbioe.2024.1387519__p011__b01,10.3389_fbioe.2024.1387519,10.3389_fbioe.2024.1387519.pdf,Energy,11,1,Energy/10.3389_fbioe.2024.1387519/crops/10.3389_fbioe.2024.1387519__p011__b01.png
10.3389_fbioe.2024.1387519__p012__b00,subfigure,10.3389_fbioe.2024.1387519__p012__b00,10.3389_fbioe.2024.1387519,10.3389_fbioe.2024.1387519.pdf,Energy,12,0,Energy/10.3389_fbioe.2024.1387519/crops/10.3389_fbioe.2024.1387519__p012__b00.png
10.3389_fenrg.2024.1358333__p003__b00,subfigure,10.3389_fenrg.2024.1358333__p003__b00,10.3389_fenrg.2024.1358333,10.3389_fenrg.2024.1358333.pdf,Energy,3,0,Energy/10.3389_fenrg.2024.1358333/crops/10.3389_fenrg.2024.1358333__p003__b00.png
10.3389_fenrg.2024.1358333__p003__b01,subfigure,10.3389_fenrg.2024.1358333__p003__b01,10.3389_fenrg.2024.1358333,10.3389_fenrg.2024.1358333.pdf,Energy,3,1,Energy/10.3389_fenrg.2024.1358333/crops/10.3389_fenrg.2024.1358333__p003__b01.png
10.3389_fenrg.2024.1358333__p003__b02,subfigure,10.3389_fenrg.2024.1358333__p003__b02,10.3389_fenrg.2024.1358333,10.3389_fenrg.2024.1358333.pdf,Energy,3,2,Energy/10.3389_fenrg.2024.1358333/crops/10.3389_fenrg.2024.1358333__p003__b02.png
10.3389_fenrg.2024.1358333__p003__b03,subfigure,10.3389_fenrg.2024.1358333__p003__b03,10.3389_fenrg.2024.1358333,10.3389_fenrg.2024.1358333.pdf,Energy,3,3,Energy/10.3389_fenrg.2024.1358333/crops/10.3389_fenrg.2024.1358333__p003__b03.png
10.3389_fenrg.2024.1358333__p005__b00,subfigure,10.3389_fenrg.2024.1358333__p005__b00,10.3389_fenrg.2024.1358333,10.3389_fenrg.2024.1358333.pdf,Energy,5,0,Energy/10.3389_fenrg.2024.1358333/crops/10.3389_fenrg.2024.1358333__p005__b00.png
10.3389_fenrg.2024.1358333__p006__b00,subfigure,10.3389_fenrg.2024.1358333__p006__b00,10.3389_fenrg.2024.1358333,10.3389_fenrg.2024.1358333.pdf,Energy,6,0,Energy/10.3389_fenrg.2024.1358333/crops/10.3389_fenrg.2024.1358333__p006__b00.png
10.3389_fenrg.2024.1358333__p007__b00,subfigure,10.3389_fenrg.2024.1358333__p007__b00,10.3389_fenrg.2024.1358333,10.3389_fenrg.2024.1358333.pdf,Energy,7,0,Energy/10.3389_fenrg.2024.1358333/crops/10.3389_fenrg.2024.1358333__p007__b00.png
10.3389_fenrg.2024.1358333__p007__b01,subfigure,10.3389_fenrg.2024.1358333__p007__b01,10.3389_fenrg.2024.1358333,10.3389_fenrg.2024.1358333.pdf,Energy,7,1,Energy/10.3389_fenrg.2024.1358333/crops/10.3389_fenrg.2024.1358333__p007__b01.png
10.3389_fenrg.2024.1358333__p013__b00,subfigure,10.3389_fenrg.2024.1358333__p013__b00,10.3389_fenrg.2024.1358333,10.3389_fenrg.2024.1358333.pdf,Energy,13,0,Energy/10.3389_fenrg.2024.1358333/crops/10.3389_fenrg.2024.1358333__p013__b00.png
10.3389_fenrg.2024.1358333__p014__b00,subfigure,10.3389_fenrg.2024.1358333__p014__b00,10.3389_fenrg.2024.1358333,10.3389_fenrg.2024.1358333.pdf,Energy,14,0,Energy/10.3389_fenrg.2024.1358333/crops/10.3389_fenrg.2024.1358333__p014__b00.png
10.3389_fsci.2024.1411644__p004__b00,subfigure,10.3389_fsci.2024.1411644__p004__b00,10.3389_fsci.2024.1411644,10.3389_fsci.2024.1411644.pdf,Energy,4,0,Energy/10.3389_fsci.2024.1411644/crops/10.3389_fsci.2024.1411644__p004__b00.png
10.3389_fsci.2024.1411644__p006__b00,subfigure,10.3389_fsci.2024.1411644__p006__b00,10.3389_fsci.2024.1411644,10.3389_fsci.2024.1411644.pdf,Energy,6,0,Energy/10.3389_fsci.2024.1411644/crops/10.3389_fsci.2024.1411644__p006__b00.png
10.3389_fsci.2024.1411644__p007__b00,subfigure,10.3389_fsci.2024.1411644__p007__b00,10.3389_fsci.2024.1411644,10.3389_fsci.2024.1411644.pdf,Energy,7,0,Energy/10.3389_fsci.2024.1411644/crops/10.3389_fsci.2024.1411644__p007__b00.png
10.3389_fsci.2024.1411644__p007__b01,subfigure,10.3389_fsci.2024.1411644__p007__b01,10.3389_fsci.2024.1411644,10.3389_fsci.2024.1411644.pdf,Energy,7,1,Energy/10.3389_fsci.2024.1411644/crops/10.3389_fsci.2024.1411644__p007__b01.png
10.3389_fsci.2024.1411644__p009__b00,subfigure,10.3389_fsci.2024.1411644__p009__b00,10.3389_fsci.2024.1411644,10.3389_fsci.2024.1411644.pdf,Energy,9,0,Energy/10.3389_fsci.2024.1411644/crops/10.3389_fsci.2024.1411644__p009__b00.png
10.3389_fsci.2024.1411644__p009__b01,subfigure,10.3389_fsci.2024.1411644__p009__b01,10.3389_fsci.2024.1411644,10.3389_fsci.2024.1411644.pdf,Energy,9,1,Energy/10.3389_fsci.2024.1411644/crops/10.3389_fsci.2024.1411644__p009__b01.png
10.3389_fsci.2024.1411644__p009__b02,subfigure,10.3389_fsci.2024.1411644__p009__b02,10.3389_fsci.2024.1411644,10.3389_fsci.2024.1411644.pdf,Energy,9,2,Energy/10.3389_fsci.2024.1411644/crops/10.3389_fsci.2024.1411644__p009__b02.png
10.3389_fsci.2024.1411644__p010__b00,subfigure,10.3389_fsci.2024.1411644__p010__b00,10.3389_fsci.2024.1411644,10.3389_fsci.2024.1411644.pdf,Energy,10,0,Energy/10.3389_fsci.2024.1411644/crops/10.3389_fsci.2024.1411644__p010__b00.png
10.3389_fsci.2024.1411644__p010__b01,subfigure,10.3389_fsci.2024.1411644__p010__b01,10.3389_fsci.2024.1411644,10.3389_fsci.2024.1411644.pdf,Energy,10,1,Energy/10.3389_fsci.2024.1411644/crops/10.3389_fsci.2024.1411644__p010__b01.png
10.3389_fsci.2024.1411644__p012__b00,subfigure,10.3389_fsci.2024.1411644__p012__b00,10.3389_fsci.2024.1411644,10.3389_fsci.2024.1411644.pdf,Energy,12,0,Energy/10.3389_fsci.2024.1411644/crops/10.3389_fsci.2024.1411644__p012__b00.png
10.3389_fsci.2024.1411644__p014__b00,subfigure,10.3389_fsci.2024.1411644__p014__b00,10.3389_fsci.2024.1411644,10.3389_fsci.2024.1411644.pdf,Energy,14,0,Energy/10.3389_fsci.2024.1411644/crops/10.3389_fsci.2024.1411644__p014__b00.png
10.3389_fsci.2024.1411644__p014__b01,subfigure,10.3389_fsci.2024.1411644__p014__b01,10.3389_fsci.2024.1411644,10.3389_fsci.2024.1411644.pdf,Energy,14,1,Energy/10.3389_fsci.2024.1411644/crops/10.3389_fsci.2024.1411644__p014__b01.png
10.3389_fsci.2024.1411644__p015__b00,subfigure,10.3389_fsci.2024.1411644__p015__b00,10.3389_fsci.2024.1411644,10.3389_fsci.2024.1411644.pdf,Energy,15,0,Energy/10.3389_fsci.2024.1411644/crops/10.3389_fsci.2024.1411644__p015__b00.png
10.3389_fsci.2024.1411644__p015__b01,subfigure,10.3389_fsci.2024.1411644__p015__b01,10.3389_fsci.2024.1411644,10.3389_fsci.2024.1411644.pdf,Energy,15,1,Energy/10.3389_fsci.2024.1411644/crops/10.3389_fsci.2024.1411644__p015__b01.png
10.3389_fsci.2024.1411644__p015__b02,subfigure,10.3389_fsci.2024.1411644__p015__b02,10.3389_fsci.2024.1411644,10.3389_fsci.2024.1411644.pdf,Energy,15,2,Energy/10.3389_fsci.2024.1411644/crops/10.3389_fsci.2024.1411644__p015__b02.png
10.1038_s41467-024-44750-0__p002__b00,subfigure,10.1038_s41467-024-44750-0__p002__b00,10.1038_s41467-024-44750-0,10.1038_s41467-024-44750-0.pdf,Engineering,2,0,Engineering/10.1038_s41467-024-44750-0/crops/10.1038_s41467-024-44750-0__p002__b00.png
10.1038_s41467-024-44750-0__p002__b01,subfigure,10.1038_s41467-024-44750-0__p002__b01,10.1038_s41467-024-44750-0,10.1038_s41467-024-44750-0.pdf,Engineering,2,1,Engineering/10.1038_s41467-024-44750-0/crops/10.1038_s41467-024-44750-0__p002__b01.png
10.1038_s41467-024-44750-0__p003__b00,subfigure,10.1038_s41467-024-44750-0__p003__b00,10.1038_s41467-024-44750-0,10.1038_s41467-024-44750-0.pdf,Engineering,3,0,Engineering/10.1038_s41467-024-44750-0/crops/10.1038_s41467-024-44750-0__p003__b00.png
10.1038_s41467-024-44750-0__p004__b00,subfigure,10.1038_s41467-024-44750-0__p004__b00,10.1038_s41467-024-44750-0,10.1038_s41467-024-44750-0.pdf,Engineering,4,0,Engineering/10.1038_s41467-024-44750-0/crops/10.1038_s41467-024-44750-0__p004__b00.png
10.1038_s41467-024-44750-0__p005__b00,subfigure,10.1038_s41467-024-44750-0__p005__b00,10.1038_s41467-024-44750-0,10.1038_s41467-024-44750-0.pdf,Engineering,5,0,Engineering/10.1038_s41467-024-44750-0/crops/10.1038_s41467-024-44750-0__p005__b00.png
10.1038_s41467-024-44750-0__p005__b01,subfigure,10.1038_s41467-024-44750-0__p005__b01,10.1038_s41467-024-44750-0,10.1038_s41467-024-44750-0.pdf,Engineering,5,1,Engineering/10.1038_s41467-024-44750-0/crops/10.1038_s41467-024-44750-0__p005__b01.png
10.1038_s41467-024-44750-0__p006__b00,subfigure,10.1038_s41467-024-44750-0__p006__b00,10.1038_s41467-024-44750-0,10.1038_s41467-024-44750-0.pdf,Engineering,6,0,Engineering/10.1038_s41467-024-44750-0/crops/10.1038_s41467-024-44750-0__p006__b00.png
10.1038_s41467-024-44750-0__p008__b00,subfigure,10.1038_s41467-024-44750-0__p008__b00,10.1038_s41467-024-44750-0,10.1038_s41467-024-44750-0.pdf,Engineering,8,0,Engineering/10.1038_s41467-024-44750-0/crops/10.1038_s41467-024-44750-0__p008__b00.png
10.1038_s41467-024-44750-0__p008__b01,subfigure,10.1038_s41467-024-44750-0__p008__b01,10.1038_s41467-024-44750-0,10.1038_s41467-024-44750-0.pdf,Engineering,8,1,Engineering/10.1038_s41467-024-44750-0/crops/10.1038_s41467-024-44750-0__p008__b01.png
10.1038_s41467-024-44750-0__p008__b02,subfigure,10.1038_s41467-024-44750-0__p008__b02,10.1038_s41467-024-44750-0,10.1038_s41467-024-44750-0.pdf,Engineering,8,2,Engineering/10.1038_s41467-024-44750-0/crops/10.1038_s41467-024-44750-0__p008__b02.png
10.1038_s41467-024-44750-0__p008__b03,subfigure,10.1038_s41467-024-44750-0__p008__b03,10.1038_s41467-024-44750-0,10.1038_s41467-024-44750-0.pdf,Engineering,8,3,Engineering/10.1038_s41467-024-44750-0/crops/10.1038_s41467-024-44750-0__p008__b03.png
10.1038_s41467-024-44750-0__p009__b00,subfigure,10.1038_s41467-024-44750-0__p009__b00,10.1038_s41467-024-44750-0,10.1038_s41467-024-44750-0.pdf,Engineering,9,0,Engineering/10.1038_s41467-024-44750-0/crops/10.1038_s41467-024-44750-0__p009__b00.png
10.1038_s41746-024-01073-0__p003__b00,subfigure,10.1038_s41746-024-01073-0__p003__b00,10.1038_s41746-024-01073-0,10.1038_s41746-024-01073-0.pdf,Engineering,3,0,Engineering/10.1038_s41746-024-01073-0/crops/10.1038_s41746-024-01073-0__p003__b00.png
10.1038_s41746-024-01073-0__p004__b00,subfigure,10.1038_s41746-024-01073-0__p004__b00,10.1038_s41746-024-01073-0,10.1038_s41746-024-01073-0.pdf,Engineering,4,0,Engineering/10.1038_s41746-024-01073-0/crops/10.1038_s41746-024-01073-0__p004__b00.png
10.1038_s41746-024-01073-0__p004__b01,subfigure,10.1038_s41746-024-01073-0__p004__b01,10.1038_s41746-024-01073-0,10.1038_s41746-024-01073-0.pdf,Engineering,4,1,Engineering/10.1038_s41746-024-01073-0/crops/10.1038_s41746-024-01073-0__p004__b01.png
10.1038_s41746-024-01073-0__p005__b00,subfigure,10.1038_s41746-024-01073-0__p005__b00,10.1038_s41746-024-01073-0,10.1038_s41746-024-01073-0.pdf,Engineering,5,0,Engineering/10.1038_s41746-024-01073-0/crops/10.1038_s41746-024-01073-0__p005__b00.png
10.1097_mat.0000000000002128__p001__b00,subfigure,10.1097_mat.0000000000002128__p001__b00,10.1097_mat.0000000000002128,10.1097_mat.0000000000002128.pdf,Engineering,1,0,Engineering/10.1097_mat.0000000000002128/crops/10.1097_mat.0000000000002128__p001__b00.png
10.1097_mat.0000000000002128__p004__b00,subfigure,10.1097_mat.0000000000002128__p004__b00,10.1097_mat.0000000000002128,10.1097_mat.0000000000002128.pdf,Engineering,4,0,Engineering/10.1097_mat.0000000000002128/crops/10.1097_mat.0000000000002128__p004__b00.png
10.1097_mat.0000000000002128__p005__b00,subfigure,10.1097_mat.0000000000002128__p005__b00,10.1097_mat.0000000000002128,10.1097_mat.0000000000002128.pdf,Engineering,5,0,Engineering/10.1097_mat.0000000000002128/crops/10.1097_mat.0000000000002128__p005__b00.png
10.1097_mat.0000000000002128__p005__b01,subfigure,10.1097_mat.0000000000002128__p005__b01,10.1097_mat.0000000000002128,10.1097_mat.0000000000002128.pdf,Engineering,5,1,Engineering/10.1097_mat.0000000000002128/crops/10.1097_mat.0000000000002128__p005__b01.png
10.1097_mat.0000000000002128__p006__b00,subfigure,10.1097_mat.0000000000002128__p006__b00,10.1097_mat.0000000000002128,10.1097_mat.0000000000002128.pdf,Engineering,6,0,Engineering/10.1097_mat.0000000000002128/crops/10.1097_mat.0000000000002128__p006__b00.png
10.1097_mat.0000000000002128__p007__b00,subfigure,10.1097_mat.0000000000002128__p007__b00,10.1097_mat.0000000000002128,10.1097_mat.0000000000002128.pdf,Engineering,7,0,Engineering/10.1097_mat.0000000000002128/crops/10.1097_mat.0000000000002128__p007__b00.png
10.1097_mat.0000000000002128__p007__b01,subfigure,10.1097_mat.0000000000002128__p007__b01,10.1097_mat.0000000000002128,10.1097_mat.0000000000002128.pdf,Engineering,7,1,Engineering/10.1097_mat.0000000000002128/crops/10.1097_mat.0000000000002128__p007__b01.png
10.1097_mat.0000000000002128__p007__b02,subfigure,10.1097_mat.0000000000002128__p007__b02,10.1097_mat.0000000000002128,10.1097_mat.0000000000002128.pdf,Engineering,7,2,Engineering/10.1097_mat.0000000000002128/crops/10.1097_mat.0000000000002128__p007__b02.png
10.1097_mat.0000000000002128__p007__b03,subfigure,10.1097_mat.0000000000002128__p007__b03,10.1097_mat.0000000000002128,10.1097_mat.0000000000002128.pdf,Engineering,7,3,Engineering/10.1097_mat.0000000000002128/crops/10.1097_mat.0000000000002128__p007__b03.png
10.1097_mat.0000000000002128__p008__b00,subfigure,10.1097_mat.0000000000002128__p008__b00,10.1097_mat.0000000000002128,10.1097_mat.0000000000002128.pdf,Engineering,8,0,Engineering/10.1097_mat.0000000000002128/crops/10.1097_mat.0000000000002128__p008__b00.png
10.1097_mat.0000000000002128__p008__b01,subfigure,10.1097_mat.0000000000002128__p008__b01,10.1097_mat.0000000000002128,10.1097_mat.0000000000002128.pdf,Engineering,8,1,Engineering/10.1097_mat.0000000000002128/crops/10.1097_mat.0000000000002128__p008__b01.png
10.1097_mat.0000000000002128__p008__b02,subfigure,10.1097_mat.0000000000002128__p008__b02,10.1097_mat.0000000000002128,10.1097_mat.0000000000002128.pdf,Engineering,8,2,Engineering/10.1097_mat.0000000000002128/crops/10.1097_mat.0000000000002128__p008__b02.png
10.1097_mat.0000000000002128__p009__b00,subfigure,10.1097_mat.0000000000002128__p009__b00,10.1097_mat.0000000000002128,10.1097_mat.0000000000002128.pdf,Engineering,9,0,Engineering/10.1097_mat.0000000000002128/crops/10.1097_mat.0000000000002128__p009__b00.png
10.1097_mat.0000000000002128__p009__b01,subfigure,10.1097_mat.0000000000002128__p009__b01,10.1097_mat.0000000000002128,10.1097_mat.0000000000002128.pdf,Engineering,9,1,Engineering/10.1097_mat.0000000000002128/crops/10.1097_mat.0000000000002128__p009__b01.png
10.1097_mat.0000000000002128__p010__b00,subfigure,10.1097_mat.0000000000002128__p010__b00,10.1097_mat.0000000000002128,10.1097_mat.0000000000002128.pdf,Engineering,10,0,Engineering/10.1097_mat.0000000000002128/crops/10.1097_mat.0000000000002128__p010__b00.png
10.1097_mat.0000000000002128__p010__b01,subfigure,10.1097_mat.0000000000002128__p010__b01,10.1097_mat.0000000000002128,10.1097_mat.0000000000002128.pdf,Engineering,10,1,Engineering/10.1097_mat.0000000000002128/crops/10.1097_mat.0000000000002128__p010__b01.png
10.1109_ted.2023.3346369__p001__b00,subfigure,10.1109_ted.2023.3346369__p001__b00,10.1109_ted.2023.3346369,10.1109_ted.2023.3346369.pdf,Engineering,1,0,Engineering/10.1109_ted.2023.3346369/crops/10.1109_ted.2023.3346369__p001__b00.png
10.1109_ted.2023.3346369__p003__b00,subfigure,10.1109_ted.2023.3346369__p003__b00,10.1109_ted.2023.3346369,10.1109_ted.2023.3346369.pdf,Engineering,3,0,Engineering/10.1109_ted.2023.3346369/crops/10.1109_ted.2023.3346369__p003__b00.png
10.1109_ted.2023.3346369__p003__b01,subfigure,10.1109_ted.2023.3346369__p003__b01,10.1109_ted.2023.3346369,10.1109_ted.2023.3346369.pdf,Engineering,3,1,Engineering/10.1109_ted.2023.3346369/crops/10.1109_ted.2023.3346369__p003__b01.png
10.1109_ted.2023.3346369__p003__b02,subfigure,10.1109_ted.2023.3346369__p003__b02,10.1109_ted.2023.3346369,10.1109_ted.2023.3346369.pdf,Engineering,3,2,Engineering/10.1109_ted.2023.3346369/crops/10.1109_ted.2023.3346369__p003__b02.png
10.1109_ted.2023.3346369__p003__b03,subfigure,10.1109_ted.2023.3346369__p003__b03,10.1109_ted.2023.3346369,10.1109_ted.2023.3346369.pdf,Engineering,3,3,Engineering/10.1109_ted.2023.3346369/crops/10.1109_ted.2023.3346369__p003__b03.png
10.1109_ted.2023.3346369__p003__b04,subfigure,10.1109_ted.2023.3346369__p003__b04,10.1109_ted.2023.3346369,10.1109_ted.2023.3346369.pdf,Engineering,3,4,Engineering/10.1109_ted.2023.3346369/crops/10.1109_ted.2023.3346369__p003__b04.png
10.1109_ted.2023.3346369__p003__b05,subfigure,10.1109_ted.2023.3346369__p003__b05,10.1109_ted.2023.3346369,10.1109_ted.2023.3346369.pdf,Engineering,3,5,Engineering/10.1109_ted.2023.3346369/crops/10.1109_ted.2023.3346369__p003__b05.png
10.1109_ted.2023.3346369__p003__b06,subfigure,10.1109_ted.2023.3346369__p003__b06,10.1109_ted.2023.3346369,10.1109_ted.2023.3346369.pdf,Engineering,3,6,Engineering/10.1109_ted.2023.3346369/crops/10.1109_ted.2023.3346369__p003__b06.png
10.1109_ted.2023.3346369__p004__b00,subfigure,10.1109_ted.2023.3346369__p004__b00,10.1109_ted.2023.3346369,10.1109_ted.2023.3346369.pdf,Engineering,4,0,Engineering/10.1109_ted.2023.3346369/crops/10.1109_ted.2023.3346369__p004__b00.png
10.1109_ted.2023.3346369__p005__b00,subfigure,10.1109_ted.2023.3346369__p005__b00,10.1109_ted.2023.3346369,10.1109_ted.2023.3346369.pdf,Engineering,5,0,Engineering/10.1109_ted.2023.3346369/crops/10.1109_ted.2023.3346369__p005__b00.png
10.1109_ted.2023.3346369__p005__b01,subfigure,10.1109_ted.2023.3346369__p005__b01,10.1109_ted.2023.3346369,10.1109_ted.2023.3346369.pdf,Engineering,5,1,Engineering/10.1109_ted.2023.3346369/crops/10.1109_ted.2023.3346369__p005__b01.png
10.1109_ted.2023.3346369__p005__b02,subfigure,10.1109_ted.2023.3346369__p005__b02,10.1109_ted.2023.3346369,10.1109_ted.2023.3346369.pdf,Engineering,5,2,Engineering/10.1109_ted.2023.3346369/crops/10.1109_ted.2023.3346369__p005__b02.png
10.1109_ted.2023.3346369__p006__b00,subfigure,10.1109_ted.2023.3346369__p006__b00,10.1109_ted.2023.3346369,10.1109_ted.2023.3346369.pdf,Engineering,6,0,Engineering/10.1109_ted.2023.3346369/crops/10.1109_ted.2023.3346369__p006__b00.png
10.1109_ted.2023.3346369__p006__b01,subfigure,10.1109_ted.2023.3346369__p006__b01,10.1109_ted.2023.3346369,10.1109_ted.2023.3346369.pdf,Engineering,6,1,Engineering/10.1109_ted.2023.3346369/crops/10.1109_ted.2023.3346369__p006__b01.png
10.1109_ted.2023.3346369__p007__b00,subfigure,10.1109_ted.2023.3346369__p007__b00,10.1109_ted.2023.3346369,10.1109_ted.2023.3346369.pdf,Engineering,7,0,Engineering/10.1109_ted.2023.3346369/crops/10.1109_ted.2023.3346369__p007__b00.png
10.1109_ted.2023.3346369__p007__b01,subfigure,10.1109_ted.2023.3346369__p007__b01,10.1109_ted.2023.3346369,10.1109_ted.2023.3346369.pdf,Engineering,7,1,Engineering/10.1109_ted.2023.3346369/crops/10.1109_ted.2023.3346369__p007__b01.png
10.1109_ted.2023.3346369__p007__b02,subfigure,10.1109_ted.2023.3346369__p007__b02,10.1109_ted.2023.3346369,10.1109_ted.2023.3346369.pdf,Engineering,7,2,Engineering/10.1109_ted.2023.3346369/crops/10.1109_ted.2023.3346369__p007__b02.png
10.1109_ted.2023.3346369__p007__b03,subfigure,10.1109_ted.2023.3346369__p007__b03,10.1109_ted.2023.3346369,10.1109_ted.2023.3346369.pdf,Engineering,7,3,Engineering/10.1109_ted.2023.3346369/crops/10.1109_ted.2023.3346369__p007__b03.png
10.1109_ted.2023.3346369__p008__b00,subfigure,10.1109_ted.2023.3346369__p008__b00,10.1109_ted.2023.3346369,10.1109_ted.2023.3346369.pdf,Engineering,8,0,Engineering/10.1109_ted.2023.3346369/crops/10.1109_ted.2023.3346369__p008__b00.png
10.1109_ted.2023.3346369__p009__b00,subfigure,10.1109_ted.2023.3346369__p009__b00,10.1109_ted.2023.3346369,10.1109_ted.2023.3346369.pdf,Engineering,9,0,Engineering/10.1109_ted.2023.3346369/crops/10.1109_ted.2023.3346369__p009__b00.png
10.1109_tmc.2024.3350078__p003__b00,subfigure,10.1109_tmc.2024.3350078__p003__b00,10.1109_tmc.2024.3350078,10.1109_tmc.2024.3350078.pdf,Engineering,3,0,Engineering/10.1109_tmc.2024.3350078/crops/10.1109_tmc.2024.3350078__p003__b00.png
10.1109_tmc.2024.3350078__p009__b00,subfigure,10.1109_tmc.2024.3350078__p009__b00,10.1109_tmc.2024.3350078,10.1109_tmc.2024.3350078.pdf,Engineering,9,0,Engineering/10.1109_tmc.2024.3350078/crops/10.1109_tmc.2024.3350078__p009__b00.png
10.1109_tmc.2024.3350078__p009__b01,subfigure,10.1109_tmc.2024.3350078__p009__b01,10.1109_tmc.2024.3350078,10.1109_tmc.2024.3350078.pdf,Engineering,9,1,Engineering/10.1109_tmc.2024.3350078/crops/10.1109_tmc.2024.3350078__p009__b01.png
10.1109_tmc.2024.3350078__p009__b02,subfigure,10.1109_tmc.2024.3350078__p009__b02,10.1109_tmc.2024.3350078,10.1109_tmc.2024.3350078.pdf,Engineering,9,2,Engineering/10.1109_tmc.2024.3350078/crops/10.1109_tmc.2024.3350078__p009__b02.png
10.1109_tmc.2024.3350078__p010__b00,subfigure,10.1109_tmc.2024.3350078__p010__b00,10.1109_tmc.2024.3350078,10.1109_tmc.2024.3350078.pdf,Engineering,10,0,Engineering/10.1109_tmc.2024.3350078/crops/10.1109_tmc.2024.3350078__p010__b00.png
10.1109_tmc.2024.3350078__p012__b00,subfigure,10.1109_tmc.2024.3350078__p012__b00,10.1109_tmc.2024.3350078,10.1109_tmc.2024.3350078.pdf,Engineering,12,0,Engineering/10.1109_tmc.2024.3350078/crops/10.1109_tmc.2024.3350078__p012__b00.png
10.1109_tmc.2024.3350078__p012__b01,subfigure,10.1109_tmc.2024.3350078__p012__b01,10.1109_tmc.2024.3350078,10.1109_tmc.2024.3350078.pdf,Engineering,12,1,Engineering/10.1109_tmc.2024.3350078/crops/10.1109_tmc.2024.3350078__p012__b01.png
10.1109_tmc.2024.3350078__p012__b02,subfigure,10.1109_tmc.2024.3350078__p012__b02,10.1109_tmc.2024.3350078,10.1109_tmc.2024.3350078.pdf,Engineering,12,2,Engineering/10.1109_tmc.2024.3350078/crops/10.1109_tmc.2024.3350078__p012__b02.png
10.1109_tmc.2024.3350078__p012__b03,subfigure,10.1109_tmc.2024.3350078__p012__b03,10.1109_tmc.2024.3350078,10.1109_tmc.2024.3350078.pdf,Engineering,12,3,Engineering/10.1109_tmc.2024.3350078/crops/10.1109_tmc.2024.3350078__p012__b03.png
10.1109_tmc.2024.3350078__p013__b00,subfigure,10.1109_tmc.2024.3350078__p013__b00,10.1109_tmc.2024.3350078,10.1109_tmc.2024.3350078.pdf,Engineering,13,0,Engineering/10.1109_tmc.2024.3350078/crops/10.1109_tmc.2024.3350078__p013__b00.png
10.1109_tmc.2024.3350078__p013__b01,subfigure,10.1109_tmc.2024.3350078__p013__b01,10.1109_tmc.2024.3350078,10.1109_tmc.2024.3350078.pdf,Engineering,13,1,Engineering/10.1109_tmc.2024.3350078/crops/10.1109_tmc.2024.3350078__p013__b01.png
10.1109_tmc.2024.3350078__p013__b02,subfigure,10.1109_tmc.2024.3350078__p013__b02,10.1109_tmc.2024.3350078,10.1109_tmc.2024.3350078.pdf,Engineering,13,2,Engineering/10.1109_tmc.2024.3350078/crops/10.1109_tmc.2024.3350078__p013__b02.png
10.1109_tmc.2024.3350078__p013__b03,subfigure,10.1109_tmc.2024.3350078__p013__b03,10.1109_tmc.2024.3350078,10.1109_tmc.2024.3350078.pdf,Engineering,13,3,Engineering/10.1109_tmc.2024.3350078/crops/10.1109_tmc.2024.3350078__p013__b03.png
10.1109_tmc.2024.3350078__p013__b04,subfigure,10.1109_tmc.2024.3350078__p013__b04,10.1109_tmc.2024.3350078,10.1109_tmc.2024.3350078.pdf,Engineering,13,4,Engineering/10.1109_tmc.2024.3350078/crops/10.1109_tmc.2024.3350078__p013__b04.png
10.1109_tmc.2024.3350078__p013__b05,subfigure,10.1109_tmc.2024.3350078__p013__b05,10.1109_tmc.2024.3350078,10.1109_tmc.2024.3350078.pdf,Engineering,13,5,Engineering/10.1109_tmc.2024.3350078/crops/10.1109_tmc.2024.3350078__p013__b05.png
10.1109_tmc.2024.3350078__p014__b00,subfigure,10.1109_tmc.2024.3350078__p014__b00,10.1109_tmc.2024.3350078,10.1109_tmc.2024.3350078.pdf,Engineering,14,0,Engineering/10.1109_tmc.2024.3350078/crops/10.1109_tmc.2024.3350078__p014__b00.png
10.1109_tmc.2024.3350078__p015__b00,subfigure,10.1109_tmc.2024.3350078__p015__b00,10.1109_tmc.2024.3350078,10.1109_tmc.2024.3350078.pdf,Engineering,15,0,Engineering/10.1109_tmc.2024.3350078/crops/10.1109_tmc.2024.3350078__p015__b00.png
10.1109_tmc.2024.3350078__p015__b01,subfigure,10.1109_tmc.2024.3350078__p015__b01,10.1109_tmc.2024.3350078,10.1109_tmc.2024.3350078.pdf,Engineering,15,1,Engineering/10.1109_tmc.2024.3350078/crops/10.1109_tmc.2024.3350078__p015__b01.png
10.1109_tmc.2024.3350078__p016__b00,subfigure,10.1109_tmc.2024.3350078__p016__b00,10.1109_tmc.2024.3350078,10.1109_tmc.2024.3350078.pdf,Engineering,16,0,Engineering/10.1109_tmc.2024.3350078/crops/10.1109_tmc.2024.3350078__p016__b00.png
10.1109_tmc.2024.3350078__p016__b01,subfigure,10.1109_tmc.2024.3350078__p016__b01,10.1109_tmc.2024.3350078,10.1109_tmc.2024.3350078.pdf,Engineering,16,1,Engineering/10.1109_tmc.2024.3350078/crops/10.1109_tmc.2024.3350078__p016__b01.png
10.1109_tmc.2024.3350078__p016__b02,subfigure,10.1109_tmc.2024.3350078__p016__b02,10.1109_tmc.2024.3350078,10.1109_tmc.2024.3350078.pdf,Engineering,16,2,Engineering/10.1109_tmc.2024.3350078/crops/10.1109_tmc.2024.3350078__p016__b02.png
10.38124_ijisrt_ijisrt24mar1125__p003__b00,subfigure,10.38124_ijisrt_ijisrt24mar1125__p003__b00,10.38124_ijisrt_ijisrt24mar1125,10.38124_ijisrt_ijisrt24mar1125.pdf,Engineering,3,0,Engineering/10.38124_ijisrt_ijisrt24mar1125/crops/10.38124_ijisrt_ijisrt24mar1125__p003__b00.png
10.38124_ijisrt_ijisrt24mar1125__p003__b01,subfigure,10.38124_ijisrt_ijisrt24mar1125__p003__b01,10.38124_ijisrt_ijisrt24mar1125,10.38124_ijisrt_ijisrt24mar1125.pdf,Engineering,3,1,Engineering/10.38124_ijisrt_ijisrt24mar1125/crops/10.38124_ijisrt_ijisrt24mar1125__p003__b01.png
10.38124_ijisrt_ijisrt24mar1125__p003__b02,subfigure,10.38124_ijisrt_ijisrt24mar1125__p003__b02,10.38124_ijisrt_ijisrt24mar1125,10.38124_ijisrt_ijisrt24mar1125.pdf,Engineering,3,2,Engineering/10.38124_ijisrt_ijisrt24mar1125/crops/10.38124_ijisrt_ijisrt24mar1125__p003__b02.png
10.38124_ijisrt_ijisrt24mar1125__p004__b00,subfigure,10.38124_ijisrt_ijisrt24mar1125__p004__b00,10.38124_ijisrt_ijisrt24mar1125,10.38124_ijisrt_ijisrt24mar1125.pdf,Engineering,4,0,Engineering/10.38124_ijisrt_ijisrt24mar1125/crops/10.38124_ijisrt_ijisrt24mar1125__p004__b00.png
10.38124_ijisrt_ijisrt24mar1125__p005__b00,subfigure,10.38124_ijisrt_ijisrt24mar1125__p005__b00,10.38124_ijisrt_ijisrt24mar1125,10.38124_ijisrt_ijisrt24mar1125.pdf,Engineering,5,0,Engineering/10.38124_ijisrt_ijisrt24mar1125/crops/10.38124_ijisrt_ijisrt24mar1125__p005__b00.png
10.38124_ijisrt_ijisrt24mar1125__p005__b01,subfigure,10.38124_ijisrt_ijisrt24mar1125__p005__b01,10.38124_ijisrt_ijisrt24mar1125,10.38124_ijisrt_ijisrt24mar1125.pdf,Engineering,5,1,Engineering/10.38124_ijisrt_ijisrt24mar1125/crops/10.38124_ijisrt_ijisrt24mar1125__p005__b01.png
10.38124_ijisrt_ijisrt24mar1125__p005__b02,subfigure,10.38124_ijisrt_ijisrt24mar1125__p005__b02,10.38124_ijisrt_ijisrt24mar1125,10.38124_ijisrt_ijisrt24mar1125.pdf,Engineering,5,2,Engineering/10.38124_ijisrt_ijisrt24mar1125/crops/10.38124_ijisrt_ijisrt24mar1125__p005__b02.png
10.1038_s41558-025-02246-9__p002__b00,subfigure,10.1038_s41558-025-02246-9__p002__b00,10.1038_s41558-025-02246-9,10.1038_s41558-025-02246-9.pdf,Environmental Science,2,0,Environmental Science/10.1038_s41558-025-02246-9/crops/10.1038_s41558-025-02246-9__p002__b00.png
10.1038_s41558-025-02246-9__p002__b01,subfigure,10.1038_s41558-025-02246-9__p002__b01,10.1038_s41558-025-02246-9,10.1038_s41558-025-02246-9.pdf,Environmental Science,2,1,Environmental Science/10.1038_s41558-025-02246-9/crops/10.1038_s41558-025-02246-9__p002__b01.png
10.1038_s41558-025-02246-9__p003__b00,subfigure,10.1038_s41558-025-02246-9__p003__b00,10.1038_s41558-025-02246-9,10.1038_s41558-025-02246-9.pdf,Environmental Science,3,0,Environmental Science/10.1038_s41558-025-02246-9/crops/10.1038_s41558-025-02246-9__p003__b00.png
10.1038_s41558-025-02246-9__p003__b01,subfigure,10.1038_s41558-025-02246-9__p003__b01,10.1038_s41558-025-02246-9,10.1038_s41558-025-02246-9.pdf,Environmental Science,3,1,Environmental Science/10.1038_s41558-025-02246-9/crops/10.1038_s41558-025-02246-9__p003__b01.png
10.1038_s41558-025-02246-9__p003__b02,subfigure,10.1038_s41558-025-02246-9__p003__b02,10.1038_s41558-025-02246-9,10.1038_s41558-025-02246-9.pdf,Environmental Science,3,2,Environmental Science/10.1038_s41558-025-02246-9/crops/10.1038_s41558-025-02246-9__p003__b02.png
10.1038_s41558-025-02246-9__p003__b03,subfigure,10.1038_s41558-025-02246-9__p003__b03,10.1038_s41558-025-02246-9,10.1038_s41558-025-02246-9.pdf,Environmental Science,3,3,Environmental Science/10.1038_s41558-025-02246-9/crops/10.1038_s41558-025-02246-9__p003__b03.png
10.1038_s41558-025-02246-9__p007__b00,subfigure,10.1038_s41558-025-02246-9__p007__b00,10.1038_s41558-025-02246-9,10.1038_s41558-025-02246-9.pdf,Environmental Science,7,0,Environmental Science/10.1038_s41558-025-02246-9/crops/10.1038_s41558-025-02246-9__p007__b00.png
10.1038_s41558-025-02246-9__p007__b01,subfigure,10.1038_s41558-025-02246-9__p007__b01,10.1038_s41558-025-02246-9,10.1038_s41558-025-02246-9.pdf,Environmental Science,7,1,Environmental Science/10.1038_s41558-025-02246-9/crops/10.1038_s41558-025-02246-9__p007__b01.png
10.1038_s41558-025-02246-9__p007__b02,subfigure,10.1038_s41558-025-02246-9__p007__b02,10.1038_s41558-025-02246-9,10.1038_s41558-025-02246-9.pdf,Environmental Science,7,2,Environmental Science/10.1038_s41558-025-02246-9/crops/10.1038_s41558-025-02246-9__p007__b02.png
10.1038_s41558-025-02246-9__p008__b00,subfigure,10.1038_s41558-025-02246-9__p008__b00,10.1038_s41558-025-02246-9,10.1038_s41558-025-02246-9.pdf,Environmental Science,8,0,Environmental Science/10.1038_s41558-025-02246-9/crops/10.1038_s41558-025-02246-9__p008__b00.png
10.1038_s41558-025-02246-9__p008__b01,subfigure,10.1038_s41558-025-02246-9__p008__b01,10.1038_s41558-025-02246-9,10.1038_s41558-025-02246-9.pdf,Environmental Science,8,1,Environmental Science/10.1038_s41558-025-02246-9/crops/10.1038_s41558-025-02246-9__p008__b01.png
10.1038_s41558-025-02246-9__p008__b02,subfigure,10.1038_s41558-025-02246-9__p008__b02,10.1038_s41558-025-02246-9,10.1038_s41558-025-02246-9.pdf,Environmental Science,8,2,Environmental Science/10.1038_s41558-025-02246-9/crops/10.1038_s41558-025-02246-9__p008__b02.png
10.1038_s41558-025-02246-9__p008__b03,subfigure,10.1038_s41558-025-02246-9__p008__b03,10.1038_s41558-025-02246-9,10.1038_s41558-025-02246-9.pdf,Environmental Science,8,3,Environmental Science/10.1038_s41558-025-02246-9/crops/10.1038_s41558-025-02246-9__p008__b03.png
10.1038_s41558-025-02246-9__p008__b04,subfigure,10.1038_s41558-025-02246-9__p008__b04,10.1038_s41558-025-02246-9,10.1038_s41558-025-02246-9.pdf,Environmental Science,8,4,Environmental Science/10.1038_s41558-025-02246-9/crops/10.1038_s41558-025-02246-9__p008__b04.png
10.1038_s41558-025-02246-9__p009__b00,subfigure,10.1038_s41558-025-02246-9__p009__b00,10.1038_s41558-025-02246-9,10.1038_s41558-025-02246-9.pdf,Environmental Science,9,0,Environmental Science/10.1038_s41558-025-02246-9/crops/10.1038_s41558-025-02246-9__p009__b00.png
10.1038_s41558-025-02246-9__p009__b01,subfigure,10.1038_s41558-025-02246-9__p009__b01,10.1038_s41558-025-02246-9,10.1038_s41558-025-02246-9.pdf,Environmental Science,9,1,Environmental Science/10.1038_s41558-025-02246-9/crops/10.1038_s41558-025-02246-9__p009__b01.png
10.1038_s41598-024-58061-3__p001__b00,subfigure,10.1038_s41598-024-58061-3__p001__b00,10.1038_s41598-024-58061-3,10.1038_s41598-024-58061-3.pdf,Environmental Science,1,0,Environmental Science/10.1038_s41598-024-58061-3/crops/10.1038_s41598-024-58061-3__p001__b00.png
10.1038_s41598-024-58061-3__p002__b00,subfigure,10.1038_s41598-024-58061-3__p002__b00,10.1038_s41598-024-58061-3,10.1038_s41598-024-58061-3.pdf,Environmental Science,2,0,Environmental Science/10.1038_s41598-024-58061-3/crops/10.1038_s41598-024-58061-3__p002__b00.png
10.1038_s41598-024-58061-3__p006__b00,subfigure,10.1038_s41598-024-58061-3__p006__b00,10.1038_s41598-024-58061-3,10.1038_s41598-024-58061-3.pdf,Environmental Science,6,0,Environmental Science/10.1038_s41598-024-58061-3/crops/10.1038_s41598-024-58061-3__p006__b00.png
10.1038_s41598-024-58061-3__p006__b01,subfigure,10.1038_s41598-024-58061-3__p006__b01,10.1038_s41598-024-58061-3,10.1038_s41598-024-58061-3.pdf,Environmental Science,6,1,Environmental Science/10.1038_s41598-024-58061-3/crops/10.1038_s41598-024-58061-3__p006__b01.png
10.1038_s41598-024-58061-3__p007__b00,subfigure,10.1038_s41598-024-58061-3__p007__b00,10.1038_s41598-024-58061-3,10.1038_s41598-024-58061-3.pdf,Environmental Science,7,0,Environmental Science/10.1038_s41598-024-58061-3/crops/10.1038_s41598-024-58061-3__p007__b00.png
10.1038_s41612-024-00888-8__p002__b00,subfigure,10.1038_s41612-024-00888-8__p002__b00,10.1038_s41612-024-00888-8,10.1038_s41612-024-00888-8.pdf,Environmental Science,2,0,Environmental Science/10.1038_s41612-024-00888-8/crops/10.1038_s41612-024-00888-8__p002__b00.png
10.1038_s41612-024-00888-8__p002__b01,subfigure,10.1038_s41612-024-00888-8__p002__b01,10.1038_s41612-024-00888-8,10.1038_s41612-024-00888-8.pdf,Environmental Science,2,1,Environmental Science/10.1038_s41612-024-00888-8/crops/10.1038_s41612-024-00888-8__p002__b01.png
10.1038_s41612-024-00888-8__p002__b02,subfigure,10.1038_s41612-024-00888-8__p002__b02,10.1038_s41612-024-00888-8,10.1038_s41612-024-00888-8.pdf,Environmental Science,2,2,Environmental Science/10.1038_s41612-024-00888-8/crops/10.1038_s41612-024-00888-8__p002__b02.png
10.1038_s41612-024-00888-8__p002__b03,subfigure,10.1038_s41612-024-00888-8__p002__b03,10.1038_s41612-024-00888-8,10.1038_s41612-024-00888-8.pdf,Environmental Science,2,3,Environmental Science/10.1038_s41612-024-00888-8/crops/10.1038_s41612-024-00888-8__p002__b03.png
10.1038_s41612-024-00888-8__p002__b04,subfigure,10.1038_s41612-024-00888-8__p002__b04,10.1038_s41612-024-00888-8,10.1038_s41612-024-00888-8.pdf,Environmental Science,2,4,Environmental Science/10.1038_s41612-024-00888-8/crops/10.1038_s41612-024-00888-8__p002__b04.png
10.1038_s43017-024-00596-0__p003__b00,subfigure,10.1038_s43017-024-00596-0__p003__b00,10.1038_s43017-024-00596-0,10.1038_s43017-024-00596-0.pdf,Environmental Science,3,0,Environmental Science/10.1038_s43017-024-00596-0/crops/10.1038_s43017-024-00596-0__p003__b00.png
10.1038_s43017-024-00596-0__p003__b01,subfigure,10.1038_s43017-024-00596-0__p003__b01,10.1038_s43017-024-00596-0,10.1038_s43017-024-00596-0.pdf,Environmental Science,3,1,Environmental Science/10.1038_s43017-024-00596-0/crops/10.1038_s43017-024-00596-0__p003__b01.png
10.1038_s44259-024-00026-7__p002__b00,subfigure,10.1038_s44259-024-00026-7__p002__b00,10.1038_s44259-024-00026-7,10.1038_s44259-024-00026-7.pdf,Environmental Science,2,0,Environmental Science/10.1038_s44259-024-00026-7/crops/10.1038_s44259-024-00026-7__p002__b00.png
10.1038_s44259-024-00026-7__p002__b01,subfigure,10.1038_s44259-024-00026-7__p002__b01,10.1038_s44259-024-00026-7,10.1038_s44259-024-00026-7.pdf,Environmental Science,2,1,Environmental Science/10.1038_s44259-024-00026-7/crops/10.1038_s44259-024-00026-7__p002__b01.png
10.1038_s44259-024-00026-7__p007__b00,subfigure,10.1038_s44259-024-00026-7__p007__b00,10.1038_s44259-024-00026-7,10.1038_s44259-024-00026-7.pdf,Environmental Science,7,0,Environmental Science/10.1038_s44259-024-00026-7/crops/10.1038_s44259-024-00026-7__p007__b00.png
10.1038_s44259-024-00026-7__p008__b00,subfigure,10.1038_s44259-024-00026-7__p008__b00,10.1038_s44259-024-00026-7,10.1038_s44259-024-00026-7.pdf,Environmental Science,8,0,Environmental Science/10.1038_s44259-024-00026-7/crops/10.1038_s44259-024-00026-7__p008__b00.png
10.11591_ijeecs.v37.i1.pp179-185__p004__b00,subfigure,10.11591_ijeecs.v37.i1.pp179-185__p004__b00,10.11591_ijeecs.v37.i1.pp179-185,10.11591_ijeecs.v37.i1.pp179-185.pdf,Environmental Science,4,0,Environmental Science/10.11591_ijeecs.v37.i1.pp179-185/crops/10.11591_ijeecs.v37.i1.pp179-185__p004__b00.png
10.11591_ijeecs.v37.i1.pp179-185__p004__b01,subfigure,10.11591_ijeecs.v37.i1.pp179-185__p004__b01,10.11591_ijeecs.v37.i1.pp179-185,10.11591_ijeecs.v37.i1.pp179-185.pdf,Environmental Science,4,1,Environmental Science/10.11591_ijeecs.v37.i1.pp179-185/crops/10.11591_ijeecs.v37.i1.pp179-185__p004__b01.png
10.11591_ijeecs.v37.i1.pp179-185__p005__b00,subfigure,10.11591_ijeecs.v37.i1.pp179-185__p005__b00,10.11591_ijeecs.v37.i1.pp179-185,10.11591_ijeecs.v37.i1.pp179-185.pdf,Environmental Science,5,0,Environmental Science/10.11591_ijeecs.v37.i1.pp179-185/crops/10.11591_ijeecs.v37.i1.pp179-185__p005__b00.png
10.11591_ijeecs.v37.i1.pp179-185__p005__b01,subfigure,10.11591_ijeecs.v37.i1.pp179-185__p005__b01,10.11591_ijeecs.v37.i1.pp179-185,10.11591_ijeecs.v37.i1.pp179-185.pdf,Environmental Science,5,1,Environmental Science/10.11591_ijeecs.v37.i1.pp179-185/crops/10.11591_ijeecs.v37.i1.pp179-185__p005__b01.png
10.11591_ijeecs.v37.i1.pp179-185__p005__b02,subfigure,10.11591_ijeecs.v37.i1.pp179-185__p005__b02,10.11591_ijeecs.v37.i1.pp179-185,10.11591_ijeecs.v37.i1.pp179-185.pdf,Environmental Science,5,2,Environmental Science/10.11591_ijeecs.v37.i1.pp179-185/crops/10.11591_ijeecs.v37.i1.pp179-185__p005__b02.png
10.11591_ijeecs.v37.i1.pp179-185__p007__b00,subfigure,10.11591_ijeecs.v37.i1.pp179-185__p007__b00,10.11591_ijeecs.v37.i1.pp179-185,10.11591_ijeecs.v37.i1.pp179-185.pdf,Environmental Science,7,0,Environmental Science/10.11591_ijeecs.v37.i1.pp179-185/crops/10.11591_ijeecs.v37.i1.pp179-185__p007__b00.png
10.3389_fendo.2023.1330396__p003__b00,subfigure,10.3389_fendo.2023.1330396__p003__b00,10.3389_fendo.2023.1330396,10.3389_fendo.2023.1330396.pdf,Environmental Science,3,0,Environmental Science/10.3389_fendo.2023.1330396/crops/10.3389_fendo.2023.1330396__p003__b00.png
10.3389_fendo.2023.1330396__p003__b01,subfigure,10.3389_fendo.2023.1330396__p003__b01,10.3389_fendo.2023.1330396,10.3389_fendo.2023.1330396.pdf,Environmental Science,3,1,Environmental Science/10.3389_fendo.2023.1330396/crops/10.3389_fendo.2023.1330396__p003__b01.png
10.3389_fendo.2023.1330396__p004__b00,subfigure,10.3389_fendo.2023.1330396__p004__b00,10.3389_fendo.2023.1330396,10.3389_fendo.2023.1330396.pdf,Environmental Science,4,0,Environmental Science/10.3389_fendo.2023.1330396/crops/10.3389_fendo.2023.1330396__p004__b00.png
10.3389_fendo.2023.1330396__p004__b01,subfigure,10.3389_fendo.2023.1330396__p004__b01,10.3389_fendo.2023.1330396,10.3389_fendo.2023.1330396.pdf,Environmental Science,4,1,Environmental Science/10.3389_fendo.2023.1330396/crops/10.3389_fendo.2023.1330396__p004__b01.png
10.3389_fendo.2023.1330396__p004__b02,subfigure,10.3389_fendo.2023.1330396__p004__b02,10.3389_fendo.2023.1330396,10.3389_fendo.2023.1330396.pdf,Environmental Science,4,2,Environmental Science/10.3389_fendo.2023.1330396/crops/10.3389_fendo.2023.1330396__p004__b02.png
10.3389_fimmu.2024.1457010__p005__b00,subfigure,10.3389_fimmu.2024.1457010__p005__b00,10.3389_fimmu.2024.1457010,10.3389_fimmu.2024.1457010.pdf,Environmental Science,5,0,Environmental Science/10.3389_fimmu.2024.1457010/crops/10.3389_fimmu.2024.1457010__p005__b00.png
10.3389_fimmu.2024.1457010__p006__b00,subfigure,10.3389_fimmu.2024.1457010__p006__b00,10.3389_fimmu.2024.1457010,10.3389_fimmu.2024.1457010.pdf,Environmental Science,6,0,Environmental Science/10.3389_fimmu.2024.1457010/crops/10.3389_fimmu.2024.1457010__p006__b00.png
10.1016_j.cell.2024.10.017__p001__b00,subfigure,10.1016_j.cell.2024.10.017__p001__b00,10.1016_j.cell.2024.10.017,10.1016_j.cell.2024.10.017.pdf,Immunology and Microbiology,1,0,Immunology and Microbiology/10.1016_j.cell.2024.10.017/crops/10.1016_j.cell.2024.10.017__p001__b00.png
10.1016_j.cell.2024.10.017__p001__b01,subfigure,10.1016_j.cell.2024.10.017__p001__b01,10.1016_j.cell.2024.10.017,10.1016_j.cell.2024.10.017.pdf,Immunology and Microbiology,1,1,Immunology and Microbiology/10.1016_j.cell.2024.10.017/crops/10.1016_j.cell.2024.10.017__p001__b01.png
10.1016_j.cell.2024.10.017__p004__b00,subfigure,10.1016_j.cell.2024.10.017__p004__b00,10.1016_j.cell.2024.10.017,10.1016_j.cell.2024.10.017.pdf,Immunology and Microbiology,4,0,Immunology and Microbiology/10.1016_j.cell.2024.10.017/crops/10.1016_j.cell.2024.10.017__p004__b00.png
10.1016_j.cell.2024.10.017__p004__b01,subfigure,10.1016_j.cell.2024.10.017__p004__b01,10.1016_j.cell.2024.10.017,10.1016_j.cell.2024.10.017.pdf,Immunology and Microbiology,4,1,Immunology and Microbiology/10.1016_j.cell.2024.10.017/crops/10.1016_j.cell.2024.10.017__p004__b01.png
10.1016_j.cell.2024.10.017__p006__b00,subfigure,10.1016_j.cell.2024.10.017__p006__b00,10.1016_j.cell.2024.10.017,10.1016_j.cell.2024.10.017.pdf,Immunology and Microbiology,6,0,Immunology and Microbiology/10.1016_j.cell.2024.10.017/crops/10.1016_j.cell.2024.10.017__p006__b00.png
10.1016_j.cell.2024.10.017__p006__b01,subfigure,10.1016_j.cell.2024.10.017__p006__b01,10.1016_j.cell.2024.10.017,10.1016_j.cell.2024.10.017.pdf,Immunology and Microbiology,6,1,Immunology and Microbiology/10.1016_j.cell.2024.10.017/crops/10.1016_j.cell.2024.10.017__p006__b01.png
10.1016_j.cell.2024.10.017__p006__b02,subfigure,10.1016_j.cell.2024.10.017__p006__b02,10.1016_j.cell.2024.10.017,10.1016_j.cell.2024.10.017.pdf,Immunology and Microbiology,6,2,Immunology and Microbiology/10.1016_j.cell.2024.10.017/crops/10.1016_j.cell.2024.10.017__p006__b02.png
10.1016_j.cell.2024.10.017__p007__b00,subfigure,10.1016_j.cell.2024.10.017__p007__b00,10.1016_j.cell.2024.10.017,10.1016_j.cell.2024.10.017.pdf,Immunology and Microbiology,7,0,Immunology and Microbiology/10.1016_j.cell.2024.10.017/crops/10.1016_j.cell.2024.10.017__p007__b00.png
10.1016_j.cell.2024.10.017__p007__b01,subfigure,10.1016_j.cell.2024.10.017__p007__b01,10.1016_j.cell.2024.10.017,10.1016_j.cell.2024.10.017.pdf,Immunology and Microbiology,7,1,Immunology and Microbiology/10.1016_j.cell.2024.10.017/crops/10.1016_j.cell.2024.10.017__p007__b01.png
10.1016_j.cell.2024.10.017__p007__b02,subfigure,10.1016_j.cell.2024.10.017__p007__b02,10.1016_j.cell.2024.10.017,10.1016_j.cell.2024.10.017.pdf,Immunology and Microbiology,7,2,Immunology and Microbiology/10.1016_j.cell.2024.10.017/crops/10.1016_j.cell.2024.10.017__p007__b02.png
10.1016_j.cell.2024.10.017__p007__b03,subfigure,10.1016_j.cell.2024.10.017__p007__b03,10.1016_j.cell.2024.10.017,10.1016_j.cell.2024.10.017.pdf,Immunology and Microbiology,7,3,Immunology and Microbiology/10.1016_j.cell.2024.10.017/crops/10.1016_j.cell.2024.10.017__p007__b03.png
10.1016_j.cell.2024.10.017__p007__b04,subfigure,10.1016_j.cell.2024.10.017__p007__b04,10.1016_j.cell.2024.10.017,10.1016_j.cell.2024.10.017.pdf,Immunology and Microbiology,7,4,Immunology and Microbiology/10.1016_j.cell.2024.10.017/crops/10.1016_j.cell.2024.10.017__p007__b04.png
10.1016_j.cell.2024.10.017__p016__b00,subfigure,10.1016_j.cell.2024.10.017__p016__b00,10.1016_j.cell.2024.10.017,10.1016_j.cell.2024.10.017.pdf,Immunology and Microbiology,16,0,Immunology and Microbiology/10.1016_j.cell.2024.10.017/crops/10.1016_j.cell.2024.10.017__p016__b00.png
10.1016_j.cell.2024.10.017__p017__b00,subfigure,10.1016_j.cell.2024.10.017__p017__b00,10.1016_j.cell.2024.10.017,10.1016_j.cell.2024.10.017.pdf,Immunology and Microbiology,17,0,Immunology and Microbiology/10.1016_j.cell.2024.10.017/crops/10.1016_j.cell.2024.10.017__p017__b00.png
10.1016_j.cell.2024.10.017__p018__b00,subfigure,10.1016_j.cell.2024.10.017__p018__b00,10.1016_j.cell.2024.10.017,10.1016_j.cell.2024.10.017.pdf,Immunology and Microbiology,18,0,Immunology and Microbiology/10.1016_j.cell.2024.10.017/crops/10.1016_j.cell.2024.10.017__p018__b00.png
10.1016_j.cell.2024.10.017__p018__b01,subfigure,10.1016_j.cell.2024.10.017__p018__b01,10.1016_j.cell.2024.10.017,10.1016_j.cell.2024.10.017.pdf,Immunology and Microbiology,18,1,Immunology and Microbiology/10.1016_j.cell.2024.10.017/crops/10.1016_j.cell.2024.10.017__p018__b01.png
10.1016_s0140-6736(24)00876-6__p005__b00,subfigure,10.1016_s0140-6736(24)00876-6__p005__b00,10.1016_s0140-6736(24)00876-6,10.1016_s0140-6736(24)00876-6.pdf,Immunology and Microbiology,5,0,Immunology and Microbiology/10.1016_s0140-6736(24)00876-6/crops/10.1016_s0140-6736(24)00876-6__p005__b00.png
10.1016_s0140-6736(24)00876-6__p005__b01,subfigure,10.1016_s0140-6736(24)00876-6__p005__b01,10.1016_s0140-6736(24)00876-6,10.1016_s0140-6736(24)00876-6.pdf,Immunology and Microbiology,5,1,Immunology and Microbiology/10.1016_s0140-6736(24)00876-6/crops/10.1016_s0140-6736(24)00876-6__p005__b01.png
10.1016_s0140-6736(24)00876-6__p006__b00,subfigure,10.1016_s0140-6736(24)00876-6__p006__b00,10.1016_s0140-6736(24)00876-6,10.1016_s0140-6736(24)00876-6.pdf,Immunology and Microbiology,6,0,Immunology and Microbiology/10.1016_s0140-6736(24)00876-6/crops/10.1016_s0140-6736(24)00876-6__p006__b00.png
10.1016_s0140-6736(24)00876-6__p006__b01,subfigure,10.1016_s0140-6736(24)00876-6__p006__b01,10.1016_s0140-6736(24)00876-6,10.1016_s0140-6736(24)00876-6.pdf,Immunology and Microbiology,6,1,Immunology and Microbiology/10.1016_s0140-6736(24)00876-6/crops/10.1016_s0140-6736(24)00876-6__p006__b01.png
10.1038_s41419-024-07166-8__p003__b00,subfigure,10.1038_s41419-024-07166-8__p003__b00,10.1038_s41419-024-07166-8,10.1038_s41419-024-07166-8.pdf,Immunology and Microbiology,3,0,Immunology and Microbiology/10.1038_s41419-024-07166-8/crops/10.1038_s41419-024-07166-8__p003__b00.png
10.1038_s41419-024-07166-8__p003__b01,subfigure,10.1038_s41419-024-07166-8__p003__b01,10.1038_s41419-024-07166-8,10.1038_s41419-024-07166-8.pdf,Immunology and Microbiology,3,1,Immunology and Microbiology/10.1038_s41419-024-07166-8/crops/10.1038_s41419-024-07166-8__p003__b01.png
10.1038_s41419-024-07166-8__p006__b00,subfigure,10.1038_s41419-024-07166-8__p006__b00,10.1038_s41419-024-07166-8,10.1038_s41419-024-07166-8.pdf,Immunology and Microbiology,6,0,Immunology and Microbiology/10.1038_s41419-024-07166-8/crops/10.1038_s41419-024-07166-8__p006__b00.png
10.1038_s41419-024-07166-8__p006__b01,subfigure,10.1038_s41419-024-07166-8__p006__b01,10.1038_s41419-024-07166-8,10.1038_s41419-024-07166-8.pdf,Immunology and Microbiology,6,1,Immunology and Microbiology/10.1038_s41419-024-07166-8/crops/10.1038_s41419-024-07166-8__p006__b01.png
10.1038_s41419-024-07166-8__p009__b00,subfigure,10.1038_s41419-024-07166-8__p009__b00,10.1038_s41419-024-07166-8,10.1038_s41419-024-07166-8.pdf,Immunology and Microbiology,9,0,Immunology and Microbiology/10.1038_s41419-024-07166-8/crops/10.1038_s41419-024-07166-8__p009__b00.png
10.1038_s41419-024-07166-8__p009__b01,subfigure,10.1038_s41419-024-07166-8__p009__b01,10.1038_s41419-024-07166-8,10.1038_s41419-024-07166-8.pdf,Immunology and Microbiology,9,1,Immunology and Microbiology/10.1038_s41419-024-07166-8/crops/10.1038_s41419-024-07166-8__p009__b01.png
10.1038_s41420-024-02247-1__p002__b00,subfigure,10.1038_s41420-024-02247-1__p002__b00,10.1038_s41420-024-02247-1,10.1038_s41420-024-02247-1.pdf,Immunology and Microbiology,2,0,Immunology and Microbiology/10.1038_s41420-024-02247-1/crops/10.1038_s41420-024-02247-1__p002__b00.png
10.1038_s41420-024-02247-1__p004__b00,subfigure,10.1038_s41420-024-02247-1__p004__b00,10.1038_s41420-024-02247-1,10.1038_s41420-024-02247-1.pdf,Immunology and Microbiology,4,0,Immunology and Microbiology/10.1038_s41420-024-02247-1/crops/10.1038_s41420-024-02247-1__p004__b00.png
10.1038_s41420-024-02247-1__p004__b01,subfigure,10.1038_s41420-024-02247-1__p004__b01,10.1038_s41420-024-02247-1,10.1038_s41420-024-02247-1.pdf,Immunology and Microbiology,4,1,Immunology and Microbiology/10.1038_s41420-024-02247-1/crops/10.1038_s41420-024-02247-1__p004__b01.png
10.1038_s41420-024-02247-1__p005__b00,subfigure,10.1038_s41420-024-02247-1__p005__b00,10.1038_s41420-024-02247-1,10.1038_s41420-024-02247-1.pdf,Immunology and Microbiology,5,0,Immunology and Microbiology/10.1038_s41420-024-02247-1/crops/10.1038_s41420-024-02247-1__p005__b00.png
10.1038_s41420-024-02247-1__p005__b01,subfigure,10.1038_s41420-024-02247-1__p005__b01,10.1038_s41420-024-02247-1,10.1038_s41420-024-02247-1.pdf,Immunology and Microbiology,5,1,Immunology and Microbiology/10.1038_s41420-024-02247-1/crops/10.1038_s41420-024-02247-1__p005__b01.png
10.1038_s41420-024-02247-1__p005__b02,subfigure,10.1038_s41420-024-02247-1__p005__b02,10.1038_s41420-024-02247-1,10.1038_s41420-024-02247-1.pdf,Immunology and Microbiology,5,2,Immunology and Microbiology/10.1038_s41420-024-02247-1/crops/10.1038_s41420-024-02247-1__p005__b02.png
10.1038_s41420-024-02247-1__p006__b00,subfigure,10.1038_s41420-024-02247-1__p006__b00,10.1038_s41420-024-02247-1,10.1038_s41420-024-02247-1.pdf,Immunology and Microbiology,6,0,Immunology and Microbiology/10.1038_s41420-024-02247-1/crops/10.1038_s41420-024-02247-1__p006__b00.png
10.1038_s41423-024-01148-8__p002__b00,subfigure,10.1038_s41423-024-01148-8__p002__b00,10.1038_s41423-024-01148-8,10.1038_s41423-024-01148-8.pdf,Immunology and Microbiology,2,0,Immunology and Microbiology/10.1038_s41423-024-01148-8/crops/10.1038_s41423-024-01148-8__p002__b00.png
10.1038_s41423-024-01148-8__p002__b01,subfigure,10.1038_s41423-024-01148-8__p002__b01,10.1038_s41423-024-01148-8,10.1038_s41423-024-01148-8.pdf,Immunology and Microbiology,2,1,Immunology and Microbiology/10.1038_s41423-024-01148-8/crops/10.1038_s41423-024-01148-8__p002__b01.png
10.1038_s41423-024-01148-8__p002__b02,subfigure,10.1038_s41423-024-01148-8__p002__b02,10.1038_s41423-024-01148-8,10.1038_s41423-024-01148-8.pdf,Immunology and Microbiology,2,2,Immunology and Microbiology/10.1038_s41423-024-01148-8/crops/10.1038_s41423-024-01148-8__p002__b02.png
10.1038_s41423-024-01148-8__p005__b00,subfigure,10.1038_s41423-024-01148-8__p005__b00,10.1038_s41423-024-01148-8,10.1038_s41423-024-01148-8.pdf,Immunology and Microbiology,5,0,Immunology and Microbiology/10.1038_s41423-024-01148-8/crops/10.1038_s41423-024-01148-8__p005__b00.png
10.1038_s41423-024-01148-8__p009__b00,subfigure,10.1038_s41423-024-01148-8__p009__b00,10.1038_s41423-024-01148-8,10.1038_s41423-024-01148-8.pdf,Immunology and Microbiology,9,0,Immunology and Microbiology/10.1038_s41423-024-01148-8/crops/10.1038_s41423-024-01148-8__p009__b00.png
10.1038_s41541-024-00874-4__p002__b00,subfigure,10.1038_s41541-024-00874-4__p002__b00,10.1038_s41541-024-00874-4,10.1038_s41541-024-00874-4.pdf,Immunology and Microbiology,2,0,Immunology and Microbiology/10.1038_s41541-024-00874-4/crops/10.1038_s41541-024-00874-4__p002__b00.png
10.1038_s41541-024-00874-4__p002__b01,subfigure,10.1038_s41541-024-00874-4__p002__b01,10.1038_s41541-024-00874-4,10.1038_s41541-024-00874-4.pdf,Immunology and Microbiology,2,1,Immunology and Microbiology/10.1038_s41541-024-00874-4/crops/10.1038_s41541-024-00874-4__p002__b01.png
10.1038_s41541-024-00874-4__p002__b02,subfigure,10.1038_s41541-024-00874-4__p002__b02,10.1038_s41541-024-00874-4,10.1038_s41541-024-00874-4.pdf,Immunology and Microbiology,2,2,Immunology and Microbiology/10.1038_s41541-024-00874-4/crops/10.1038_s41541-024-00874-4__p002__b02.png
10.1038_s41541-024-00874-4__p004__b00,subfigure,10.1038_s41541-024-00874-4__p004__b00,10.1038_s41541-024-00874-4,10.1038_s41541-024-00874-4.pdf,Immunology and Microbiology,4,0,Immunology and Microbiology/10.1038_s41541-024-00874-4/crops/10.1038_s41541-024-00874-4__p004__b00.png
10.1038_s41541-024-00874-4__p005__b00,subfigure,10.1038_s41541-024-00874-4__p005__b00,10.1038_s41541-024-00874-4,10.1038_s41541-024-00874-4.pdf,Immunology and Microbiology,5,0,Immunology and Microbiology/10.1038_s41541-024-00874-4/crops/10.1038_s41541-024-00874-4__p005__b00.png
10.1038_s41541-024-00874-4__p005__b01,subfigure,10.1038_s41541-024-00874-4__p005__b01,10.1038_s41541-024-00874-4,10.1038_s41541-024-00874-4.pdf,Immunology and Microbiology,5,1,Immunology and Microbiology/10.1038_s41541-024-00874-4/crops/10.1038_s41541-024-00874-4__p005__b01.png
10.1038_s41541-024-00874-4__p005__b02,subfigure,10.1038_s41541-024-00874-4__p005__b02,10.1038_s41541-024-00874-4,10.1038_s41541-024-00874-4.pdf,Immunology and Microbiology,5,2,Immunology and Microbiology/10.1038_s41541-024-00874-4/crops/10.1038_s41541-024-00874-4__p005__b02.png
10.1038_s41541-024-00874-4__p005__b03,subfigure,10.1038_s41541-024-00874-4__p005__b03,10.1038_s41541-024-00874-4,10.1038_s41541-024-00874-4.pdf,Immunology and Microbiology,5,3,Immunology and Microbiology/10.1038_s41541-024-00874-4/crops/10.1038_s41541-024-00874-4__p005__b03.png
10.1038_s41541-024-00874-4__p005__b04,subfigure,10.1038_s41541-024-00874-4__p005__b04,10.1038_s41541-024-00874-4,10.1038_s41541-024-00874-4.pdf,Immunology and Microbiology,5,4,Immunology and Microbiology/10.1038_s41541-024-00874-4/crops/10.1038_s41541-024-00874-4__p005__b04.png
10.1038_s41541-024-00874-4__p007__b00,subfigure,10.1038_s41541-024-00874-4__p007__b00,10.1038_s41541-024-00874-4,10.1038_s41541-024-00874-4.pdf,Immunology and Microbiology,7,0,Immunology and Microbiology/10.1038_s41541-024-00874-4/crops/10.1038_s41541-024-00874-4__p007__b00.png
10.1038_s41541-024-00874-4__p007__b01,subfigure,10.1038_s41541-024-00874-4__p007__b01,10.1038_s41541-024-00874-4,10.1038_s41541-024-00874-4.pdf,Immunology and Microbiology,7,1,Immunology and Microbiology/10.1038_s41541-024-00874-4/crops/10.1038_s41541-024-00874-4__p007__b01.png
10.1038_s41541-024-00874-4__p007__b02,subfigure,10.1038_s41541-024-00874-4__p007__b02,10.1038_s41541-024-00874-4,10.1038_s41541-024-00874-4.pdf,Immunology and Microbiology,7,2,Immunology and Microbiology/10.1038_s41541-024-00874-4/crops/10.1038_s41541-024-00874-4__p007__b02.png
10.1038_s41541-024-00874-4__p007__b03,subfigure,10.1038_s41541-024-00874-4__p007__b03,10.1038_s41541-024-00874-4,10.1038_s41541-024-00874-4.pdf,Immunology and Microbiology,7,3,Immunology and Microbiology/10.1038_s41541-024-00874-4/crops/10.1038_s41541-024-00874-4__p007__b03.png
10.1038_s41541-024-00874-4__p007__b04,subfigure,10.1038_s41541-024-00874-4__p007__b04,10.1038_s41541-024-00874-4,10.1038_s41541-024-00874-4.pdf,Immunology and Microbiology,7,4,Immunology and Microbiology/10.1038_s41541-024-00874-4/crops/10.1038_s41541-024-00874-4__p007__b04.png
10.1038_s41541-024-00874-4__p007__b05,subfigure,10.1038_s41541-024-00874-4__p007__b05,10.1038_s41541-024-00874-4,10.1038_s41541-024-00874-4.pdf,Immunology and Microbiology,7,5,Immunology and Microbiology/10.1038_s41541-024-00874-4/crops/10.1038_s41541-024-00874-4__p007__b05.png
10.2147_idr.s530557__p005__b00,subfigure,10.2147_idr.s530557__p005__b00,10.2147_idr.s530557,10.2147_idr.s530557.pdf,Immunology and Microbiology,5,0,Immunology and Microbiology/10.2147_idr.s530557/crops/10.2147_idr.s530557__p005__b00.png
10.2147_idr.s530557__p005__b01,subfigure,10.2147_idr.s530557__p005__b01,10.2147_idr.s530557,10.2147_idr.s530557.pdf,Immunology and Microbiology,5,1,Immunology and Microbiology/10.2147_idr.s530557/crops/10.2147_idr.s530557__p005__b01.png
10.2147_idr.s530557__p008__b00,subfigure,10.2147_idr.s530557__p008__b00,10.2147_idr.s530557,10.2147_idr.s530557.pdf,Immunology and Microbiology,8,0,Immunology and Microbiology/10.2147_idr.s530557/crops/10.2147_idr.s530557__p008__b00.png
10.2147_idr.s530557__p014__b00,subfigure,10.2147_idr.s530557__p014__b00,10.2147_idr.s530557,10.2147_idr.s530557.pdf,Immunology and Microbiology,14,0,Immunology and Microbiology/10.2147_idr.s530557/crops/10.2147_idr.s530557__p014__b00.png
10.3389_fimmu.2024.1359600__p002__b00,subfigure,10.3389_fimmu.2024.1359600__p002__b00,10.3389_fimmu.2024.1359600,10.3389_fimmu.2024.1359600.pdf,Immunology and Microbiology,2,0,Immunology and Microbiology/10.3389_fimmu.2024.1359600/crops/10.3389_fimmu.2024.1359600__p002__b00.png
10.3389_fimmu.2024.1359600__p007__b00,subfigure,10.3389_fimmu.2024.1359600__p007__b00,10.3389_fimmu.2024.1359600,10.3389_fimmu.2024.1359600.pdf,Immunology and Microbiology,7,0,Immunology and Microbiology/10.3389_fimmu.2024.1359600/crops/10.3389_fimmu.2024.1359600__p007__b00.png
10.3389_fimmu.2024.1359600__p007__b01,subfigure,10.3389_fimmu.2024.1359600__p007__b01,10.3389_fimmu.2024.1359600,10.3389_fimmu.2024.1359600.pdf,Immunology and Microbiology,7,1,Immunology and Microbiology/10.3389_fimmu.2024.1359600/crops/10.3389_fimmu.2024.1359600__p007__b01.png
10.3389_fimmu.2024.1359600__p008__b00,subfigure,10.3389_fimmu.2024.1359600__p008__b00,10.3389_fimmu.2024.1359600,10.3389_fimmu.2024.1359600.pdf,Immunology and Microbiology,8,0,Immunology and Microbiology/10.3389_fimmu.2024.1359600/crops/10.3389_fimmu.2024.1359600__p008__b00.png
10.3389_fimmu.2024.1359600__p010__b00,subfigure,10.3389_fimmu.2024.1359600__p010__b00,10.3389_fimmu.2024.1359600,10.3389_fimmu.2024.1359600.pdf,Immunology and Microbiology,10,0,Immunology and Microbiology/10.3389_fimmu.2024.1359600/crops/10.3389_fimmu.2024.1359600__p010__b00.png
10.3389_fmars.2024.1455905__p002__b00,subfigure,10.3389_fmars.2024.1455905__p002__b00,10.3389_fmars.2024.1455905,10.3389_fmars.2024.1455905.pdf,Immunology and Microbiology,2,0,Immunology and Microbiology/10.3389_fmars.2024.1455905/crops/10.3389_fmars.2024.1455905__p002__b00.png
10.3389_fmars.2024.1455905__p003__b00,subfigure,10.3389_fmars.2024.1455905__p003__b00,10.3389_fmars.2024.1455905,10.3389_fmars.2024.1455905.pdf,Immunology and Microbiology,3,0,Immunology and Microbiology/10.3389_fmars.2024.1455905/crops/10.3389_fmars.2024.1455905__p003__b00.png
10.3389_fmars.2024.1455905__p005__b00,subfigure,10.3389_fmars.2024.1455905__p005__b00,10.3389_fmars.2024.1455905,10.3389_fmars.2024.1455905.pdf,Immunology and Microbiology,5,0,Immunology and Microbiology/10.3389_fmars.2024.1455905/crops/10.3389_fmars.2024.1455905__p005__b00.png
10.3389_fmars.2024.1455905__p006__b00,subfigure,10.3389_fmars.2024.1455905__p006__b00,10.3389_fmars.2024.1455905,10.3389_fmars.2024.1455905.pdf,Immunology and Microbiology,6,0,Immunology and Microbiology/10.3389_fmars.2024.1455905/crops/10.3389_fmars.2024.1455905__p006__b00.png
10.3389_fmars.2024.1455905__p010__b00,subfigure,10.3389_fmars.2024.1455905__p010__b00,10.3389_fmars.2024.1455905,10.3389_fmars.2024.1455905.pdf,Immunology and Microbiology,10,0,Immunology and Microbiology/10.3389_fmars.2024.1455905/crops/10.3389_fmars.2024.1455905__p010__b00.png
10.3389_fmars.2024.1455905__p010__b01,subfigure,10.3389_fmars.2024.1455905__p010__b01,10.3389_fmars.2024.1455905,10.3389_fmars.2024.1455905.pdf,Immunology and Microbiology,10,1,Immunology and Microbiology/10.3389_fmars.2024.1455905/crops/10.3389_fmars.2024.1455905__p010__b01.png
10.3389_fmars.2024.1455905__p011__b00,subfigure,10.3389_fmars.2024.1455905__p011__b00,10.3389_fmars.2024.1455905,10.3389_fmars.2024.1455905.pdf,Immunology and Microbiology,11,0,Immunology and Microbiology/10.3389_fmars.2024.1455905/crops/10.3389_fmars.2024.1455905__p011__b00.png
10.3389_fmars.2024.1455905__p015__b00,subfigure,10.3389_fmars.2024.1455905__p015__b00,10.3389_fmars.2024.1455905,10.3389_fmars.2024.1455905.pdf,Immunology and Microbiology,15,0,Immunology and Microbiology/10.3389_fmars.2024.1455905/crops/10.3389_fmars.2024.1455905__p015__b00.png
10.3389_fmars.2024.1455905__p018__b00,subfigure,10.3389_fmars.2024.1455905__p018__b00,10.3389_fmars.2024.1455905,10.3389_fmars.2024.1455905.pdf,Immunology and Microbiology,18,0,Immunology and Microbiology/10.3389_fmars.2024.1455905/crops/10.3389_fmars.2024.1455905__p018__b00.png
10.3389_fmicb.2024.1390765__p001__b00,subfigure,10.3389_fmicb.2024.1390765__p001__b00,10.3389_fmicb.2024.1390765,10.3389_fmicb.2024.1390765.pdf,Immunology and Microbiology,1,0,Immunology and Microbiology/10.3389_fmicb.2024.1390765/crops/10.3389_fmicb.2024.1390765__p001__b00.png
10.3389_fmicb.2024.1390765__p004__b00,subfigure,10.3389_fmicb.2024.1390765__p004__b00,10.3389_fmicb.2024.1390765,10.3389_fmicb.2024.1390765.pdf,Immunology and Microbiology,4,0,Immunology and Microbiology/10.3389_fmicb.2024.1390765/crops/10.3389_fmicb.2024.1390765__p004__b00.png
10.3389_fmicb.2024.1390765__p005__b00,subfigure,10.3389_fmicb.2024.1390765__p005__b00,10.3389_fmicb.2024.1390765,10.3389_fmicb.2024.1390765.pdf,Immunology and Microbiology,5,0,Immunology and Microbiology/10.3389_fmicb.2024.1390765/crops/10.3389_fmicb.2024.1390765__p005__b00.png
10.3389_fmicb.2024.1390765__p007__b00,subfigure,10.3389_fmicb.2024.1390765__p007__b00,10.3389_fmicb.2024.1390765,10.3389_fmicb.2024.1390765.pdf,Immunology and Microbiology,7,0,Immunology and Microbiology/10.3389_fmicb.2024.1390765/crops/10.3389_fmicb.2024.1390765__p007__b00.png
10.1038_s41467-024-45563-x__p002__b00,subfigure,10.1038_s41467-024-45563-x__p002__b00,10.1038_s41467-024-45563-x,10.1038_s41467-024-45563-x.pdf,Materials Science,2,0,Materials Science/10.1038_s41467-024-45563-x/crops/10.1038_s41467-024-45563-x__p002__b00.png
10.1038_s41467-024-45563-x__p002__b01,subfigure,10.1038_s41467-024-45563-x__p002__b01,10.1038_s41467-024-45563-x,10.1038_s41467-024-45563-x.pdf,Materials Science,2,1,Materials Science/10.1038_s41467-024-45563-x/crops/10.1038_s41467-024-45563-x__p002__b01.png
10.1038_s41467-024-45563-x__p004__b00,subfigure,10.1038_s41467-024-45563-x__p004__b00,10.1038_s41467-024-45563-x,10.1038_s41467-024-45563-x.pdf,Materials Science,4,0,Materials Science/10.1038_s41467-024-45563-x/crops/10.1038_s41467-024-45563-x__p004__b00.png
10.1038_s41467-024-45563-x__p006__b00,subfigure,10.1038_s41467-024-45563-x__p006__b00,10.1038_s41467-024-45563-x,10.1038_s41467-024-45563-x.pdf,Materials Science,6,0,Materials Science/10.1038_s41467-024-45563-x/crops/10.1038_s41467-024-45563-x__p006__b00.png
10.1038_s41467-024-45563-x__p006__b01,subfigure,10.1038_s41467-024-45563-x__p006__b01,10.1038_s41467-024-45563-x,10.1038_s41467-024-45563-x.pdf,Materials Science,6,1,Materials Science/10.1038_s41467-024-45563-x/crops/10.1038_s41467-024-45563-x__p006__b01.png
10.1038_s41467-024-45563-x__p006__b02,subfigure,10.1038_s41467-024-45563-x__p006__b02,10.1038_s41467-024-45563-x,10.1038_s41467-024-45563-x.pdf,Materials Science,6,2,Materials Science/10.1038_s41467-024-45563-x/crops/10.1038_s41467-024-45563-x__p006__b02.png
10.1038_s41467-024-45563-x__p006__b03,subfigure,10.1038_s41467-024-45563-x__p006__b03,10.1038_s41467-024-45563-x,10.1038_s41467-024-45563-x.pdf,Materials Science,6,3,Materials Science/10.1038_s41467-024-45563-x/crops/10.1038_s41467-024-45563-x__p006__b03.png
10.1038_s41467-024-45563-x__p007__b00,subfigure,10.1038_s41467-024-45563-x__p007__b00,10.1038_s41467-024-45563-x,10.1038_s41467-024-45563-x.pdf,Materials Science,7,0,Materials Science/10.1038_s41467-024-45563-x/crops/10.1038_s41467-024-45563-x__p007__b00.png
10.1038_s41467-024-45563-x__p007__b01,subfigure,10.1038_s41467-024-45563-x__p007__b01,10.1038_s41467-024-45563-x,10.1038_s41467-024-45563-x.pdf,Materials Science,7,1,Materials Science/10.1038_s41467-024-45563-x/crops/10.1038_s41467-024-45563-x__p007__b01.png
10.1038_s41467-024-45563-x__p007__b02,subfigure,10.1038_s41467-024-45563-x__p007__b02,10.1038_s41467-024-45563-x,10.1038_s41467-024-45563-x.pdf,Materials Science,7,2,Materials Science/10.1038_s41467-024-45563-x/crops/10.1038_s41467-024-45563-x__p007__b02.png
10.1038_s41467-024-45563-x__p009__b00,subfigure,10.1038_s41467-024-45563-x__p009__b00,10.1038_s41467-024-45563-x,10.1038_s41467-024-45563-x.pdf,Materials Science,9,0,Materials Science/10.1038_s41467-024-45563-x/crops/10.1038_s41467-024-45563-x__p009__b00.png
10.1038_s41467-024-45563-x__p009__b01,subfigure,10.1038_s41467-024-45563-x__p009__b01,10.1038_s41467-024-45563-x,10.1038_s41467-024-45563-x.pdf,Materials Science,9,1,Materials Science/10.1038_s41467-024-45563-x/crops/10.1038_s41467-024-45563-x__p009__b01.png
10.1038_s41467-024-45563-x__p009__b02,subfigure,10.1038_s41467-024-45563-x__p009__b02,10.1038_s41467-024-45563-x,10.1038_s41467-024-45563-x.pdf,Materials Science,9,2,Materials Science/10.1038_s41467-024-45563-x/crops/10.1038_s41467-024-45563-x__p009__b02.png
10.1038_s41467-024-45563-x__p009__b03,subfigure,10.1038_s41467-024-45563-x__p009__b03,10.1038_s41467-024-45563-x,10.1038_s41467-024-45563-x.pdf,Materials Science,9,3,Materials Science/10.1038_s41467-024-45563-x/crops/10.1038_s41467-024-45563-x__p009__b03.png
10.1038_s41467-024-45563-x__p009__b04,subfigure,10.1038_s41467-024-45563-x__p009__b04,10.1038_s41467-024-45563-x,10.1038_s41467-024-45563-x.pdf,Materials Science,9,4,Materials Science/10.1038_s41467-024-45563-x/crops/10.1038_s41467-024-45563-x__p009__b04.png
10.1038_s41467-024-45563-x__p009__b05,subfigure,10.1038_s41467-024-45563-x__p009__b05,10.1038_s41467-024-45563-x,10.1038_s41467-024-45563-x.pdf,Materials Science,9,5,Materials Science/10.1038_s41467-024-45563-x/crops/10.1038_s41467-024-45563-x__p009__b05.png
10.1038_s41557-024-01527-8__p003__b00,subfigure,10.1038_s41557-024-01527-8__p003__b00,10.1038_s41557-024-01527-8,10.1038_s41557-024-01527-8.pdf,Materials Science,3,0,Materials Science/10.1038_s41557-024-01527-8/crops/10.1038_s41557-024-01527-8__p003__b00.png
10.1038_s41557-024-01527-8__p005__b00,subfigure,10.1038_s41557-024-01527-8__p005__b00,10.1038_s41557-024-01527-8,10.1038_s41557-024-01527-8.pdf,Materials Science,5,0,Materials Science/10.1038_s41557-024-01527-8/crops/10.1038_s41557-024-01527-8__p005__b00.png
10.1038_s41557-024-01527-8__p005__b01,subfigure,10.1038_s41557-024-01527-8__p005__b01,10.1038_s41557-024-01527-8,10.1038_s41557-024-01527-8.pdf,Materials Science,5,1,Materials Science/10.1038_s41557-024-01527-8/crops/10.1038_s41557-024-01527-8__p005__b01.png
10.1038_s41557-024-01527-8__p005__b02,subfigure,10.1038_s41557-024-01527-8__p005__b02,10.1038_s41557-024-01527-8,10.1038_s41557-024-01527-8.pdf,Materials Science,5,2,Materials Science/10.1038_s41557-024-01527-8/crops/10.1038_s41557-024-01527-8__p005__b02.png
10.1038_s41557-024-01527-8__p005__b03,subfigure,10.1038_s41557-024-01527-8__p005__b03,10.1038_s41557-024-01527-8,10.1038_s41557-024-01527-8.pdf,Materials Science,5,3,Materials Science/10.1038_s41557-024-01527-8/crops/10.1038_s41557-024-01527-8__p005__b03.png
10.1038_s41557-024-01527-8__p005__b04,subfigure,10.1038_s41557-024-01527-8__p005__b04,10.1038_s41557-024-01527-8,10.1038_s41557-024-01527-8.pdf,Materials Science,5,4,Materials Science/10.1038_s41557-024-01527-8/crops/10.1038_s41557-024-01527-8__p005__b04.png
10.1038_s41557-024-01527-8__p005__b05,subfigure,10.1038_s41557-024-01527-8__p005__b05,10.1038_s41557-024-01527-8,10.1038_s41557-024-01527-8.pdf,Materials Science,5,5,Materials Science/10.1038_s41557-024-01527-8/crops/10.1038_s41557-024-01527-8__p005__b05.png
10.1038_s41557-024-01527-8__p007__b00,subfigure,10.1038_s41557-024-01527-8__p007__b00,10.1038_s41557-024-01527-8,10.1038_s41557-024-01527-8.pdf,Materials Science,7,0,Materials Science/10.1038_s41557-024-01527-8/crops/10.1038_s41557-024-01527-8__p007__b00.png
10.1038_s41557-024-01527-8__p007__b01,subfigure,10.1038_s41557-024-01527-8__p007__b01,10.1038_s41557-024-01527-8,10.1038_s41557-024-01527-8.pdf,Materials Science,7,1,Materials Science/10.1038_s41557-024-01527-8/crops/10.1038_s41557-024-01527-8__p007__b01.png
10.1038_s41557-024-01527-8__p007__b02,subfigure,10.1038_s41557-024-01527-8__p007__b02,10.1038_s41557-024-01527-8,10.1038_s41557-024-01527-8.pdf,Materials Science,7,2,Materials Science/10.1038_s41557-024-01527-8/crops/10.1038_s41557-024-01527-8__p007__b02.png
10.1038_s41557-024-01527-8__p008__b00,subfigure,10.1038_s41557-024-01527-8__p008__b00,10.1038_s41557-024-01527-8,10.1038_s41557-024-01527-8.pdf,Materials Science,8,0,Materials Science/10.1038_s41557-024-01527-8/crops/10.1038_s41557-024-01527-8__p008__b00.png
10.1038_s41557-024-01527-8__p008__b01,subfigure,10.1038_s41557-024-01527-8__p008__b01,10.1038_s41557-024-01527-8,10.1038_s41557-024-01527-8.pdf,Materials Science,8,1,Materials Science/10.1038_s41557-024-01527-8/crops/10.1038_s41557-024-01527-8__p008__b01.png
10.1038_s41557-024-01527-8__p008__b02,subfigure,10.1038_s41557-024-01527-8__p008__b02,10.1038_s41557-024-01527-8,10.1038_s41557-024-01527-8.pdf,Materials Science,8,2,Materials Science/10.1038_s41557-024-01527-8/crops/10.1038_s41557-024-01527-8__p008__b02.png
10.1038_s42256-024-00832-8__p002__b00,subfigure,10.1038_s42256-024-00832-8__p002__b00,10.1038_s42256-024-00832-8,10.1038_s42256-024-00832-8.pdf,Materials Science,2,0,Materials Science/10.1038_s42256-024-00832-8/crops/10.1038_s42256-024-00832-8__p002__b00.png
10.1038_s42256-024-00832-8__p002__b01,subfigure,10.1038_s42256-024-00832-8__p002__b01,10.1038_s42256-024-00832-8,10.1038_s42256-024-00832-8.pdf,Materials Science,2,1,Materials Science/10.1038_s42256-024-00832-8/crops/10.1038_s42256-024-00832-8__p002__b01.png
10.1038_s42256-024-00832-8__p003__b00,subfigure,10.1038_s42256-024-00832-8__p003__b00,10.1038_s42256-024-00832-8,10.1038_s42256-024-00832-8.pdf,Materials Science,3,0,Materials Science/10.1038_s42256-024-00832-8/crops/10.1038_s42256-024-00832-8__p003__b00.png
10.1038_s42256-024-00832-8__p003__b01,subfigure,10.1038_s42256-024-00832-8__p003__b01,10.1038_s42256-024-00832-8,10.1038_s42256-024-00832-8.pdf,Materials Science,3,1,Materials Science/10.1038_s42256-024-00832-8/crops/10.1038_s42256-024-00832-8__p003__b01.png
10.1038_s42256-024-00832-8__p003__b02,subfigure,10.1038_s42256-024-00832-8__p003__b02,10.1038_s42256-024-00832-8,10.1038_s42256-024-00832-8.pdf,Materials Science,3,2,Materials Science/10.1038_s42256-024-00832-8/crops/10.1038_s42256-024-00832-8__p003__b02.png
10.1038_s42256-024-00832-8__p003__b03,subfigure,10.1038_s42256-024-00832-8__p003__b03,10.1038_s42256-024-00832-8,10.1038_s42256-024-00832-8.pdf,Materials Science,3,3,Materials Science/10.1038_s42256-024-00832-8/crops/10.1038_s42256-024-00832-8__p003__b03.png
10.1038_s42256-024-00832-8__p004__b00,subfigure,10.1038_s42256-024-00832-8__p004__b00,10.1038_s42256-024-00832-8,10.1038_s42256-024-00832-8.pdf,Materials Science,4,0,Materials Science/10.1038_s42256-024-00832-8/crops/10.1038_s42256-024-00832-8__p004__b00.png
10.1038_s42256-024-00832-8__p004__b01,subfigure,10.1038_s42256-024-00832-8__p004__b01,10.1038_s42256-024-00832-8,10.1038_s42256-024-00832-8.pdf,Materials Science,4,1,Materials Science/10.1038_s42256-024-00832-8/crops/10.1038_s42256-024-00832-8__p004__b01.png
10.1038_s42256-024-00832-8__p004__b02,subfigure,10.1038_s42256-024-00832-8__p004__b02,10.1038_s42256-024-00832-8,10.1038_s42256-024-00832-8.pdf,Materials Science,4,2,Materials Science/10.1038_s42256-024-00832-8/crops/10.1038_s42256-024-00832-8__p004__b02.png
10.1038_s42256-024-00832-8__p005__b00,subfigure,10.1038_s42256-024-00832-8__p005__b00,10.1038_s42256-024-00832-8,10.1038_s42256-024-00832-8.pdf,Materials Science,5,0,Materials Science/10.1038_s42256-024-00832-8/crops/10.1038_s42256-024-00832-8__p005__b00.png
10.1038_s42256-024-00832-8__p005__b01,subfigure,10.1038_s42256-024-00832-8__p005__b01,10.1038_s42256-024-00832-8,10.1038_s42256-024-00832-8.pdf,Materials Science,5,1,Materials Science/10.1038_s42256-024-00832-8/crops/10.1038_s42256-024-00832-8__p005__b01.png
10.1038_s42256-024-00832-8__p005__b02,subfigure,10.1038_s42256-024-00832-8__p005__b02,10.1038_s42256-024-00832-8,10.1038_s42256-024-00832-8.pdf,Materials Science,5,2,Materials Science/10.1038_s42256-024-00832-8/crops/10.1038_s42256-024-00832-8__p005__b02.png
10.1038_s42256-024-00832-8__p006__b00,subfigure,10.1038_s42256-024-00832-8__p006__b00,10.1038_s42256-024-00832-8,10.1038_s42256-024-00832-8.pdf,Materials Science,6,0,Materials Science/10.1038_s42256-024-00832-8/crops/10.1038_s42256-024-00832-8__p006__b00.png
10.1038_s42256-024-00832-8__p006__b01,subfigure,10.1038_s42256-024-00832-8__p006__b01,10.1038_s42256-024-00832-8,10.1038_s42256-024-00832-8.pdf,Materials Science,6,1,Materials Science/10.1038_s42256-024-00832-8/crops/10.1038_s42256-024-00832-8__p006__b01.png
10.1038_s42256-024-00832-8__p012__b00,subfigure,10.1038_s42256-024-00832-8__p012__b00,10.1038_s42256-024-00832-8,10.1038_s42256-024-00832-8.pdf,Materials Science,12,0,Materials Science/10.1038_s42256-024-00832-8/crops/10.1038_s42256-024-00832-8__p012__b00.png
10.1038_s42256-024-00832-8__p013__b00,subfigure,10.1038_s42256-024-00832-8__p013__b00,10.1038_s42256-024-00832-8,10.1038_s42256-024-00832-8.pdf,Materials Science,13,0,Materials Science/10.1038_s42256-024-00832-8/crops/10.1038_s42256-024-00832-8__p013__b00.png
10.3389_fonc.2024.1296091__p004__b00,subfigure,10.3389_fonc.2024.1296091__p004__b00,10.3389_fonc.2024.1296091,10.3389_fonc.2024.1296091.pdf,Materials Science,4,0,Materials Science/10.3389_fonc.2024.1296091/crops/10.3389_fonc.2024.1296091__p004__b00.png
10.3389_fonc.2024.1296091__p004__b01,subfigure,10.3389_fonc.2024.1296091__p004__b01,10.3389_fonc.2024.1296091,10.3389_fonc.2024.1296091.pdf,Materials Science,4,1,Materials Science/10.3389_fonc.2024.1296091/crops/10.3389_fonc.2024.1296091__p004__b01.png
10.3389_fonc.2024.1296091__p004__b02,subfigure,10.3389_fonc.2024.1296091__p004__b02,10.3389_fonc.2024.1296091,10.3389_fonc.2024.1296091.pdf,Materials Science,4,2,Materials Science/10.3389_fonc.2024.1296091/crops/10.3389_fonc.2024.1296091__p004__b02.png
10.3389_fonc.2024.1296091__p005__b00,subfigure,10.3389_fonc.2024.1296091__p005__b00,10.3389_fonc.2024.1296091,10.3389_fonc.2024.1296091.pdf,Materials Science,5,0,Materials Science/10.3389_fonc.2024.1296091/crops/10.3389_fonc.2024.1296091__p005__b00.png
10.3389_fonc.2024.1296091__p006__b00,subfigure,10.3389_fonc.2024.1296091__p006__b00,10.3389_fonc.2024.1296091,10.3389_fonc.2024.1296091.pdf,Materials Science,6,0,Materials Science/10.3389_fonc.2024.1296091/crops/10.3389_fonc.2024.1296091__p006__b00.png
10.3389_fonc.2024.1296091__p006__b01,subfigure,10.3389_fonc.2024.1296091__p006__b01,10.3389_fonc.2024.1296091,10.3389_fonc.2024.1296091.pdf,Materials Science,6,1,Materials Science/10.3389_fonc.2024.1296091/crops/10.3389_fonc.2024.1296091__p006__b01.png
10.3389_fonc.2024.1296091__p006__b02,subfigure,10.3389_fonc.2024.1296091__p006__b02,10.3389_fonc.2024.1296091,10.3389_fonc.2024.1296091.pdf,Materials Science,6,2,Materials Science/10.3389_fonc.2024.1296091/crops/10.3389_fonc.2024.1296091__p006__b02.png
10.3389_fonc.2024.1296091__p006__b03,subfigure,10.3389_fonc.2024.1296091__p006__b03,10.3389_fonc.2024.1296091,10.3389_fonc.2024.1296091.pdf,Materials Science,6,3,Materials Science/10.3389_fonc.2024.1296091/crops/10.3389_fonc.2024.1296091__p006__b03.png
10.3389_fonc.2024.1296091__p006__b04,subfigure,10.3389_fonc.2024.1296091__p006__b04,10.3389_fonc.2024.1296091,10.3389_fonc.2024.1296091.pdf,Materials Science,6,4,Materials Science/10.3389_fonc.2024.1296091/crops/10.3389_fonc.2024.1296091__p006__b04.png
10.3389_fonc.2024.1296091__p006__b05,subfigure,10.3389_fonc.2024.1296091__p006__b05,10.3389_fonc.2024.1296091,10.3389_fonc.2024.1296091.pdf,Materials Science,6,5,Materials Science/10.3389_fonc.2024.1296091/crops/10.3389_fonc.2024.1296091__p006__b05.png
10.3389_fonc.2024.1296091__p009__b00,subfigure,10.3389_fonc.2024.1296091__p009__b00,10.3389_fonc.2024.1296091,10.3389_fonc.2024.1296091.pdf,Materials Science,9,0,Materials Science/10.3389_fonc.2024.1296091/crops/10.3389_fonc.2024.1296091__p009__b00.png
10.3389_fonc.2024.1296091__p010__b00,subfigure,10.3389_fonc.2024.1296091__p010__b00,10.3389_fonc.2024.1296091,10.3389_fonc.2024.1296091.pdf,Materials Science,10,0,Materials Science/10.3389_fonc.2024.1296091/crops/10.3389_fonc.2024.1296091__p010__b00.png
10.3389_fphar.2024.1329636__p006__b00,subfigure,10.3389_fphar.2024.1329636__p006__b00,10.3389_fphar.2024.1329636,10.3389_fphar.2024.1329636.pdf,Materials Science,6,0,Materials Science/10.3389_fphar.2024.1329636/crops/10.3389_fphar.2024.1329636__p006__b00.png
10.3389_fphar.2024.1329636__p006__b01,subfigure,10.3389_fphar.2024.1329636__p006__b01,10.3389_fphar.2024.1329636,10.3389_fphar.2024.1329636.pdf,Materials Science,6,1,Materials Science/10.3389_fphar.2024.1329636/crops/10.3389_fphar.2024.1329636__p006__b01.png
10.3389_fphar.2024.1329636__p008__b00,subfigure,10.3389_fphar.2024.1329636__p008__b00,10.3389_fphar.2024.1329636,10.3389_fphar.2024.1329636.pdf,Materials Science,8,0,Materials Science/10.3389_fphar.2024.1329636/crops/10.3389_fphar.2024.1329636__p008__b00.png
10.3389_fpls.2024.1376214__p002__b00,subfigure,10.3389_fpls.2024.1376214__p002__b00,10.3389_fpls.2024.1376214,10.3389_fpls.2024.1376214.pdf,Materials Science,2,0,Materials Science/10.3389_fpls.2024.1376214/crops/10.3389_fpls.2024.1376214__p002__b00.png
10.3389_fpls.2024.1376214__p003__b00,subfigure,10.3389_fpls.2024.1376214__p003__b00,10.3389_fpls.2024.1376214,10.3389_fpls.2024.1376214.pdf,Materials Science,3,0,Materials Science/10.3389_fpls.2024.1376214/crops/10.3389_fpls.2024.1376214__p003__b00.png
10.3389_fpls.2024.1376214__p004__b00,subfigure,10.3389_fpls.2024.1376214__p004__b00,10.3389_fpls.2024.1376214,10.3389_fpls.2024.1376214.pdf,Materials Science,4,0,Materials Science/10.3389_fpls.2024.1376214/crops/10.3389_fpls.2024.1376214__p004__b00.png
10.3389_fpls.2024.1376214__p004__b01,subfigure,10.3389_fpls.2024.1376214__p004__b01,10.3389_fpls.2024.1376214,10.3389_fpls.2024.1376214.pdf,Materials Science,4,1,Materials Science/10.3389_fpls.2024.1376214/crops/10.3389_fpls.2024.1376214__p004__b01.png
10.3389_fpls.2024.1376214__p004__b02,subfigure,10.3389_fpls.2024.1376214__p004__b02,10.3389_fpls.2024.1376214,10.3389_fpls.2024.1376214.pdf,Materials Science,4,2,Materials Science/10.3389_fpls.2024.1376214/crops/10.3389_fpls.2024.1376214__p004__b02.png
10.1016_s0140-6736(23)01419-8__p002__b00,subfigure,10.1016_s0140-6736(23)01419-8__p002__b00,10.1016_s0140-6736(23)01419-8,10.1016_s0140-6736(23)01419-8.pdf,Medicine,2,0,Medicine/10.1016_s0140-6736(23)01419-8/crops/10.1016_s0140-6736(23)01419-8__p002__b00.png
10.1016_s0140-6736(23)01419-8__p020__b00,subfigure,10.1016_s0140-6736(23)01419-8__p020__b00,10.1016_s0140-6736(23)01419-8,10.1016_s0140-6736(23)01419-8.pdf,Medicine,20,0,Medicine/10.1016_s0140-6736(23)01419-8/crops/10.1016_s0140-6736(23)01419-8__p020__b00.png
10.1016_s0140-6736(23)01419-8__p022__b00,subfigure,10.1016_s0140-6736(23)01419-8__p022__b00,10.1016_s0140-6736(23)01419-8,10.1016_s0140-6736(23)01419-8.pdf,Medicine,22,0,Medicine/10.1016_s0140-6736(23)01419-8/crops/10.1016_s0140-6736(23)01419-8__p022__b00.png
10.1038_s41366-024-01473-y__p002__b00,subfigure,10.1038_s41366-024-01473-y__p002__b00,10.1038_s41366-024-01473-y,10.1038_s41366-024-01473-y.pdf,Medicine,2,0,Medicine/10.1038_s41366-024-01473-y/crops/10.1038_s41366-024-01473-y__p002__b00.png
10.1038_s41366-024-01473-y__p002__b01,subfigure,10.1038_s41366-024-01473-y__p002__b01,10.1038_s41366-024-01473-y,10.1038_s41366-024-01473-y.pdf,Medicine,2,1,Medicine/10.1038_s41366-024-01473-y/crops/10.1038_s41366-024-01473-y__p002__b01.png
10.1038_s41366-024-01473-y__p002__b02,subfigure,10.1038_s41366-024-01473-y__p002__b02,10.1038_s41366-024-01473-y,10.1038_s41366-024-01473-y.pdf,Medicine,2,2,Medicine/10.1038_s41366-024-01473-y/crops/10.1038_s41366-024-01473-y__p002__b02.png
10.1038_s41366-024-01473-y__p002__b03,subfigure,10.1038_s41366-024-01473-y__p002__b03,10.1038_s41366-024-01473-y,10.1038_s41366-024-01473-y.pdf,Medicine,2,3,Medicine/10.1038_s41366-024-01473-y/crops/10.1038_s41366-024-01473-y__p002__b03.png
10.1038_s41366-024-01473-y__p005__b00,subfigure,10.1038_s41366-024-01473-y__p005__b00,10.1038_s41366-024-01473-y,10.1038_s41366-024-01473-y.pdf,Medicine,5,0,Medicine/10.1038_s41366-024-01473-y/crops/10.1038_s41366-024-01473-y__p005__b00.png
10.1038_s41366-024-01473-y__p006__b00,subfigure,10.1038_s41366-024-01473-y__p006__b00,10.1038_s41366-024-01473-y,10.1038_s41366-024-01473-y.pdf,Medicine,6,0,Medicine/10.1038_s41366-024-01473-y/crops/10.1038_s41366-024-01473-y__p006__b00.png
10.1038_s41366-024-01473-y__p006__b01,subfigure,10.1038_s41366-024-01473-y__p006__b01,10.1038_s41366-024-01473-y,10.1038_s41366-024-01473-y.pdf,Medicine,6,1,Medicine/10.1038_s41366-024-01473-y/crops/10.1038_s41366-024-01473-y__p006__b01.png
10.1038_s41366-024-01473-y__p007__b00,subfigure,10.1038_s41366-024-01473-y__p007__b00,10.1038_s41366-024-01473-y,10.1038_s41366-024-01473-y.pdf,Medicine,7,0,Medicine/10.1038_s41366-024-01473-y/crops/10.1038_s41366-024-01473-y__p007__b00.png
10.1038_s41366-024-01473-y__p009__b00,subfigure,10.1038_s41366-024-01473-y__p009__b00,10.1038_s41366-024-01473-y,10.1038_s41366-024-01473-y.pdf,Medicine,9,0,Medicine/10.1038_s41366-024-01473-y/crops/10.1038_s41366-024-01473-y__p009__b00.png
10.1038_s41366-024-01473-y__p009__b01,subfigure,10.1038_s41366-024-01473-y__p009__b01,10.1038_s41366-024-01473-y,10.1038_s41366-024-01473-y.pdf,Medicine,9,1,Medicine/10.1038_s41366-024-01473-y/crops/10.1038_s41366-024-01473-y__p009__b01.png
10.1038_s41423-024-01207-0__p001__b00,subfigure,10.1038_s41423-024-01207-0__p001__b00,10.1038_s41423-024-01207-0,10.1038_s41423-024-01207-0.pdf,Medicine,1,0,Medicine/10.1038_s41423-024-01207-0/crops/10.1038_s41423-024-01207-0__p001__b00.png
10.1038_s41423-024-01207-0__p002__b00,subfigure,10.1038_s41423-024-01207-0__p002__b00,10.1038_s41423-024-01207-0,10.1038_s41423-024-01207-0.pdf,Medicine,2,0,Medicine/10.1038_s41423-024-01207-0/crops/10.1038_s41423-024-01207-0__p002__b00.png
10.1038_s41423-024-01207-0__p002__b01,subfigure,10.1038_s41423-024-01207-0__p002__b01,10.1038_s41423-024-01207-0,10.1038_s41423-024-01207-0.pdf,Medicine,2,1,Medicine/10.1038_s41423-024-01207-0/crops/10.1038_s41423-024-01207-0__p002__b01.png
10.1038_s41423-024-01207-0__p002__b02,subfigure,10.1038_s41423-024-01207-0__p002__b02,10.1038_s41423-024-01207-0,10.1038_s41423-024-01207-0.pdf,Medicine,2,2,Medicine/10.1038_s41423-024-01207-0/crops/10.1038_s41423-024-01207-0__p002__b02.png
10.1038_s41423-024-01207-0__p004__b00,subfigure,10.1038_s41423-024-01207-0__p004__b00,10.1038_s41423-024-01207-0,10.1038_s41423-024-01207-0.pdf,Medicine,4,0,Medicine/10.1038_s41423-024-01207-0/crops/10.1038_s41423-024-01207-0__p004__b00.png
10.1038_s41423-024-01207-0__p010__b00,subfigure,10.1038_s41423-024-01207-0__p010__b00,10.1038_s41423-024-01207-0,10.1038_s41423-024-01207-0.pdf,Medicine,10,0,Medicine/10.1038_s41423-024-01207-0/crops/10.1038_s41423-024-01207-0__p010__b00.png
10.1038_s41423-024-01207-0__p012__b00,subfigure,10.1038_s41423-024-01207-0__p012__b00,10.1038_s41423-024-01207-0,10.1038_s41423-024-01207-0.pdf,Medicine,12,0,Medicine/10.1038_s41423-024-01207-0/crops/10.1038_s41423-024-01207-0__p012__b00.png
10.1038_s41591-024-03425-5__p006__b00,subfigure,10.1038_s41591-024-03425-5__p006__b00,10.1038_s41591-024-03425-5,10.1038_s41591-024-03425-5.pdf,Medicine,6,0,Medicine/10.1038_s41591-024-03425-5/crops/10.1038_s41591-024-03425-5__p006__b00.png
10.1038_s41591-024-03425-5__p011__b00,subfigure,10.1038_s41591-024-03425-5__p011__b00,10.1038_s41591-024-03425-5,10.1038_s41591-024-03425-5.pdf,Medicine,11,0,Medicine/10.1038_s41591-024-03425-5/crops/10.1038_s41591-024-03425-5__p011__b00.png
10.1038_s41698-024-00575-0__p002__b00,subfigure,10.1038_s41698-024-00575-0__p002__b00,10.1038_s41698-024-00575-0,10.1038_s41698-024-00575-0.pdf,Medicine,2,0,Medicine/10.1038_s41698-024-00575-0/crops/10.1038_s41698-024-00575-0__p002__b00.png
10.1038_s41698-024-00575-0__p005__b00,subfigure,10.1038_s41698-024-00575-0__p005__b00,10.1038_s41698-024-00575-0,10.1038_s41698-024-00575-0.pdf,Medicine,5,0,Medicine/10.1038_s41698-024-00575-0/crops/10.1038_s41698-024-00575-0__p005__b00.png
10.1172_jci176345__p002__b00,subfigure,10.1172_jci176345__p002__b00,10.1172_jci176345,10.1172_jci176345.pdf,Medicine,2,0,Medicine/10.1172_jci176345/crops/10.1172_jci176345__p002__b00.png
10.1172_jci176345__p004__b00,subfigure,10.1172_jci176345__p004__b00,10.1172_jci176345,10.1172_jci176345.pdf,Medicine,4,0,Medicine/10.1172_jci176345/crops/10.1172_jci176345__p004__b00.png
10.1172_jci176345__p004__b01,subfigure,10.1172_jci176345__p004__b01,10.1172_jci176345,10.1172_jci176345.pdf,Medicine,4,1,Medicine/10.1172_jci176345/crops/10.1172_jci176345__p004__b01.png
10.1172_jci176345__p008__b00,subfigure,10.1172_jci176345__p008__b00,10.1172_jci176345,10.1172_jci176345.pdf,Medicine,8,0,Medicine/10.1172_jci176345/crops/10.1172_jci176345__p008__b00.png
10.3350_cmh.2024.0431__p001__b00,subfigure,10.3350_cmh.2024.0431__p001__b00,10.3350_cmh.2024.0431,10.3350_cmh.2024.0431.pdf,Medicine,1,0,Medicine/10.3350_cmh.2024.0431/crops/10.3350_cmh.2024.0431__p001__b00.png
10.3350_cmh.2024.0431__p003__b00,subfigure,10.3350_cmh.2024.0431__p003__b00,10.3350_cmh.2024.0431,10.3350_cmh.2024.0431.pdf,Medicine,3,0,Medicine/10.3350_cmh.2024.0431/crops/10.3350_cmh.2024.0431__p003__b00.png
10.3350_cmh.2024.0431__p004__b00,subfigure,10.3350_cmh.2024.0431__p004__b00,10.3350_cmh.2024.0431,10.3350_cmh.2024.0431.pdf,Medicine,4,0,Medicine/10.3350_cmh.2024.0431/crops/10.3350_cmh.2024.0431__p004__b00.png
10.3350_cmh.2024.0431__p004__b01,subfigure,10.3350_cmh.2024.0431__p004__b01,10.3350_cmh.2024.0431,10.3350_cmh.2024.0431.pdf,Medicine,4,1,Medicine/10.3350_cmh.2024.0431/crops/10.3350_cmh.2024.0431__p004__b01.png
10.3350_cmh.2024.0431__p007__b00,subfigure,10.3350_cmh.2024.0431__p007__b00,10.3350_cmh.2024.0431,10.3350_cmh.2024.0431.pdf,Medicine,7,0,Medicine/10.3350_cmh.2024.0431/crops/10.3350_cmh.2024.0431__p007__b00.png
10.3350_cmh.2024.0431__p008__b00,subfigure,10.3350_cmh.2024.0431__p008__b00,10.3350_cmh.2024.0431,10.3350_cmh.2024.0431.pdf,Medicine,8,0,Medicine/10.3350_cmh.2024.0431/crops/10.3350_cmh.2024.0431__p008__b00.png
10.1038_s41380-023-02399-z__p004__b00,subfigure,10.1038_s41380-023-02399-z__p004__b00,10.1038_s41380-023-02399-z,10.1038_s41380-023-02399-z.pdf,Neuroscience,4,0,Neuroscience/10.1038_s41380-023-02399-z/crops/10.1038_s41380-023-02399-z__p004__b00.png
10.1038_s41380-023-02399-z__p005__b00,subfigure,10.1038_s41380-023-02399-z__p005__b00,10.1038_s41380-023-02399-z,10.1038_s41380-023-02399-z.pdf,Neuroscience,5,0,Neuroscience/10.1038_s41380-023-02399-z/crops/10.1038_s41380-023-02399-z__p005__b00.png
10.1038_s41380-023-02399-z__p006__b00,subfigure,10.1038_s41380-023-02399-z__p006__b00,10.1038_s41380-023-02399-z,10.1038_s41380-023-02399-z.pdf,Neuroscience,6,0,Neuroscience/10.1038_s41380-023-02399-z/crops/10.1038_s41380-023-02399-z__p006__b00.png
10.1038_s41380-023-02399-z__p007__b00,subfigure,10.1038_s41380-023-02399-z__p007__b00,10.1038_s41380-023-02399-z,10.1038_s41380-023-02399-z.pdf,Neuroscience,7,0,Neuroscience/10.1038_s41380-023-02399-z/crops/10.1038_s41380-023-02399-z__p007__b00.png
10.1038_s41398-024-03075-8__p003__b00,subfigure,10.1038_s41398-024-03075-8__p003__b00,10.1038_s41398-024-03075-8,10.1038_s41398-024-03075-8.pdf,Neuroscience,3,0,Neuroscience/10.1038_s41398-024-03075-8/crops/10.1038_s41398-024-03075-8__p003__b00.png
10.1038_s41398-024-03075-8__p009__b00,subfigure,10.1038_s41398-024-03075-8__p009__b00,10.1038_s41398-024-03075-8,10.1038_s41398-024-03075-8.pdf,Neuroscience,9,0,Neuroscience/10.1038_s41398-024-03075-8/crops/10.1038_s41398-024-03075-8__p009__b00.png
10.1038_s41401-025-01576-w__p004__b00,subfigure,10.1038_s41401-025-01576-w__p004__b00,10.1038_s41401-025-01576-w,10.1038_s41401-025-01576-w.pdf,Neuroscience,4,0,Neuroscience/10.1038_s41401-025-01576-w/crops/10.1038_s41401-025-01576-w__p004__b00.png
10.1038_s41401-025-01576-w__p004__b01,subfigure,10.1038_s41401-025-01576-w__p004__b01,10.1038_s41401-025-01576-w,10.1038_s41401-025-01576-w.pdf,Neuroscience,4,1,Neuroscience/10.1038_s41401-025-01576-w/crops/10.1038_s41401-025-01576-w__p004__b01.png
10.1038_s41591-024-03305-y__p005__b00,subfigure,10.1038_s41591-024-03305-y__p005__b00,10.1038_s41591-024-03305-y,10.1038_s41591-024-03305-y.pdf,Neuroscience,5,0,Neuroscience/10.1038_s41591-024-03305-y/crops/10.1038_s41591-024-03305-y__p005__b00.png
10.1038_s41591-024-03305-y__p014__b00,subfigure,10.1038_s41591-024-03305-y__p014__b00,10.1038_s41591-024-03305-y,10.1038_s41591-024-03305-y.pdf,Neuroscience,14,0,Neuroscience/10.1038_s41591-024-03305-y/crops/10.1038_s41591-024-03305-y__p014__b00.png
10.1038_s41591-024-03305-y__p015__b00,subfigure,10.1038_s41591-024-03305-y__p015__b00,10.1038_s41591-024-03305-y,10.1038_s41591-024-03305-y.pdf,Neuroscience,15,0,Neuroscience/10.1038_s41591-024-03305-y/crops/10.1038_s41591-024-03305-y__p015__b00.png
10.1038_s41591-024-03305-y__p016__b00,subfigure,10.1038_s41591-024-03305-y__p016__b00,10.1038_s41591-024-03305-y,10.1038_s41591-024-03305-y.pdf,Neuroscience,16,0,Neuroscience/10.1038_s41591-024-03305-y/crops/10.1038_s41591-024-03305-y__p016__b00.png
10.1038_s41593-024-01741-0__p003__b00,subfigure,10.1038_s41593-024-01741-0__p003__b00,10.1038_s41593-024-01741-0,10.1038_s41593-024-01741-0.pdf,Neuroscience,3,0,Neuroscience/10.1038_s41593-024-01741-0/crops/10.1038_s41593-024-01741-0__p003__b00.png
10.1038_s41593-024-01741-0__p003__b01,subfigure,10.1038_s41593-024-01741-0__p003__b01,10.1038_s41593-024-01741-0,10.1038_s41593-024-01741-0.pdf,Neuroscience,3,1,Neuroscience/10.1038_s41593-024-01741-0/crops/10.1038_s41593-024-01741-0__p003__b01.png
10.1038_s41593-024-01741-0__p003__b02,subfigure,10.1038_s41593-024-01741-0__p003__b02,10.1038_s41593-024-01741-0,10.1038_s41593-024-01741-0.pdf,Neuroscience,3,2,Neuroscience/10.1038_s41593-024-01741-0/crops/10.1038_s41593-024-01741-0__p003__b02.png
10.1038_s41593-024-01741-0__p003__b03,subfigure,10.1038_s41593-024-01741-0__p003__b03,10.1038_s41593-024-01741-0,10.1038_s41593-024-01741-0.pdf,Neuroscience,3,3,Neuroscience/10.1038_s41593-024-01741-0/crops/10.1038_s41593-024-01741-0__p003__b03.png
10.1038_s41593-024-01741-0__p003__b04,subfigure,10.1038_s41593-024-01741-0__p003__b04,10.1038_s41593-024-01741-0,10.1038_s41593-024-01741-0.pdf,Neuroscience,3,4,Neuroscience/10.1038_s41593-024-01741-0/crops/10.1038_s41593-024-01741-0__p003__b04.png
10.1038_s41593-024-01741-0__p003__b05,subfigure,10.1038_s41593-024-01741-0__p003__b05,10.1038_s41593-024-01741-0,10.1038_s41593-024-01741-0.pdf,Neuroscience,3,5,Neuroscience/10.1038_s41593-024-01741-0/crops/10.1038_s41593-024-01741-0__p003__b05.png
10.1038_s41593-024-01741-0__p004__b00,subfigure,10.1038_s41593-024-01741-0__p004__b00,10.1038_s41593-024-01741-0,10.1038_s41593-024-01741-0.pdf,Neuroscience,4,0,Neuroscience/10.1038_s41593-024-01741-0/crops/10.1038_s41593-024-01741-0__p004__b00.png
10.1038_s41593-024-01741-0__p004__b01,subfigure,10.1038_s41593-024-01741-0__p004__b01,10.1038_s41593-024-01741-0,10.1038_s41593-024-01741-0.pdf,Neuroscience,4,1,Neuroscience/10.1038_s41593-024-01741-0/crops/10.1038_s41593-024-01741-0__p004__b01.png
10.1038_s41593-024-01741-0__p004__b02,subfigure,10.1038_s41593-024-01741-0__p004__b02,10.1038_s41593-024-01741-0,10.1038_s41593-024-01741-0.pdf,Neuroscience,4,2,Neuroscience/10.1038_s41593-024-01741-0/crops/10.1038_s41593-024-01741-0__p004__b02.png
10.1038_s41593-024-01741-0__p004__b03,subfigure,10.1038_s41593-024-01741-0__p004__b03,10.1038_s41593-024-01741-0,10.1038_s41593-024-01741-0.pdf,Neuroscience,4,3,Neuroscience/10.1038_s41593-024-01741-0/crops/10.1038_s41593-024-01741-0__p004__b03.png
10.1038_s41593-024-01741-0__p004__b04,subfigure,10.1038_s41593-024-01741-0__p004__b04,10.1038_s41593-024-01741-0,10.1038_s41593-024-01741-0.pdf,Neuroscience,4,4,Neuroscience/10.1038_s41593-024-01741-0/crops/10.1038_s41593-024-01741-0__p004__b04.png
10.1038_s41593-024-01741-0__p004__b05,subfigure,10.1038_s41593-024-01741-0__p004__b05,10.1038_s41593-024-01741-0,10.1038_s41593-024-01741-0.pdf,Neuroscience,4,5,Neuroscience/10.1038_s41593-024-01741-0/crops/10.1038_s41593-024-01741-0__p004__b05.png
10.1038_s41593-024-01741-0__p004__b06,subfigure,10.1038_s41593-024-01741-0__p004__b06,10.1038_s41593-024-01741-0,10.1038_s41593-024-01741-0.pdf,Neuroscience,4,6,Neuroscience/10.1038_s41593-024-01741-0/crops/10.1038_s41593-024-01741-0__p004__b06.png
10.1038_s41593-024-01741-0__p004__b07,subfigure,10.1038_s41593-024-01741-0__p004__b07,10.1038_s41593-024-01741-0,10.1038_s41593-024-01741-0.pdf,Neuroscience,4,7,Neuroscience/10.1038_s41593-024-01741-0/crops/10.1038_s41593-024-01741-0__p004__b07.png
10.1038_s41593-024-01741-0__p004__b08,subfigure,10.1038_s41593-024-01741-0__p004__b08,10.1038_s41593-024-01741-0,10.1038_s41593-024-01741-0.pdf,Neuroscience,4,8,Neuroscience/10.1038_s41593-024-01741-0/crops/10.1038_s41593-024-01741-0__p004__b08.png
10.1038_s41593-024-01741-0__p004__b09,subfigure,10.1038_s41593-024-01741-0__p004__b09,10.1038_s41593-024-01741-0,10.1038_s41593-024-01741-0.pdf,Neuroscience,4,9,Neuroscience/10.1038_s41593-024-01741-0/crops/10.1038_s41593-024-01741-0__p004__b09.png
10.1038_s41593-024-01741-0__p005__b00,subfigure,10.1038_s41593-024-01741-0__p005__b00,10.1038_s41593-024-01741-0,10.1038_s41593-024-01741-0.pdf,Neuroscience,5,0,Neuroscience/10.1038_s41593-024-01741-0/crops/10.1038_s41593-024-01741-0__p005__b00.png
10.1038_s41593-024-01741-0__p005__b01,subfigure,10.1038_s41593-024-01741-0__p005__b01,10.1038_s41593-024-01741-0,10.1038_s41593-024-01741-0.pdf,Neuroscience,5,1,Neuroscience/10.1038_s41593-024-01741-0/crops/10.1038_s41593-024-01741-0__p005__b01.png
10.1038_s41593-024-01741-0__p005__b02,subfigure,10.1038_s41593-024-01741-0__p005__b02,10.1038_s41593-024-01741-0,10.1038_s41593-024-01741-0.pdf,Neuroscience,5,2,Neuroscience/10.1038_s41593-024-01741-0/crops/10.1038_s41593-024-01741-0__p005__b02.png
10.1038_s41593-024-01741-0__p005__b03,subfigure,10.1038_s41593-024-01741-0__p005__b03,10.1038_s41593-024-01741-0,10.1038_s41593-024-01741-0.pdf,Neuroscience,5,3,Neuroscience/10.1038_s41593-024-01741-0/crops/10.1038_s41593-024-01741-0__p005__b03.png
10.1038_s41593-024-01741-0__p005__b04,subfigure,10.1038_s41593-024-01741-0__p005__b04,10.1038_s41593-024-01741-0,10.1038_s41593-024-01741-0.pdf,Neuroscience,5,4,Neuroscience/10.1038_s41593-024-01741-0/crops/10.1038_s41593-024-01741-0__p005__b04.png
10.1038_s41593-024-01741-0__p005__b05,subfigure,10.1038_s41593-024-01741-0__p005__b05,10.1038_s41593-024-01741-0,10.1038_s41593-024-01741-0.pdf,Neuroscience,5,5,Neuroscience/10.1038_s41593-024-01741-0/crops/10.1038_s41593-024-01741-0__p005__b05.png
10.1038_s41593-024-01741-0__p005__b06,subfigure,10.1038_s41593-024-01741-0__p005__b06,10.1038_s41593-024-01741-0,10.1038_s41593-024-01741-0.pdf,Neuroscience,5,6,Neuroscience/10.1038_s41593-024-01741-0/crops/10.1038_s41593-024-01741-0__p005__b06.png
10.1038_s41593-024-01741-0__p005__b07,subfigure,10.1038_s41593-024-01741-0__p005__b07,10.1038_s41593-024-01741-0,10.1038_s41593-024-01741-0.pdf,Neuroscience,5,7,Neuroscience/10.1038_s41593-024-01741-0/crops/10.1038_s41593-024-01741-0__p005__b07.png
10.1038_s41593-024-01741-0__p005__b08,subfigure,10.1038_s41593-024-01741-0__p005__b08,10.1038_s41593-024-01741-0,10.1038_s41593-024-01741-0.pdf,Neuroscience,5,8,Neuroscience/10.1038_s41593-024-01741-0/crops/10.1038_s41593-024-01741-0__p005__b08.png
10.1038_s41593-024-01741-0__p005__b09,subfigure,10.1038_s41593-024-01741-0__p005__b09,10.1038_s41593-024-01741-0,10.1038_s41593-024-01741-0.pdf,Neuroscience,5,9,Neuroscience/10.1038_s41593-024-01741-0/crops/10.1038_s41593-024-01741-0__p005__b09.png
10.1038_s41593-024-01741-0__p005__b10,subfigure,10.1038_s41593-024-01741-0__p005__b10,10.1038_s41593-024-01741-0,10.1038_s41593-024-01741-0.pdf,Neuroscience,5,10,Neuroscience/10.1038_s41593-024-01741-0/crops/10.1038_s41593-024-01741-0__p005__b10.png
10.1038_s41593-024-01741-0__p006__b00,subfigure,10.1038_s41593-024-01741-0__p006__b00,10.1038_s41593-024-01741-0,10.1038_s41593-024-01741-0.pdf,Neuroscience,6,0,Neuroscience/10.1038_s41593-024-01741-0/crops/10.1038_s41593-024-01741-0__p006__b00.png
10.1038_s41593-024-01741-0__p006__b01,subfigure,10.1038_s41593-024-01741-0__p006__b01,10.1038_s41593-024-01741-0,10.1038_s41593-024-01741-0.pdf,Neuroscience,6,1,Neuroscience/10.1038_s41593-024-01741-0/crops/10.1038_s41593-024-01741-0__p006__b01.png
10.1038_s41593-024-01741-0__p006__b02,subfigure,10.1038_s41593-024-01741-0__p006__b02,10.1038_s41593-024-01741-0,10.1038_s41593-024-01741-0.pdf,Neuroscience,6,2,Neuroscience/10.1038_s41593-024-01741-0/crops/10.1038_s41593-024-01741-0__p006__b02.png
10.1038_s41593-024-01741-0__p006__b03,subfigure,10.1038_s41593-024-01741-0__p006__b03,10.1038_s41593-024-01741-0,10.1038_s41593-024-01741-0.pdf,Neuroscience,6,3,Neuroscience/10.1038_s41593-024-01741-0/crops/10.1038_s41593-024-01741-0__p006__b03.png
10.1038_s41593-024-01741-0__p006__b04,subfigure,10.1038_s41593-024-01741-0__p006__b04,10.1038_s41593-024-01741-0,10.1038_s41593-024-01741-0.pdf,Neuroscience,6,4,Neuroscience/10.1038_s41593-024-01741-0/crops/10.1038_s41593-024-01741-0__p006__b04.png
10.1038_s41593-024-01741-0__p014__b00,subfigure,10.1038_s41593-024-01741-0__p014__b00,10.1038_s41593-024-01741-0,10.1038_s41593-024-01741-0.pdf,Neuroscience,14,0,Neuroscience/10.1038_s41593-024-01741-0/crops/10.1038_s41593-024-01741-0__p014__b00.png
10.1038_s41698-024-00789-2__p002__b00,subfigure,10.1038_s41698-024-00789-2__p002__b00,10.1038_s41698-024-00789-2,10.1038_s41698-024-00789-2.pdf,Neuroscience,2,0,Neuroscience/10.1038_s41698-024-00789-2/crops/10.1038_s41698-024-00789-2__p002__b00.png
10.1038_s41698-024-00789-2__p002__b01,subfigure,10.1038_s41698-024-00789-2__p002__b01,10.1038_s41698-024-00789-2,10.1038_s41698-024-00789-2.pdf,Neuroscience,2,1,Neuroscience/10.1038_s41698-024-00789-2/crops/10.1038_s41698-024-00789-2__p002__b01.png
10.20463_pan.2024.0015__p001__b00,subfigure,10.20463_pan.2024.0015__p001__b00,10.20463_pan.2024.0015,10.20463_pan.2024.0015.pdf,Neuroscience,1,0,Neuroscience/10.20463_pan.2024.0015/crops/10.20463_pan.2024.0015__p001__b00.png
10.20463_pan.2024.0015__p001__b01,subfigure,10.20463_pan.2024.0015__p001__b01,10.20463_pan.2024.0015,10.20463_pan.2024.0015.pdf,Neuroscience,1,1,Neuroscience/10.20463_pan.2024.0015/crops/10.20463_pan.2024.0015__p001__b01.png
10.20463_pan.2024.0015__p002__b00,subfigure,10.20463_pan.2024.0015__p002__b00,10.20463_pan.2024.0015,10.20463_pan.2024.0015.pdf,Neuroscience,2,0,Neuroscience/10.20463_pan.2024.0015/crops/10.20463_pan.2024.0015__p002__b00.png
10.20463_pan.2024.0015__p004__b00,subfigure,10.20463_pan.2024.0015__p004__b00,10.20463_pan.2024.0015,10.20463_pan.2024.0015.pdf,Neuroscience,4,0,Neuroscience/10.20463_pan.2024.0015/crops/10.20463_pan.2024.0015__p004__b00.png
10.20463_pan.2024.0015__p004__b01,subfigure,10.20463_pan.2024.0015__p004__b01,10.20463_pan.2024.0015,10.20463_pan.2024.0015.pdf,Neuroscience,4,1,Neuroscience/10.20463_pan.2024.0015/crops/10.20463_pan.2024.0015__p004__b01.png
10.20463_pan.2024.0015__p005__b00,subfigure,10.20463_pan.2024.0015__p005__b00,10.20463_pan.2024.0015,10.20463_pan.2024.0015.pdf,Neuroscience,5,0,Neuroscience/10.20463_pan.2024.0015/crops/10.20463_pan.2024.0015__p005__b00.png
10.3389_fnins.2025.1541075__p002__b00,subfigure,10.3389_fnins.2025.1541075__p002__b00,10.3389_fnins.2025.1541075,10.3389_fnins.2025.1541075.pdf,Neuroscience,2,0,Neuroscience/10.3389_fnins.2025.1541075/crops/10.3389_fnins.2025.1541075__p002__b00.png
10.3389_fnins.2025.1541075__p005__b00,subfigure,10.3389_fnins.2025.1541075__p005__b00,10.3389_fnins.2025.1541075,10.3389_fnins.2025.1541075.pdf,Neuroscience,5,0,Neuroscience/10.3389_fnins.2025.1541075/crops/10.3389_fnins.2025.1541075__p005__b00.png
10.3389_fnins.2025.1541075__p007__b00,subfigure,10.3389_fnins.2025.1541075__p007__b00,10.3389_fnins.2025.1541075,10.3389_fnins.2025.1541075.pdf,Neuroscience,7,0,Neuroscience/10.3389_fnins.2025.1541075/crops/10.3389_fnins.2025.1541075__p007__b00.png
10.3389_fnins.2025.1541075__p007__b01,subfigure,10.3389_fnins.2025.1541075__p007__b01,10.3389_fnins.2025.1541075,10.3389_fnins.2025.1541075.pdf,Neuroscience,7,1,Neuroscience/10.3389_fnins.2025.1541075/crops/10.3389_fnins.2025.1541075__p007__b01.png
10.3389_fnins.2025.1541075__p009__b00,subfigure,10.3389_fnins.2025.1541075__p009__b00,10.3389_fnins.2025.1541075,10.3389_fnins.2025.1541075.pdf,Neuroscience,9,0,Neuroscience/10.3389_fnins.2025.1541075/crops/10.3389_fnins.2025.1541075__p009__b00.png
10.3389_fnins.2025.1541075__p009__b01,subfigure,10.3389_fnins.2025.1541075__p009__b01,10.3389_fnins.2025.1541075,10.3389_fnins.2025.1541075.pdf,Neuroscience,9,1,Neuroscience/10.3389_fnins.2025.1541075/crops/10.3389_fnins.2025.1541075__p009__b01.png
10.1038_s41598-023-50876-w__p001__b00,subfigure,10.1038_s41598-023-50876-w__p001__b00,10.1038_s41598-023-50876-w,10.1038_s41598-023-50876-w.pdf,"Pharmacology, Toxicology and Pharmaceutics",1,0,"Pharmacology, Toxicology and Pharmaceutics/10.1038_s41598-023-50876-w/crops/10.1038_s41598-023-50876-w__p001__b00.png"
10.1038_s41598-023-50876-w__p003__b00,subfigure,10.1038_s41598-023-50876-w__p003__b00,10.1038_s41598-023-50876-w,10.1038_s41598-023-50876-w.pdf,"Pharmacology, Toxicology and Pharmaceutics",3,0,"Pharmacology, Toxicology and Pharmaceutics/10.1038_s41598-023-50876-w/crops/10.1038_s41598-023-50876-w__p003__b00.png"
10.1038_s41598-023-50876-w__p003__b01,subfigure,10.1038_s41598-023-50876-w__p003__b01,10.1038_s41598-023-50876-w,10.1038_s41598-023-50876-w.pdf,"Pharmacology, Toxicology and Pharmaceutics",3,1,"Pharmacology, Toxicology and Pharmaceutics/10.1038_s41598-023-50876-w/crops/10.1038_s41598-023-50876-w__p003__b01.png"
10.1038_s41598-023-50876-w__p003__b02,subfigure,10.1038_s41598-023-50876-w__p003__b02,10.1038_s41598-023-50876-w,10.1038_s41598-023-50876-w.pdf,"Pharmacology, Toxicology and Pharmaceutics",3,2,"Pharmacology, Toxicology and Pharmaceutics/10.1038_s41598-023-50876-w/crops/10.1038_s41598-023-50876-w__p003__b02.png"
10.1038_s41598-023-50876-w__p003__b03,subfigure,10.1038_s41598-023-50876-w__p003__b03,10.1038_s41598-023-50876-w,10.1038_s41598-023-50876-w.pdf,"Pharmacology, Toxicology and Pharmaceutics",3,3,"Pharmacology, Toxicology and Pharmaceutics/10.1038_s41598-023-50876-w/crops/10.1038_s41598-023-50876-w__p003__b03.png"
10.1038_s41598-023-50876-w__p003__b04,subfigure,10.1038_s41598-023-50876-w__p003__b04,10.1038_s41598-023-50876-w,10.1038_s41598-023-50876-w.pdf,"Pharmacology, Toxicology and Pharmaceutics",3,4,"Pharmacology, Toxicology and Pharmaceutics/10.1038_s41598-023-50876-w/crops/10.1038_s41598-023-50876-w__p003__b04.png"
10.1038_s41598-023-50876-w__p004__b00,subfigure,10.1038_s41598-023-50876-w__p004__b00,10.1038_s41598-023-50876-w,10.1038_s41598-023-50876-w.pdf,"Pharmacology, Toxicology and Pharmaceutics",4,0,"Pharmacology, Toxicology and Pharmaceutics/10.1038_s41598-023-50876-w/crops/10.1038_s41598-023-50876-w__p004__b00.png"
10.1038_s41598-023-50876-w__p004__b01,subfigure,10.1038_s41598-023-50876-w__p004__b01,10.1038_s41598-023-50876-w,10.1038_s41598-023-50876-w.pdf,"Pharmacology, Toxicology and Pharmaceutics",4,1,"Pharmacology, Toxicology and Pharmaceutics/10.1038_s41598-023-50876-w/crops/10.1038_s41598-023-50876-w__p004__b01.png"
10.1038_s41598-023-50876-w__p004__b02,subfigure,10.1038_s41598-023-50876-w__p004__b02,10.1038_s41598-023-50876-w,10.1038_s41598-023-50876-w.pdf,"Pharmacology, Toxicology and Pharmaceutics",4,2,"Pharmacology, Toxicology and Pharmaceutics/10.1038_s41598-023-50876-w/crops/10.1038_s41598-023-50876-w__p004__b02.png"
10.1038_s41598-023-50876-w__p004__b03,subfigure,10.1038_s41598-023-50876-w__p004__b03,10.1038_s41598-023-50876-w,10.1038_s41598-023-50876-w.pdf,"Pharmacology, Toxicology and Pharmaceutics",4,3,"Pharmacology, Toxicology and Pharmaceutics/10.1038_s41598-023-50876-w/crops/10.1038_s41598-023-50876-w__p004__b03.png"
10.1038_s41598-023-50876-w__p004__b04,subfigure,10.1038_s41598-023-50876-w__p004__b04,10.1038_s41598-023-50876-w,10.1038_s41598-023-50876-w.pdf,"Pharmacology, Toxicology and Pharmaceutics",4,4,"Pharmacology, Toxicology and Pharmaceutics/10.1038_s41598-023-50876-w/crops/10.1038_s41598-023-50876-w__p004__b04.png"
10.1038_s41598-023-50876-w__p004__b05,subfigure,10.1038_s41598-023-50876-w__p004__b05,10.1038_s41598-023-50876-w,10.1038_s41598-023-50876-w.pdf,"Pharmacology, Toxicology and Pharmaceutics",4,5,"Pharmacology, Toxicology and Pharmaceutics/10.1038_s41598-023-50876-w/crops/10.1038_s41598-023-50876-w__p004__b05.png"
10.1038_s41598-023-50876-w__p005__b00,subfigure,10.1038_s41598-023-50876-w__p005__b00,10.1038_s41598-023-50876-w,10.1038_s41598-023-50876-w.pdf,"Pharmacology, Toxicology and Pharmaceutics",5,0,"Pharmacology, Toxicology and Pharmaceutics/10.1038_s41598-023-50876-w/crops/10.1038_s41598-023-50876-w__p005__b00.png"
10.1038_s41598-023-50876-w__p005__b01,subfigure,10.1038_s41598-023-50876-w__p005__b01,10.1038_s41598-023-50876-w,10.1038_s41598-023-50876-w.pdf,"Pharmacology, Toxicology and Pharmaceutics",5,1,"Pharmacology, Toxicology and Pharmaceutics/10.1038_s41598-023-50876-w/crops/10.1038_s41598-023-50876-w__p005__b01.png"
10.1038_s41598-023-50876-w__p005__b02,subfigure,10.1038_s41598-023-50876-w__p005__b02,10.1038_s41598-023-50876-w,10.1038_s41598-023-50876-w.pdf,"Pharmacology, Toxicology and Pharmaceutics",5,2,"Pharmacology, Toxicology and Pharmaceutics/10.1038_s41598-023-50876-w/crops/10.1038_s41598-023-50876-w__p005__b02.png"
10.1038_s41598-023-50876-w__p006__b00,subfigure,10.1038_s41598-023-50876-w__p006__b00,10.1038_s41598-023-50876-w,10.1038_s41598-023-50876-w.pdf,"Pharmacology, Toxicology and Pharmaceutics",6,0,"Pharmacology, Toxicology and Pharmaceutics/10.1038_s41598-023-50876-w/crops/10.1038_s41598-023-50876-w__p006__b00.png"
10.1038_s41598-023-50876-w__p006__b01,subfigure,10.1038_s41598-023-50876-w__p006__b01,10.1038_s41598-023-50876-w,10.1038_s41598-023-50876-w.pdf,"Pharmacology, Toxicology and Pharmaceutics",6,1,"Pharmacology, Toxicology and Pharmaceutics/10.1038_s41598-023-50876-w/crops/10.1038_s41598-023-50876-w__p006__b01.png"
10.1038_s41598-023-50876-w__p006__b02,subfigure,10.1038_s41598-023-50876-w__p006__b02,10.1038_s41598-023-50876-w,10.1038_s41598-023-50876-w.pdf,"Pharmacology, Toxicology and Pharmaceutics",6,2,"Pharmacology, Toxicology and Pharmaceutics/10.1038_s41598-023-50876-w/crops/10.1038_s41598-023-50876-w__p006__b02.png"
10.1038_s41598-023-50876-w__p007__b00,subfigure,10.1038_s41598-023-50876-w__p007__b00,10.1038_s41598-023-50876-w,10.1038_s41598-023-50876-w.pdf,"Pharmacology, Toxicology and Pharmaceutics",7,0,"Pharmacology, Toxicology and Pharmaceutics/10.1038_s41598-023-50876-w/crops/10.1038_s41598-023-50876-w__p007__b00.png"
10.1038_s41598-023-50876-w__p007__b01,subfigure,10.1038_s41598-023-50876-w__p007__b01,10.1038_s41598-023-50876-w,10.1038_s41598-023-50876-w.pdf,"Pharmacology, Toxicology and Pharmaceutics",7,1,"Pharmacology, Toxicology and Pharmaceutics/10.1038_s41598-023-50876-w/crops/10.1038_s41598-023-50876-w__p007__b01.png"
10.1038_s41598-023-50876-w__p008__b00,subfigure,10.1038_s41598-023-50876-w__p008__b00,10.1038_s41598-023-50876-w,10.1038_s41598-023-50876-w.pdf,"Pharmacology, Toxicology and Pharmaceutics",8,0,"Pharmacology, Toxicology and Pharmaceutics/10.1038_s41598-023-50876-w/crops/10.1038_s41598-023-50876-w__p008__b00.png"
10.1038_s41598-023-50876-w__p008__b01,subfigure,10.1038_s41598-023-50876-w__p008__b01,10.1038_s41598-023-50876-w,10.1038_s41598-023-50876-w.pdf,"Pharmacology, Toxicology and Pharmaceutics",8,1,"Pharmacology, Toxicology and Pharmaceutics/10.1038_s41598-023-50876-w/crops/10.1038_s41598-023-50876-w__p008__b01.png"
10.1038_s41598-023-50876-w__p008__b02,subfigure,10.1038_s41598-023-50876-w__p008__b02,10.1038_s41598-023-50876-w,10.1038_s41598-023-50876-w.pdf,"Pharmacology, Toxicology and Pharmaceutics",8,2,"Pharmacology, Toxicology and Pharmaceutics/10.1038_s41598-023-50876-w/crops/10.1038_s41598-023-50876-w__p008__b02.png"
10.2147_dddt.s463545__p002__b00,subfigure,10.2147_dddt.s463545__p002__b00,10.2147_dddt.s463545,10.2147_dddt.s463545.pdf,"Pharmacology, Toxicology and Pharmaceutics",2,0,"Pharmacology, Toxicology and Pharmaceutics/10.2147_dddt.s463545/crops/10.2147_dddt.s463545__p002__b00.png"
10.2147_dddt.s463545__p002__b01,subfigure,10.2147_dddt.s463545__p002__b01,10.2147_dddt.s463545,10.2147_dddt.s463545.pdf,"Pharmacology, Toxicology and Pharmaceutics",2,1,"Pharmacology, Toxicology and Pharmaceutics/10.2147_dddt.s463545/crops/10.2147_dddt.s463545__p002__b01.png"
10.2147_dddt.s463545__p002__b02,subfigure,10.2147_dddt.s463545__p002__b02,10.2147_dddt.s463545,10.2147_dddt.s463545.pdf,"Pharmacology, Toxicology and Pharmaceutics",2,2,"Pharmacology, Toxicology and Pharmaceutics/10.2147_dddt.s463545/crops/10.2147_dddt.s463545__p002__b02.png"
10.2147_dddt.s463545__p003__b00,subfigure,10.2147_dddt.s463545__p003__b00,10.2147_dddt.s463545,10.2147_dddt.s463545.pdf,"Pharmacology, Toxicology and Pharmaceutics",3,0,"Pharmacology, Toxicology and Pharmaceutics/10.2147_dddt.s463545/crops/10.2147_dddt.s463545__p003__b00.png"
10.2147_dddt.s463545__p004__b00,subfigure,10.2147_dddt.s463545__p004__b00,10.2147_dddt.s463545,10.2147_dddt.s463545.pdf,"Pharmacology, Toxicology and Pharmaceutics",4,0,"Pharmacology, Toxicology and Pharmaceutics/10.2147_dddt.s463545/crops/10.2147_dddt.s463545__p004__b00.png"
10.2147_dddt.s463545__p009__b00,subfigure,10.2147_dddt.s463545__p009__b00,10.2147_dddt.s463545,10.2147_dddt.s463545.pdf,"Pharmacology, Toxicology and Pharmaceutics",9,0,"Pharmacology, Toxicology and Pharmaceutics/10.2147_dddt.s463545/crops/10.2147_dddt.s463545__p009__b00.png"
10.2147_dddt.s463545__p009__b01,subfigure,10.2147_dddt.s463545__p009__b01,10.2147_dddt.s463545,10.2147_dddt.s463545.pdf,"Pharmacology, Toxicology and Pharmaceutics",9,1,"Pharmacology, Toxicology and Pharmaceutics/10.2147_dddt.s463545/crops/10.2147_dddt.s463545__p009__b01.png"
10.2147_dddt.s463545__p009__b02,subfigure,10.2147_dddt.s463545__p009__b02,10.2147_dddt.s463545,10.2147_dddt.s463545.pdf,"Pharmacology, Toxicology and Pharmaceutics",9,2,"Pharmacology, Toxicology and Pharmaceutics/10.2147_dddt.s463545/crops/10.2147_dddt.s463545__p009__b02.png"
10.2147_dddt.s463545__p009__b03,subfigure,10.2147_dddt.s463545__p009__b03,10.2147_dddt.s463545,10.2147_dddt.s463545.pdf,"Pharmacology, Toxicology and Pharmaceutics",9,3,"Pharmacology, Toxicology and Pharmaceutics/10.2147_dddt.s463545/crops/10.2147_dddt.s463545__p009__b03.png"
10.2147_dddt.s463545__p013__b00,subfigure,10.2147_dddt.s463545__p013__b00,10.2147_dddt.s463545,10.2147_dddt.s463545.pdf,"Pharmacology, Toxicology and Pharmaceutics",13,0,"Pharmacology, Toxicology and Pharmaceutics/10.2147_dddt.s463545/crops/10.2147_dddt.s463545__p013__b00.png"
10.2147_dddt.s463545__p014__b00,subfigure,10.2147_dddt.s463545__p014__b00,10.2147_dddt.s463545,10.2147_dddt.s463545.pdf,"Pharmacology, Toxicology and Pharmaceutics",14,0,"Pharmacology, Toxicology and Pharmaceutics/10.2147_dddt.s463545/crops/10.2147_dddt.s463545__p014__b00.png"
10.2147_dddt.s463545__p015__b00,subfigure,10.2147_dddt.s463545__p015__b00,10.2147_dddt.s463545,10.2147_dddt.s463545.pdf,"Pharmacology, Toxicology and Pharmaceutics",15,0,"Pharmacology, Toxicology and Pharmaceutics/10.2147_dddt.s463545/crops/10.2147_dddt.s463545__p015__b00.png"
10.2147_dddt.s463545__p015__b01,subfigure,10.2147_dddt.s463545__p015__b01,10.2147_dddt.s463545,10.2147_dddt.s463545.pdf,"Pharmacology, Toxicology and Pharmaceutics",15,1,"Pharmacology, Toxicology and Pharmaceutics/10.2147_dddt.s463545/crops/10.2147_dddt.s463545__p015__b01.png"
10.2147_dddt.s463545__p015__b02,subfigure,10.2147_dddt.s463545__p015__b02,10.2147_dddt.s463545,10.2147_dddt.s463545.pdf,"Pharmacology, Toxicology and Pharmaceutics",15,2,"Pharmacology, Toxicology and Pharmaceutics/10.2147_dddt.s463545/crops/10.2147_dddt.s463545__p015__b02.png"
10.2147_dddt.s463545__p015__b03,subfigure,10.2147_dddt.s463545__p015__b03,10.2147_dddt.s463545,10.2147_dddt.s463545.pdf,"Pharmacology, Toxicology and Pharmaceutics",15,3,"Pharmacology, Toxicology and Pharmaceutics/10.2147_dddt.s463545/crops/10.2147_dddt.s463545__p015__b03.png"
10.2147_dddt.s463545__p015__b04,subfigure,10.2147_dddt.s463545__p015__b04,10.2147_dddt.s463545,10.2147_dddt.s463545.pdf,"Pharmacology, Toxicology and Pharmaceutics",15,4,"Pharmacology, Toxicology and Pharmaceutics/10.2147_dddt.s463545/crops/10.2147_dddt.s463545__p015__b04.png"
10.2147_ijn.s505427__p002__b00,subfigure,10.2147_ijn.s505427__p002__b00,10.2147_ijn.s505427,10.2147_ijn.s505427.pdf,"Pharmacology, Toxicology and Pharmaceutics",2,0,"Pharmacology, Toxicology and Pharmaceutics/10.2147_ijn.s505427/crops/10.2147_ijn.s505427__p002__b00.png"
10.2147_ijn.s505427__p003__b00,subfigure,10.2147_ijn.s505427__p003__b00,10.2147_ijn.s505427,10.2147_ijn.s505427.pdf,"Pharmacology, Toxicology and Pharmaceutics",3,0,"Pharmacology, Toxicology and Pharmaceutics/10.2147_ijn.s505427/crops/10.2147_ijn.s505427__p003__b00.png"
10.2147_ijn.s505427__p004__b00,subfigure,10.2147_ijn.s505427__p004__b00,10.2147_ijn.s505427,10.2147_ijn.s505427.pdf,"Pharmacology, Toxicology and Pharmaceutics",4,0,"Pharmacology, Toxicology and Pharmaceutics/10.2147_ijn.s505427/crops/10.2147_ijn.s505427__p004__b00.png"
10.2147_ijn.s505427__p005__b00,subfigure,10.2147_ijn.s505427__p005__b00,10.2147_ijn.s505427,10.2147_ijn.s505427.pdf,"Pharmacology, Toxicology and Pharmaceutics",5,0,"Pharmacology, Toxicology and Pharmaceutics/10.2147_ijn.s505427/crops/10.2147_ijn.s505427__p005__b00.png"
10.26599_fmh.2025.9420033__p002__b00,subfigure,10.26599_fmh.2025.9420033__p002__b00,10.26599_fmh.2025.9420033,10.26599_fmh.2025.9420033.pdf,"Pharmacology, Toxicology and Pharmaceutics",2,0,"Pharmacology, Toxicology and Pharmaceutics/10.26599_fmh.2025.9420033/crops/10.26599_fmh.2025.9420033__p002__b00.png"
10.26599_fmh.2025.9420033__p003__b00,subfigure,10.26599_fmh.2025.9420033__p003__b00,10.26599_fmh.2025.9420033,10.26599_fmh.2025.9420033.pdf,"Pharmacology, Toxicology and Pharmaceutics",3,0,"Pharmacology, Toxicology and Pharmaceutics/10.26599_fmh.2025.9420033/crops/10.26599_fmh.2025.9420033__p003__b00.png"
10.26599_fmh.2025.9420033__p004__b00,subfigure,10.26599_fmh.2025.9420033__p004__b00,10.26599_fmh.2025.9420033,10.26599_fmh.2025.9420033.pdf,"Pharmacology, Toxicology and Pharmaceutics",4,0,"Pharmacology, Toxicology and Pharmaceutics/10.26599_fmh.2025.9420033/crops/10.26599_fmh.2025.9420033__p004__b00.png"
10.26599_fmh.2025.9420033__p007__b00,subfigure,10.26599_fmh.2025.9420033__p007__b00,10.26599_fmh.2025.9420033,10.26599_fmh.2025.9420033.pdf,"Pharmacology, Toxicology and Pharmaceutics",7,0,"Pharmacology, Toxicology and Pharmaceutics/10.26599_fmh.2025.9420033/crops/10.26599_fmh.2025.9420033__p007__b00.png"
10.3389_fcimb.2025.1504223__p004__b00,subfigure,10.3389_fcimb.2025.1504223__p004__b00,10.3389_fcimb.2025.1504223,10.3389_fcimb.2025.1504223.pdf,"Pharmacology, Toxicology and Pharmaceutics",4,0,"Pharmacology, Toxicology and Pharmaceutics/10.3389_fcimb.2025.1504223/crops/10.3389_fcimb.2025.1504223__p004__b00.png"
10.3389_fcimb.2025.1504223__p004__b01,subfigure,10.3389_fcimb.2025.1504223__p004__b01,10.3389_fcimb.2025.1504223,10.3389_fcimb.2025.1504223.pdf,"Pharmacology, Toxicology and Pharmaceutics",4,1,"Pharmacology, Toxicology and Pharmaceutics/10.3389_fcimb.2025.1504223/crops/10.3389_fcimb.2025.1504223__p004__b01.png"
10.3389_fcimb.2025.1504223__p005__b00,subfigure,10.3389_fcimb.2025.1504223__p005__b00,10.3389_fcimb.2025.1504223,10.3389_fcimb.2025.1504223.pdf,"Pharmacology, Toxicology and Pharmaceutics",5,0,"Pharmacology, Toxicology and Pharmaceutics/10.3389_fcimb.2025.1504223/crops/10.3389_fcimb.2025.1504223__p005__b00.png"
10.3389_fdsfr.2023.1323057__p002__b00,subfigure,10.3389_fdsfr.2023.1323057__p002__b00,10.3389_fdsfr.2023.1323057,10.3389_fdsfr.2023.1323057.pdf,"Pharmacology, Toxicology and Pharmaceutics",2,0,"Pharmacology, Toxicology and Pharmaceutics/10.3389_fdsfr.2023.1323057/crops/10.3389_fdsfr.2023.1323057__p002__b00.png"
10.3389_fdsfr.2023.1323057__p004__b00,subfigure,10.3389_fdsfr.2023.1323057__p004__b00,10.3389_fdsfr.2023.1323057,10.3389_fdsfr.2023.1323057.pdf,"Pharmacology, Toxicology and Pharmaceutics",4,0,"Pharmacology, Toxicology and Pharmaceutics/10.3389_fdsfr.2023.1323057/crops/10.3389_fdsfr.2023.1323057__p004__b00.png"
10.3389_fdsfr.2023.1323057__p007__b00,subfigure,10.3389_fdsfr.2023.1323057__p007__b00,10.3389_fdsfr.2023.1323057,10.3389_fdsfr.2023.1323057.pdf,"Pharmacology, Toxicology and Pharmaceutics",7,0,"Pharmacology, Toxicology and Pharmaceutics/10.3389_fdsfr.2023.1323057/crops/10.3389_fdsfr.2023.1323057__p007__b00.png"
10.54097_v160aa61__p004__b00,subfigure,10.54097_v160aa61__p004__b00,10.54097_v160aa61,10.54097_v160aa61.pdf,"Pharmacology, Toxicology and Pharmaceutics",4,0,"Pharmacology, Toxicology and Pharmaceutics/10.54097_v160aa61/crops/10.54097_v160aa61__p004__b00.png"
10.54097_v160aa61__p005__b00,subfigure,10.54097_v160aa61__p005__b00,10.54097_v160aa61,10.54097_v160aa61.pdf,"Pharmacology, Toxicology and Pharmaceutics",5,0,"Pharmacology, Toxicology and Pharmaceutics/10.54097_v160aa61/crops/10.54097_v160aa61__p005__b00.png"
10.1038_s41377-024-01665-1__p002__b00,subfigure,10.1038_s41377-024-01665-1__p002__b00,10.1038_s41377-024-01665-1,10.1038_s41377-024-01665-1.pdf,Physics and Astronomy,2,0,Physics and Astronomy/10.1038_s41377-024-01665-1/crops/10.1038_s41377-024-01665-1__p002__b00.png
10.1038_s41377-024-01665-1__p002__b01,subfigure,10.1038_s41377-024-01665-1__p002__b01,10.1038_s41377-024-01665-1,10.1038_s41377-024-01665-1.pdf,Physics and Astronomy,2,1,Physics and Astronomy/10.1038_s41377-024-01665-1/crops/10.1038_s41377-024-01665-1__p002__b01.png
10.1038_s41377-024-01665-1__p002__b02,subfigure,10.1038_s41377-024-01665-1__p002__b02,10.1038_s41377-024-01665-1,10.1038_s41377-024-01665-1.pdf,Physics and Astronomy,2,2,Physics and Astronomy/10.1038_s41377-024-01665-1/crops/10.1038_s41377-024-01665-1__p002__b02.png
10.1038_s41377-024-01665-1__p002__b03,subfigure,10.1038_s41377-024-01665-1__p002__b03,10.1038_s41377-024-01665-1,10.1038_s41377-024-01665-1.pdf,Physics and Astronomy,2,3,Physics and Astronomy/10.1038_s41377-024-01665-1/crops/10.1038_s41377-024-01665-1__p002__b03.png
10.1038_s41377-024-01665-1__p002__b04,subfigure,10.1038_s41377-024-01665-1__p002__b04,10.1038_s41377-024-01665-1,10.1038_s41377-024-01665-1.pdf,Physics and Astronomy,2,4,Physics and Astronomy/10.1038_s41377-024-01665-1/crops/10.1038_s41377-024-01665-1__p002__b04.png
10.1038_s41377-024-01665-1__p002__b05,subfigure,10.1038_s41377-024-01665-1__p002__b05,10.1038_s41377-024-01665-1,10.1038_s41377-024-01665-1.pdf,Physics and Astronomy,2,5,Physics and Astronomy/10.1038_s41377-024-01665-1/crops/10.1038_s41377-024-01665-1__p002__b05.png
10.1038_s41377-024-01665-1__p002__b06,subfigure,10.1038_s41377-024-01665-1__p002__b06,10.1038_s41377-024-01665-1,10.1038_s41377-024-01665-1.pdf,Physics and Astronomy,2,6,Physics and Astronomy/10.1038_s41377-024-01665-1/crops/10.1038_s41377-024-01665-1__p002__b06.png
10.1038_s41377-024-01665-1__p002__b07,subfigure,10.1038_s41377-024-01665-1__p002__b07,10.1038_s41377-024-01665-1,10.1038_s41377-024-01665-1.pdf,Physics and Astronomy,2,7,Physics and Astronomy/10.1038_s41377-024-01665-1/crops/10.1038_s41377-024-01665-1__p002__b07.png
10.1038_s41377-024-01665-1__p002__b08,subfigure,10.1038_s41377-024-01665-1__p002__b08,10.1038_s41377-024-01665-1,10.1038_s41377-024-01665-1.pdf,Physics and Astronomy,2,8,Physics and Astronomy/10.1038_s41377-024-01665-1/crops/10.1038_s41377-024-01665-1__p002__b08.png
10.1038_s41377-024-01665-1__p002__b09,subfigure,10.1038_s41377-024-01665-1__p002__b09,10.1038_s41377-024-01665-1,10.1038_s41377-024-01665-1.pdf,Physics and Astronomy,2,9,Physics and Astronomy/10.1038_s41377-024-01665-1/crops/10.1038_s41377-024-01665-1__p002__b09.png
10.1038_s41377-024-01665-1__p002__b10,subfigure,10.1038_s41377-024-01665-1__p002__b10,10.1038_s41377-024-01665-1,10.1038_s41377-024-01665-1.pdf,Physics and Astronomy,2,10,Physics and Astronomy/10.1038_s41377-024-01665-1/crops/10.1038_s41377-024-01665-1__p002__b10.png
10.1038_s41377-024-01665-1__p002__b11,subfigure,10.1038_s41377-024-01665-1__p002__b11,10.1038_s41377-024-01665-1,10.1038_s41377-024-01665-1.pdf,Physics and Astronomy,2,11,Physics and Astronomy/10.1038_s41377-024-01665-1/crops/10.1038_s41377-024-01665-1__p002__b11.png
10.1038_s41377-024-01665-1__p002__b12,subfigure,10.1038_s41377-024-01665-1__p002__b12,10.1038_s41377-024-01665-1,10.1038_s41377-024-01665-1.pdf,Physics and Astronomy,2,12,Physics and Astronomy/10.1038_s41377-024-01665-1/crops/10.1038_s41377-024-01665-1__p002__b12.png
10.1038_s41377-024-01665-1__p002__b13,subfigure,10.1038_s41377-024-01665-1__p002__b13,10.1038_s41377-024-01665-1,10.1038_s41377-024-01665-1.pdf,Physics and Astronomy,2,13,Physics and Astronomy/10.1038_s41377-024-01665-1/crops/10.1038_s41377-024-01665-1__p002__b13.png
10.1038_s41377-024-01665-1__p002__b14,subfigure,10.1038_s41377-024-01665-1__p002__b14,10.1038_s41377-024-01665-1,10.1038_s41377-024-01665-1.pdf,Physics and Astronomy,2,14,Physics and Astronomy/10.1038_s41377-024-01665-1/crops/10.1038_s41377-024-01665-1__p002__b14.png
10.1038_s41377-024-01665-1__p002__b15,subfigure,10.1038_s41377-024-01665-1__p002__b15,10.1038_s41377-024-01665-1,10.1038_s41377-024-01665-1.pdf,Physics and Astronomy,2,15,Physics and Astronomy/10.1038_s41377-024-01665-1/crops/10.1038_s41377-024-01665-1__p002__b15.png
10.1038_s41377-024-01665-1__p002__b16,subfigure,10.1038_s41377-024-01665-1__p002__b16,10.1038_s41377-024-01665-1,10.1038_s41377-024-01665-1.pdf,Physics and Astronomy,2,16,Physics and Astronomy/10.1038_s41377-024-01665-1/crops/10.1038_s41377-024-01665-1__p002__b16.png
10.1038_s41377-024-01665-1__p002__b17,subfigure,10.1038_s41377-024-01665-1__p002__b17,10.1038_s41377-024-01665-1,10.1038_s41377-024-01665-1.pdf,Physics and Astronomy,2,17,Physics and Astronomy/10.1038_s41377-024-01665-1/crops/10.1038_s41377-024-01665-1__p002__b17.png
10.1038_s41377-024-01665-1__p002__b18,subfigure,10.1038_s41377-024-01665-1__p002__b18,10.1038_s41377-024-01665-1,10.1038_s41377-024-01665-1.pdf,Physics and Astronomy,2,18,Physics and Astronomy/10.1038_s41377-024-01665-1/crops/10.1038_s41377-024-01665-1__p002__b18.png
10.1038_s41377-024-01665-1__p002__b19,subfigure,10.1038_s41377-024-01665-1__p002__b19,10.1038_s41377-024-01665-1,10.1038_s41377-024-01665-1.pdf,Physics and Astronomy,2,19,Physics and Astronomy/10.1038_s41377-024-01665-1/crops/10.1038_s41377-024-01665-1__p002__b19.png
10.1038_s41377-024-01665-1__p002__b20,subfigure,10.1038_s41377-024-01665-1__p002__b20,10.1038_s41377-024-01665-1,10.1038_s41377-024-01665-1.pdf,Physics and Astronomy,2,20,Physics and Astronomy/10.1038_s41377-024-01665-1/crops/10.1038_s41377-024-01665-1__p002__b20.png
10.1038_s41377-024-01665-1__p002__b21,subfigure,10.1038_s41377-024-01665-1__p002__b21,10.1038_s41377-024-01665-1,10.1038_s41377-024-01665-1.pdf,Physics and Astronomy,2,21,Physics and Astronomy/10.1038_s41377-024-01665-1/crops/10.1038_s41377-024-01665-1__p002__b21.png
10.1038_s41377-024-01665-1__p004__b00,subfigure,10.1038_s41377-024-01665-1__p004__b00,10.1038_s41377-024-01665-1,10.1038_s41377-024-01665-1.pdf,Physics and Astronomy,4,0,Physics and Astronomy/10.1038_s41377-024-01665-1/crops/10.1038_s41377-024-01665-1__p004__b00.png
10.1038_s41377-024-01665-1__p004__b01,subfigure,10.1038_s41377-024-01665-1__p004__b01,10.1038_s41377-024-01665-1,10.1038_s41377-024-01665-1.pdf,Physics and Astronomy,4,1,Physics and Astronomy/10.1038_s41377-024-01665-1/crops/10.1038_s41377-024-01665-1__p004__b01.png
10.1038_s41377-024-01665-1__p004__b02,subfigure,10.1038_s41377-024-01665-1__p004__b02,10.1038_s41377-024-01665-1,10.1038_s41377-024-01665-1.pdf,Physics and Astronomy,4,2,Physics and Astronomy/10.1038_s41377-024-01665-1/crops/10.1038_s41377-024-01665-1__p004__b02.png
10.1038_s41377-024-01665-1__p005__b00,subfigure,10.1038_s41377-024-01665-1__p005__b00,10.1038_s41377-024-01665-1,10.1038_s41377-024-01665-1.pdf,Physics and Astronomy,5,0,Physics and Astronomy/10.1038_s41377-024-01665-1/crops/10.1038_s41377-024-01665-1__p005__b00.png
10.1038_s41377-024-01665-1__p006__b00,subfigure,10.1038_s41377-024-01665-1__p006__b00,10.1038_s41377-024-01665-1,10.1038_s41377-024-01665-1.pdf,Physics and Astronomy,6,0,Physics and Astronomy/10.1038_s41377-024-01665-1/crops/10.1038_s41377-024-01665-1__p006__b00.png
10.1038_s41377-024-01665-1__p007__b00,subfigure,10.1038_s41377-024-01665-1__p007__b00,10.1038_s41377-024-01665-1,10.1038_s41377-024-01665-1.pdf,Physics and Astronomy,7,0,Physics and Astronomy/10.1038_s41377-024-01665-1/crops/10.1038_s41377-024-01665-1__p007__b00.png
10.1038_s41377-024-01665-1__p008__b00,subfigure,10.1038_s41377-024-01665-1__p008__b00,10.1038_s41377-024-01665-1,10.1038_s41377-024-01665-1.pdf,Physics and Astronomy,8,0,Physics and Astronomy/10.1038_s41377-024-01665-1/crops/10.1038_s41377-024-01665-1__p008__b00.png
10.1038_s41377-024-01665-1__p008__b01,subfigure,10.1038_s41377-024-01665-1__p008__b01,10.1038_s41377-024-01665-1,10.1038_s41377-024-01665-1.pdf,Physics and Astronomy,8,1,Physics and Astronomy/10.1038_s41377-024-01665-1/crops/10.1038_s41377-024-01665-1__p008__b01.png
10.1038_s41377-024-01665-1__p008__b02,subfigure,10.1038_s41377-024-01665-1__p008__b02,10.1038_s41377-024-01665-1,10.1038_s41377-024-01665-1.pdf,Physics and Astronomy,8,2,Physics and Astronomy/10.1038_s41377-024-01665-1/crops/10.1038_s41377-024-01665-1__p008__b02.png
10.1038_s41377-024-01665-1__p010__b00,subfigure,10.1038_s41377-024-01665-1__p010__b00,10.1038_s41377-024-01665-1,10.1038_s41377-024-01665-1.pdf,Physics and Astronomy,10,0,Physics and Astronomy/10.1038_s41377-024-01665-1/crops/10.1038_s41377-024-01665-1__p010__b00.png
10.1038_s41377-024-01665-1__p010__b01,subfigure,10.1038_s41377-024-01665-1__p010__b01,10.1038_s41377-024-01665-1,10.1038_s41377-024-01665-1.pdf,Physics and Astronomy,10,1,Physics and Astronomy/10.1038_s41377-024-01665-1/crops/10.1038_s41377-024-01665-1__p010__b01.png
10.1038_s41377-024-01665-1__p010__b02,subfigure,10.1038_s41377-024-01665-1__p010__b02,10.1038_s41377-024-01665-1,10.1038_s41377-024-01665-1.pdf,Physics and Astronomy,10,2,Physics and Astronomy/10.1038_s41377-024-01665-1/crops/10.1038_s41377-024-01665-1__p010__b02.png
10.1038_s41377-024-01665-1__p010__b03,subfigure,10.1038_s41377-024-01665-1__p010__b03,10.1038_s41377-024-01665-1,10.1038_s41377-024-01665-1.pdf,Physics and Astronomy,10,3,Physics and Astronomy/10.1038_s41377-024-01665-1/crops/10.1038_s41377-024-01665-1__p010__b03.png
10.1038_s41377-024-01665-1__p010__b04,subfigure,10.1038_s41377-024-01665-1__p010__b04,10.1038_s41377-024-01665-1,10.1038_s41377-024-01665-1.pdf,Physics and Astronomy,10,4,Physics and Astronomy/10.1038_s41377-024-01665-1/crops/10.1038_s41377-024-01665-1__p010__b04.png
10.1038_s41377-024-01665-1__p011__b00,subfigure,10.1038_s41377-024-01665-1__p011__b00,10.1038_s41377-024-01665-1,10.1038_s41377-024-01665-1.pdf,Physics and Astronomy,11,0,Physics and Astronomy/10.1038_s41377-024-01665-1/crops/10.1038_s41377-024-01665-1__p011__b00.png
10.1038_s41377-024-01665-1__p011__b01,subfigure,10.1038_s41377-024-01665-1__p011__b01,10.1038_s41377-024-01665-1,10.1038_s41377-024-01665-1.pdf,Physics and Astronomy,11,1,Physics and Astronomy/10.1038_s41377-024-01665-1/crops/10.1038_s41377-024-01665-1__p011__b01.png
10.1038_s41377-024-01665-1__p011__b02,subfigure,10.1038_s41377-024-01665-1__p011__b02,10.1038_s41377-024-01665-1,10.1038_s41377-024-01665-1.pdf,Physics and Astronomy,11,2,Physics and Astronomy/10.1038_s41377-024-01665-1/crops/10.1038_s41377-024-01665-1__p011__b02.png
10.1038_s41377-024-01665-1__p011__b03,subfigure,10.1038_s41377-024-01665-1__p011__b03,10.1038_s41377-024-01665-1,10.1038_s41377-024-01665-1.pdf,Physics and Astronomy,11,3,Physics and Astronomy/10.1038_s41377-024-01665-1/crops/10.1038_s41377-024-01665-1__p011__b03.png
10.1038_s41377-024-01665-1__p011__b04,subfigure,10.1038_s41377-024-01665-1__p011__b04,10.1038_s41377-024-01665-1,10.1038_s41377-024-01665-1.pdf,Physics and Astronomy,11,4,Physics and Astronomy/10.1038_s41377-024-01665-1/crops/10.1038_s41377-024-01665-1__p011__b04.png
10.1038_s41377-024-01665-1__p011__b05,subfigure,10.1038_s41377-024-01665-1__p011__b05,10.1038_s41377-024-01665-1,10.1038_s41377-024-01665-1.pdf,Physics and Astronomy,11,5,Physics and Astronomy/10.1038_s41377-024-01665-1/crops/10.1038_s41377-024-01665-1__p011__b05.png
10.1038_s41377-024-01665-1__p011__b06,subfigure,10.1038_s41377-024-01665-1__p011__b06,10.1038_s41377-024-01665-1,10.1038_s41377-024-01665-1.pdf,Physics and Astronomy,11,6,Physics and Astronomy/10.1038_s41377-024-01665-1/crops/10.1038_s41377-024-01665-1__p011__b06.png
10.1038_s41377-024-01665-1__p013__b00,subfigure,10.1038_s41377-024-01665-1__p013__b00,10.1038_s41377-024-01665-1,10.1038_s41377-024-01665-1.pdf,Physics and Astronomy,13,0,Physics and Astronomy/10.1038_s41377-024-01665-1/crops/10.1038_s41377-024-01665-1__p013__b00.png
10.1038_s41377-024-01665-1__p013__b01,subfigure,10.1038_s41377-024-01665-1__p013__b01,10.1038_s41377-024-01665-1,10.1038_s41377-024-01665-1.pdf,Physics and Astronomy,13,1,Physics and Astronomy/10.1038_s41377-024-01665-1/crops/10.1038_s41377-024-01665-1__p013__b01.png
10.1038_s41377-024-01665-1__p013__b02,subfigure,10.1038_s41377-024-01665-1__p013__b02,10.1038_s41377-024-01665-1,10.1038_s41377-024-01665-1.pdf,Physics and Astronomy,13,2,Physics and Astronomy/10.1038_s41377-024-01665-1/crops/10.1038_s41377-024-01665-1__p013__b02.png
10.1038_s41377-024-01665-1__p013__b03,subfigure,10.1038_s41377-024-01665-1__p013__b03,10.1038_s41377-024-01665-1,10.1038_s41377-024-01665-1.pdf,Physics and Astronomy,13,3,Physics and Astronomy/10.1038_s41377-024-01665-1/crops/10.1038_s41377-024-01665-1__p013__b03.png
10.1038_s41377-024-01665-1__p013__b04,subfigure,10.1038_s41377-024-01665-1__p013__b04,10.1038_s41377-024-01665-1,10.1038_s41377-024-01665-1.pdf,Physics and Astronomy,13,4,Physics and Astronomy/10.1038_s41377-024-01665-1/crops/10.1038_s41377-024-01665-1__p013__b04.png
10.1038_s41377-024-01665-1__p013__b05,subfigure,10.1038_s41377-024-01665-1__p013__b05,10.1038_s41377-024-01665-1,10.1038_s41377-024-01665-1.pdf,Physics and Astronomy,13,5,Physics and Astronomy/10.1038_s41377-024-01665-1/crops/10.1038_s41377-024-01665-1__p013__b05.png
10.1038_s41377-024-01665-1__p013__b06,subfigure,10.1038_s41377-024-01665-1__p013__b06,10.1038_s41377-024-01665-1,10.1038_s41377-024-01665-1.pdf,Physics and Astronomy,13,6,Physics and Astronomy/10.1038_s41377-024-01665-1/crops/10.1038_s41377-024-01665-1__p013__b06.png
10.1038_s41377-024-01665-1__p013__b07,subfigure,10.1038_s41377-024-01665-1__p013__b07,10.1038_s41377-024-01665-1,10.1038_s41377-024-01665-1.pdf,Physics and Astronomy,13,7,Physics and Astronomy/10.1038_s41377-024-01665-1/crops/10.1038_s41377-024-01665-1__p013__b07.png
10.1038_s41377-024-01665-1__p014__b00,subfigure,10.1038_s41377-024-01665-1__p014__b00,10.1038_s41377-024-01665-1,10.1038_s41377-024-01665-1.pdf,Physics and Astronomy,14,0,Physics and Astronomy/10.1038_s41377-024-01665-1/crops/10.1038_s41377-024-01665-1__p014__b00.png
10.1038_s41377-024-01665-1__p014__b01,subfigure,10.1038_s41377-024-01665-1__p014__b01,10.1038_s41377-024-01665-1,10.1038_s41377-024-01665-1.pdf,Physics and Astronomy,14,1,Physics and Astronomy/10.1038_s41377-024-01665-1/crops/10.1038_s41377-024-01665-1__p014__b01.png
10.1038_s41377-024-01665-1__p014__b02,subfigure,10.1038_s41377-024-01665-1__p014__b02,10.1038_s41377-024-01665-1,10.1038_s41377-024-01665-1.pdf,Physics and Astronomy,14,2,Physics and Astronomy/10.1038_s41377-024-01665-1/crops/10.1038_s41377-024-01665-1__p014__b02.png
10.1038_s41377-024-01665-1__p014__b03,subfigure,10.1038_s41377-024-01665-1__p014__b03,10.1038_s41377-024-01665-1,10.1038_s41377-024-01665-1.pdf,Physics and Astronomy,14,3,Physics and Astronomy/10.1038_s41377-024-01665-1/crops/10.1038_s41377-024-01665-1__p014__b03.png
10.1038_s41377-024-01665-1__p015__b00,subfigure,10.1038_s41377-024-01665-1__p015__b00,10.1038_s41377-024-01665-1,10.1038_s41377-024-01665-1.pdf,Physics and Astronomy,15,0,Physics and Astronomy/10.1038_s41377-024-01665-1/crops/10.1038_s41377-024-01665-1__p015__b00.png
10.1038_s41557-023-01416-6__p002__b00,subfigure,10.1038_s41557-023-01416-6__p002__b00,10.1038_s41557-023-01416-6,10.1038_s41557-023-01416-6.pdf,Physics and Astronomy,2,0,Physics and Astronomy/10.1038_s41557-023-01416-6/crops/10.1038_s41557-023-01416-6__p002__b00.png
10.1038_s41557-023-01416-6__p002__b01,subfigure,10.1038_s41557-023-01416-6__p002__b01,10.1038_s41557-023-01416-6,10.1038_s41557-023-01416-6.pdf,Physics and Astronomy,2,1,Physics and Astronomy/10.1038_s41557-023-01416-6/crops/10.1038_s41557-023-01416-6__p002__b01.png
10.1038_s41557-023-01416-6__p002__b02,subfigure,10.1038_s41557-023-01416-6__p002__b02,10.1038_s41557-023-01416-6,10.1038_s41557-023-01416-6.pdf,Physics and Astronomy,2,2,Physics and Astronomy/10.1038_s41557-023-01416-6/crops/10.1038_s41557-023-01416-6__p002__b02.png
10.1038_s41557-023-01416-6__p002__b03,subfigure,10.1038_s41557-023-01416-6__p002__b03,10.1038_s41557-023-01416-6,10.1038_s41557-023-01416-6.pdf,Physics and Astronomy,2,3,Physics and Astronomy/10.1038_s41557-023-01416-6/crops/10.1038_s41557-023-01416-6__p002__b03.png
10.1038_s41557-023-01416-6__p002__b04,subfigure,10.1038_s41557-023-01416-6__p002__b04,10.1038_s41557-023-01416-6,10.1038_s41557-023-01416-6.pdf,Physics and Astronomy,2,4,Physics and Astronomy/10.1038_s41557-023-01416-6/crops/10.1038_s41557-023-01416-6__p002__b04.png
10.1038_s41557-023-01416-6__p002__b05,subfigure,10.1038_s41557-023-01416-6__p002__b05,10.1038_s41557-023-01416-6,10.1038_s41557-023-01416-6.pdf,Physics and Astronomy,2,5,Physics and Astronomy/10.1038_s41557-023-01416-6/crops/10.1038_s41557-023-01416-6__p002__b05.png
10.1038_s41557-023-01416-6__p002__b06,subfigure,10.1038_s41557-023-01416-6__p002__b06,10.1038_s41557-023-01416-6,10.1038_s41557-023-01416-6.pdf,Physics and Astronomy,2,6,Physics and Astronomy/10.1038_s41557-023-01416-6/crops/10.1038_s41557-023-01416-6__p002__b06.png
10.1038_s41557-023-01416-6__p003__b00,subfigure,10.1038_s41557-023-01416-6__p003__b00,10.1038_s41557-023-01416-6,10.1038_s41557-023-01416-6.pdf,Physics and Astronomy,3,0,Physics and Astronomy/10.1038_s41557-023-01416-6/crops/10.1038_s41557-023-01416-6__p003__b00.png
10.1038_s41557-023-01416-6__p003__b01,subfigure,10.1038_s41557-023-01416-6__p003__b01,10.1038_s41557-023-01416-6,10.1038_s41557-023-01416-6.pdf,Physics and Astronomy,3,1,Physics and Astronomy/10.1038_s41557-023-01416-6/crops/10.1038_s41557-023-01416-6__p003__b01.png
10.1038_s41557-023-01416-6__p003__b02,subfigure,10.1038_s41557-023-01416-6__p003__b02,10.1038_s41557-023-01416-6,10.1038_s41557-023-01416-6.pdf,Physics and Astronomy,3,2,Physics and Astronomy/10.1038_s41557-023-01416-6/crops/10.1038_s41557-023-01416-6__p003__b02.png
10.1038_s41557-023-01416-6__p003__b03,subfigure,10.1038_s41557-023-01416-6__p003__b03,10.1038_s41557-023-01416-6,10.1038_s41557-023-01416-6.pdf,Physics and Astronomy,3,3,Physics and Astronomy/10.1038_s41557-023-01416-6/crops/10.1038_s41557-023-01416-6__p003__b03.png
10.1038_s41557-023-01416-6__p004__b00,subfigure,10.1038_s41557-023-01416-6__p004__b00,10.1038_s41557-023-01416-6,10.1038_s41557-023-01416-6.pdf,Physics and Astronomy,4,0,Physics and Astronomy/10.1038_s41557-023-01416-6/crops/10.1038_s41557-023-01416-6__p004__b00.png
10.1038_s41557-023-01416-6__p004__b01,subfigure,10.1038_s41557-023-01416-6__p004__b01,10.1038_s41557-023-01416-6,10.1038_s41557-023-01416-6.pdf,Physics and Astronomy,4,1,Physics and Astronomy/10.1038_s41557-023-01416-6/crops/10.1038_s41557-023-01416-6__p004__b01.png
10.1038_s41557-023-01416-6__p004__b02,subfigure,10.1038_s41557-023-01416-6__p004__b02,10.1038_s41557-023-01416-6,10.1038_s41557-023-01416-6.pdf,Physics and Astronomy,4,2,Physics and Astronomy/10.1038_s41557-023-01416-6/crops/10.1038_s41557-023-01416-6__p004__b02.png
10.1038_s41557-023-01416-6__p005__b00,subfigure,10.1038_s41557-023-01416-6__p005__b00,10.1038_s41557-023-01416-6,10.1038_s41557-023-01416-6.pdf,Physics and Astronomy,5,0,Physics and Astronomy/10.1038_s41557-023-01416-6/crops/10.1038_s41557-023-01416-6__p005__b00.png
10.1038_s41557-023-01416-6__p005__b01,subfigure,10.1038_s41557-023-01416-6__p005__b01,10.1038_s41557-023-01416-6,10.1038_s41557-023-01416-6.pdf,Physics and Astronomy,5,1,Physics and Astronomy/10.1038_s41557-023-01416-6/crops/10.1038_s41557-023-01416-6__p005__b01.png
10.1038_s41557-023-01416-6__p005__b02,subfigure,10.1038_s41557-023-01416-6__p005__b02,10.1038_s41557-023-01416-6,10.1038_s41557-023-01416-6.pdf,Physics and Astronomy,5,2,Physics and Astronomy/10.1038_s41557-023-01416-6/crops/10.1038_s41557-023-01416-6__p005__b02.png
10.1038_s41598-024-52585-4__p001__b00,subfigure,10.1038_s41598-024-52585-4__p001__b00,10.1038_s41598-024-52585-4,10.1038_s41598-024-52585-4.pdf,Physics and Astronomy,1,0,Physics and Astronomy/10.1038_s41598-024-52585-4/crops/10.1038_s41598-024-52585-4__p001__b00.png
10.1038_s41598-024-52585-4__p003__b00,subfigure,10.1038_s41598-024-52585-4__p003__b00,10.1038_s41598-024-52585-4,10.1038_s41598-024-52585-4.pdf,Physics and Astronomy,3,0,Physics and Astronomy/10.1038_s41598-024-52585-4/crops/10.1038_s41598-024-52585-4__p003__b00.png
10.1038_s41598-024-52585-4__p003__b01,subfigure,10.1038_s41598-024-52585-4__p003__b01,10.1038_s41598-024-52585-4,10.1038_s41598-024-52585-4.pdf,Physics and Astronomy,3,1,Physics and Astronomy/10.1038_s41598-024-52585-4/crops/10.1038_s41598-024-52585-4__p003__b01.png
10.1038_s41598-024-52585-4__p004__b00,subfigure,10.1038_s41598-024-52585-4__p004__b00,10.1038_s41598-024-52585-4,10.1038_s41598-024-52585-4.pdf,Physics and Astronomy,4,0,Physics and Astronomy/10.1038_s41598-024-52585-4/crops/10.1038_s41598-024-52585-4__p004__b00.png
10.1038_s41598-024-52585-4__p005__b00,subfigure,10.1038_s41598-024-52585-4__p005__b00,10.1038_s41598-024-52585-4,10.1038_s41598-024-52585-4.pdf,Physics and Astronomy,5,0,Physics and Astronomy/10.1038_s41598-024-52585-4/crops/10.1038_s41598-024-52585-4__p005__b00.png
10.1038_s41598-024-52585-4__p005__b01,subfigure,10.1038_s41598-024-52585-4__p005__b01,10.1038_s41598-024-52585-4,10.1038_s41598-024-52585-4.pdf,Physics and Astronomy,5,1,Physics and Astronomy/10.1038_s41598-024-52585-4/crops/10.1038_s41598-024-52585-4__p005__b01.png
10.1038_s41598-024-52585-4__p005__b02,subfigure,10.1038_s41598-024-52585-4__p005__b02,10.1038_s41598-024-52585-4,10.1038_s41598-024-52585-4.pdf,Physics and Astronomy,5,2,Physics and Astronomy/10.1038_s41598-024-52585-4/crops/10.1038_s41598-024-52585-4__p005__b02.png
10.1038_s41598-024-52585-4__p005__b03,subfigure,10.1038_s41598-024-52585-4__p005__b03,10.1038_s41598-024-52585-4,10.1038_s41598-024-52585-4.pdf,Physics and Astronomy,5,3,Physics and Astronomy/10.1038_s41598-024-52585-4/crops/10.1038_s41598-024-52585-4__p005__b03.png
10.1038_s41598-024-52585-4__p005__b04,subfigure,10.1038_s41598-024-52585-4__p005__b04,10.1038_s41598-024-52585-4,10.1038_s41598-024-52585-4.pdf,Physics and Astronomy,5,4,Physics and Astronomy/10.1038_s41598-024-52585-4/crops/10.1038_s41598-024-52585-4__p005__b04.png
10.1038_s41598-024-52585-4__p007__b00,subfigure,10.1038_s41598-024-52585-4__p007__b00,10.1038_s41598-024-52585-4,10.1038_s41598-024-52585-4.pdf,Physics and Astronomy,7,0,Physics and Astronomy/10.1038_s41598-024-52585-4/crops/10.1038_s41598-024-52585-4__p007__b00.png
10.1038_s41598-024-52585-4__p007__b01,subfigure,10.1038_s41598-024-52585-4__p007__b01,10.1038_s41598-024-52585-4,10.1038_s41598-024-52585-4.pdf,Physics and Astronomy,7,1,Physics and Astronomy/10.1038_s41598-024-52585-4/crops/10.1038_s41598-024-52585-4__p007__b01.png
10.1038_s41598-024-52585-4__p009__b00,subfigure,10.1038_s41598-024-52585-4__p009__b00,10.1038_s41598-024-52585-4,10.1038_s41598-024-52585-4.pdf,Physics and Astronomy,9,0,Physics and Astronomy/10.1038_s41598-024-52585-4/crops/10.1038_s41598-024-52585-4__p009__b00.png
10.1038_s41598-024-52585-4__p009__b01,subfigure,10.1038_s41598-024-52585-4__p009__b01,10.1038_s41598-024-52585-4,10.1038_s41598-024-52585-4.pdf,Physics and Astronomy,9,1,Physics and Astronomy/10.1038_s41598-024-52585-4/crops/10.1038_s41598-024-52585-4__p009__b01.png
10.1038_s41598-024-52585-4__p009__b02,subfigure,10.1038_s41598-024-52585-4__p009__b02,10.1038_s41598-024-52585-4,10.1038_s41598-024-52585-4.pdf,Physics and Astronomy,9,2,Physics and Astronomy/10.1038_s41598-024-52585-4/crops/10.1038_s41598-024-52585-4__p009__b02.png
10.1038_s41598-024-52585-4__p009__b03,subfigure,10.1038_s41598-024-52585-4__p009__b03,10.1038_s41598-024-52585-4,10.1038_s41598-024-52585-4.pdf,Physics and Astronomy,9,3,Physics and Astronomy/10.1038_s41598-024-52585-4/crops/10.1038_s41598-024-52585-4__p009__b03.png
10.1038_s41598-024-52585-4__p009__b04,subfigure,10.1038_s41598-024-52585-4__p009__b04,10.1038_s41598-024-52585-4,10.1038_s41598-024-52585-4.pdf,Physics and Astronomy,9,4,Physics and Astronomy/10.1038_s41598-024-52585-4/crops/10.1038_s41598-024-52585-4__p009__b04.png
10.1038_s41598-024-52585-4__p009__b05,subfigure,10.1038_s41598-024-52585-4__p009__b05,10.1038_s41598-024-52585-4,10.1038_s41598-024-52585-4.pdf,Physics and Astronomy,9,5,Physics and Astronomy/10.1038_s41598-024-52585-4/crops/10.1038_s41598-024-52585-4__p009__b05.png
10.1038_s41598-024-52585-4__p009__b06,subfigure,10.1038_s41598-024-52585-4__p009__b06,10.1038_s41598-024-52585-4,10.1038_s41598-024-52585-4.pdf,Physics and Astronomy,9,6,Physics and Astronomy/10.1038_s41598-024-52585-4/crops/10.1038_s41598-024-52585-4__p009__b06.png
10.1038_s41598-024-52585-4__p009__b07,subfigure,10.1038_s41598-024-52585-4__p009__b07,10.1038_s41598-024-52585-4,10.1038_s41598-024-52585-4.pdf,Physics and Astronomy,9,7,Physics and Astronomy/10.1038_s41598-024-52585-4/crops/10.1038_s41598-024-52585-4__p009__b07.png
10.1038_s41598-024-52585-4__p009__b08,subfigure,10.1038_s41598-024-52585-4__p009__b08,10.1038_s41598-024-52585-4,10.1038_s41598-024-52585-4.pdf,Physics and Astronomy,9,8,Physics and Astronomy/10.1038_s41598-024-52585-4/crops/10.1038_s41598-024-52585-4__p009__b08.png
10.1038_s41598-024-52585-4__p009__b09,subfigure,10.1038_s41598-024-52585-4__p009__b09,10.1038_s41598-024-52585-4,10.1038_s41598-024-52585-4.pdf,Physics and Astronomy,9,9,Physics and Astronomy/10.1038_s41598-024-52585-4/crops/10.1038_s41598-024-52585-4__p009__b09.png
10.1038_s41598-024-52585-4__p010__b00,subfigure,10.1038_s41598-024-52585-4__p010__b00,10.1038_s41598-024-52585-4,10.1038_s41598-024-52585-4.pdf,Physics and Astronomy,10,0,Physics and Astronomy/10.1038_s41598-024-52585-4/crops/10.1038_s41598-024-52585-4__p010__b00.png
10.1038_s41598-024-52585-4__p011__b00,subfigure,10.1038_s41598-024-52585-4__p011__b00,10.1038_s41598-024-52585-4,10.1038_s41598-024-52585-4.pdf,Physics and Astronomy,11,0,Physics and Astronomy/10.1038_s41598-024-52585-4/crops/10.1038_s41598-024-52585-4__p011__b00.png
10.1038_s43247-024-01626-x__p008__b00,subfigure,10.1038_s43247-024-01626-x__p008__b00,10.1038_s43247-024-01626-x,10.1038_s43247-024-01626-x.pdf,Physics and Astronomy,8,0,Physics and Astronomy/10.1038_s43247-024-01626-x/crops/10.1038_s43247-024-01626-x__p008__b00.png
10.1126_science.ado8069__p003__b00,subfigure,10.1126_science.ado8069__p003__b00,10.1126_science.ado8069,10.1126_science.ado8069.pdf,Physics and Astronomy,3,0,Physics and Astronomy/10.1126_science.ado8069/crops/10.1126_science.ado8069__p003__b00.png
10.1126_science.ado8069__p004__b00,subfigure,10.1126_science.ado8069__p004__b00,10.1126_science.ado8069,10.1126_science.ado8069.pdf,Physics and Astronomy,4,0,Physics and Astronomy/10.1126_science.ado8069/crops/10.1126_science.ado8069__p004__b00.png
10.1126_science.ado8069__p005__b00,subfigure,10.1126_science.ado8069__p005__b00,10.1126_science.ado8069,10.1126_science.ado8069.pdf,Physics and Astronomy,5,0,Physics and Astronomy/10.1126_science.ado8069/crops/10.1126_science.ado8069__p005__b00.png
10.1126_science.ado8069__p009__b00,subfigure,10.1126_science.ado8069__p009__b00,10.1126_science.ado8069,10.1126_science.ado8069.pdf,Physics and Astronomy,9,0,Physics and Astronomy/10.1126_science.ado8069/crops/10.1126_science.ado8069__p009__b00.png
10.1126_science.ado8069__p010__b00,subfigure,10.1126_science.ado8069__p010__b00,10.1126_science.ado8069,10.1126_science.ado8069.pdf,Physics and Astronomy,10,0,Physics and Astronomy/10.1126_science.ado8069/crops/10.1126_science.ado8069__p010__b00.png
10.1126_science.ado8069__p012__b00,subfigure,10.1126_science.ado8069__p012__b00,10.1126_science.ado8069,10.1126_science.ado8069.pdf,Physics and Astronomy,12,0,Physics and Astronomy/10.1126_science.ado8069/crops/10.1126_science.ado8069__p012__b00.png
10.1126_science.ado8069__p012__b01,subfigure,10.1126_science.ado8069__p012__b01,10.1126_science.ado8069,10.1126_science.ado8069.pdf,Physics and Astronomy,12,1,Physics and Astronomy/10.1126_science.ado8069/crops/10.1126_science.ado8069__p012__b01.png
10.1126_science.ado8069__p013__b00,subfigure,10.1126_science.ado8069__p013__b00,10.1126_science.ado8069,10.1126_science.ado8069.pdf,Physics and Astronomy,13,0,Physics and Astronomy/10.1126_science.ado8069/crops/10.1126_science.ado8069__p013__b00.png
10.1126_science.ado8069__p013__b01,subfigure,10.1126_science.ado8069__p013__b01,10.1126_science.ado8069,10.1126_science.ado8069.pdf,Physics and Astronomy,13,1,Physics and Astronomy/10.1126_science.ado8069/crops/10.1126_science.ado8069__p013__b01.png
10.1126_science.ado8069__p014__b00,subfigure,10.1126_science.ado8069__p014__b00,10.1126_science.ado8069,10.1126_science.ado8069.pdf,Physics and Astronomy,14,0,Physics and Astronomy/10.1126_science.ado8069/crops/10.1126_science.ado8069__p014__b00.png
10.1126_science.ado8069__p015__b00,subfigure,10.1126_science.ado8069__p015__b00,10.1126_science.ado8069,10.1126_science.ado8069.pdf,Physics and Astronomy,15,0,Physics and Astronomy/10.1126_science.ado8069/crops/10.1126_science.ado8069__p015__b00.png
10.1126_science.ado8069__p015__b01,subfigure,10.1126_science.ado8069__p015__b01,10.1126_science.ado8069,10.1126_science.ado8069.pdf,Physics and Astronomy,15,1,Physics and Astronomy/10.1126_science.ado8069/crops/10.1126_science.ado8069__p015__b01.png
10.1126_science.ado8069__p016__b00,subfigure,10.1126_science.ado8069__p016__b00,10.1126_science.ado8069,10.1126_science.ado8069.pdf,Physics and Astronomy,16,0,Physics and Astronomy/10.1126_science.ado8069/crops/10.1126_science.ado8069__p016__b00.png
10.1126_science.ado8069__p017__b00,subfigure,10.1126_science.ado8069__p017__b00,10.1126_science.ado8069,10.1126_science.ado8069.pdf,Physics and Astronomy,17,0,Physics and Astronomy/10.1126_science.ado8069/crops/10.1126_science.ado8069__p017__b00.png
10.21105_joss.07023__p001__b00,subfigure,10.21105_joss.07023__p001__b00,10.21105_joss.07023,10.21105_joss.07023.pdf,Physics and Astronomy,1,0,Physics and Astronomy/10.21105_joss.07023/crops/10.21105_joss.07023__p001__b00.png
10.21105_joss.07023__p002__b00,subfigure,10.21105_joss.07023__p002__b00,10.21105_joss.07023,10.21105_joss.07023.pdf,Physics and Astronomy,2,0,Physics and Astronomy/10.21105_joss.07023/crops/10.21105_joss.07023__p002__b00.png
10.21105_joss.07023__p002__b01,subfigure,10.21105_joss.07023__p002__b01,10.21105_joss.07023,10.21105_joss.07023.pdf,Physics and Astronomy,2,1,Physics and Astronomy/10.21105_joss.07023/crops/10.21105_joss.07023__p002__b01.png
10.21105_joss.07023__p002__b02,subfigure,10.21105_joss.07023__p002__b02,10.21105_joss.07023,10.21105_joss.07023.pdf,Physics and Astronomy,2,2,Physics and Astronomy/10.21105_joss.07023/crops/10.21105_joss.07023__p002__b02.png
10.21105_joss.07023__p002__b03,subfigure,10.21105_joss.07023__p002__b03,10.21105_joss.07023,10.21105_joss.07023.pdf,Physics and Astronomy,2,3,Physics and Astronomy/10.21105_joss.07023/crops/10.21105_joss.07023__p002__b03.png
10.21105_joss.07023__p003__b00,subfigure,10.21105_joss.07023__p003__b00,10.21105_joss.07023,10.21105_joss.07023.pdf,Physics and Astronomy,3,0,Physics and Astronomy/10.21105_joss.07023/crops/10.21105_joss.07023__p003__b00.png
10.21105_joss.07023__p003__b01,subfigure,10.21105_joss.07023__p003__b01,10.21105_joss.07023,10.21105_joss.07023.pdf,Physics and Astronomy,3,1,Physics and Astronomy/10.21105_joss.07023/crops/10.21105_joss.07023__p003__b01.png
10.21105_joss.07023__p003__b02,subfigure,10.21105_joss.07023__p003__b02,10.21105_joss.07023,10.21105_joss.07023.pdf,Physics and Astronomy,3,2,Physics and Astronomy/10.21105_joss.07023/crops/10.21105_joss.07023__p003__b02.png
10.21105_joss.07023__p004__b00,subfigure,10.21105_joss.07023__p004__b00,10.21105_joss.07023,10.21105_joss.07023.pdf,Physics and Astronomy,4,0,Physics and Astronomy/10.21105_joss.07023/crops/10.21105_joss.07023__p004__b00.png
10.21105_joss.07023__p005__b00,subfigure,10.21105_joss.07023__p005__b00,10.21105_joss.07023,10.21105_joss.07023.pdf,Physics and Astronomy,5,0,Physics and Astronomy/10.21105_joss.07023/crops/10.21105_joss.07023__p005__b00.png
10.21105_joss.07023__p006__b00,subfigure,10.21105_joss.07023__p006__b00,10.21105_joss.07023,10.21105_joss.07023.pdf,Physics and Astronomy,6,0,Physics and Astronomy/10.21105_joss.07023/crops/10.21105_joss.07023__p006__b00.png
