atomic_id,kind,crop_id,pdf_id,pdf_name,field,page,bbox_index,image_path
10.1007_s13762-024-05818-y__924e750f__p001__b00,crop,10.1007_s13762-024-05818-y__924e750f__p001__b00,10.1007_s13762-024-05818-y,10.1007_s13762-024-05818-y.pdf,Agricultural and Biological Sciences,1,0,Agricultural and Biological Sciences/10.1007_s13762-024-05818-y/crops/10.1007_s13762-024-05818-y__924e750f__p001__b00.png
10.1007_s13762-024-05818-y__924e750f__p004__b00,crop,10.1007_s13762-024-05818-y__924e750f__p004__b00,10.1007_s13762-024-05818-y,10.1007_s13762-024-05818-y.pdf,Agricultural and Biological Sciences,4,0,Agricultural and Biological Sciences/10.1007_s13762-024-05818-y/crops/10.1007_s13762-024-05818-y__924e750f__p004__b00.png
10.1007_s13762-024-05818-y__924e750f__p009__b00,crop,10.1007_s13762-024-05818-y__924e750f__p009__b00,10.1007_s13762-024-05818-y,10.1007_s13762-024-05818-y.pdf,Agricultural and Biological Sciences,9,0,Agricultural and Biological Sciences/10.1007_s13762-024-05818-y/crops/10.1007_s13762-024-05818-y__924e750f__p009__b00.png
10.1007_s13762-024-05818-y__924e750f__p015__b00,crop,10.1007_s13762-024-05818-y__924e750f__p015__b00,10.1007_s13762-024-05818-y,10.1007_s13762-024-05818-y.pdf,Agricultural and Biological Sciences,15,0,Agricultural and Biological Sciences/10.1007_s13762-024-05818-y/crops/10.1007_s13762-024-05818-y__924e750f__p015__b00.png
10.1007_s43994-024-00177-3__baf39e9e__p003__b00,crop,10.1007_s43994-024-00177-3__baf39e9e__p003__b00,10.1007_s43994-024-00177-3,10.1007_s43994-024-00177-3.pdf,Agricultural and Biological Sciences,3,0,Agricultural and Biological Sciences/10.1007_s43994-024-00177-3/crops/10.1007_s43994-024-00177-3__baf39e9e__p003__b00.png
10.1007_s43994-024-00177-3__baf39e9e__p008__b00,crop,10.1007_s43994-024-00177-3__baf39e9e__p008__b00,10.1007_s43994-024-00177-3,10.1007_s43994-024-00177-3.pdf,Agricultural and Biological Sciences,8,0,Agricultural and Biological Sciences/10.1007_s43994-024-00177-3/crops/10.1007_s43994-024-00177-3__baf39e9e__p008__b00.png
10.1007_s43994-024-00177-3__baf39e9e__p008__b01,crop,10.1007_s43994-024-00177-3__baf39e9e__p008__b01,10.1007_s43994-024-00177-3,10.1007_s43994-024-00177-3.pdf,Agricultural and Biological Sciences,8,1,Agricultural and Biological Sciences/10.1007_s43994-024-00177-3/crops/10.1007_s43994-024-00177-3__baf39e9e__p008__b01.png
10.1007_s43994-024-00177-3__baf39e9e__p008__b02,crop,10.1007_s43994-024-00177-3__baf39e9e__p008__b02,10.1007_s43994-024-00177-3,10.1007_s43994-024-00177-3.pdf,Agricultural and Biological Sciences,8,2,Agricultural and Biological Sciences/10.1007_s43994-024-00177-3/crops/10.1007_s43994-024-00177-3__baf39e9e__p008__b02.png
10.1007_s43994-024-00177-3__baf39e9e__p011__b00,crop,10.1007_s43994-024-00177-3__baf39e9e__p011__b00,10.1007_s43994-024-00177-3,10.1007_s43994-024-00177-3.pdf,Agricultural and Biological Sciences,11,0,Agricultural and Biological Sciences/10.1007_s43994-024-00177-3/crops/10.1007_s43994-024-00177-3__baf39e9e__p011__b00.png
10.1007_s44378-025-00041-8__4567c3a6__p002__b00,crop,10.1007_s44378-025-00041-8__4567c3a6__p002__b00,10.1007_s44378-025-00041-8,10.1007_s44378-025-00041-8.pdf,Agricultural and Biological Sciences,2,0,Agricultural and Biological Sciences/10.1007_s44378-025-00041-8/crops/10.1007_s44378-025-00041-8__4567c3a6__p002__b00.png
10.1007_s44378-025-00041-8__4567c3a6__p004__b00,crop,10.1007_s44378-025-00041-8__4567c3a6__p004__b00,10.1007_s44378-025-00041-8,10.1007_s44378-025-00041-8.pdf,Agricultural and Biological Sciences,4,0,Agricultural and Biological Sciences/10.1007_s44378-025-00041-8/crops/10.1007_s44378-025-00041-8__4567c3a6__p004__b00.png
10.1007_s44378-025-00041-8__4567c3a6__p005__b00,crop,10.1007_s44378-025-00041-8__4567c3a6__p005__b00,10.1007_s44378-025-00041-8,10.1007_s44378-025-00041-8.pdf,Agricultural and Biological Sciences,5,0,Agricultural and Biological Sciences/10.1007_s44378-025-00041-8/crops/10.1007_s44378-025-00041-8__4567c3a6__p005__b00.png
10.3201_eid3104.240913__8b42af60__p001__b00,crop,10.3201_eid3104.240913__8b42af60__p001__b00,10.3201_eid3104.240913,10.3201_eid3104.240913.pdf,Agricultural and Biological Sciences,1,0,Agricultural and Biological Sciences/10.3201_eid3104.240913/crops/10.3201_eid3104.240913__8b42af60__p001__b00.png
10.3201_eid3104.240913__8b42af60__p004__b00,crop,10.3201_eid3104.240913__8b42af60__p004__b00,10.3201_eid3104.240913,10.3201_eid3104.240913.pdf,Agricultural and Biological Sciences,4,0,Agricultural and Biological Sciences/10.3201_eid3104.240913/crops/10.3201_eid3104.240913__8b42af60__p004__b00.png
10.3201_eid3104.240913__8b42af60__p005__b00,crop,10.3201_eid3104.240913__8b42af60__p005__b00,10.3201_eid3104.240913,10.3201_eid3104.240913.pdf,Agricultural and Biological Sciences,5,0,Agricultural and Biological Sciences/10.3201_eid3104.240913/crops/10.3201_eid3104.240913__8b42af60__p005__b00.png
10.3201_eid3104.240913__8b42af60__p009__b00,crop,10.3201_eid3104.240913__8b42af60__p009__b00,10.3201_eid3104.240913,10.3201_eid3104.240913.pdf,Agricultural and Biological Sciences,9,0,Agricultural and Biological Sciences/10.3201_eid3104.240913/crops/10.3201_eid3104.240913__8b42af60__p009__b00.png
10.3201_eid3104.240913__8b42af60__p009__b01,crop,10.3201_eid3104.240913__8b42af60__p009__b01,10.3201_eid3104.240913,10.3201_eid3104.240913.pdf,Agricultural and Biological Sciences,9,1,Agricultural and Biological Sciences/10.3201_eid3104.240913/crops/10.3201_eid3104.240913__8b42af60__p009__b01.png
10.3201_eid3104.240913__8b42af60__p009__b02,crop,10.3201_eid3104.240913__8b42af60__p009__b02,10.3201_eid3104.240913,10.3201_eid3104.240913.pdf,Agricultural and Biological Sciences,9,2,Agricultural and Biological Sciences/10.3201_eid3104.240913/crops/10.3201_eid3104.240913__8b42af60__p009__b02.png
10.3201_eid3104.240913__8b42af60__p009__b03,crop,10.3201_eid3104.240913__8b42af60__p009__b03,10.3201_eid3104.240913,10.3201_eid3104.240913.pdf,Agricultural and Biological Sciences,9,3,Agricultural and Biological Sciences/10.3201_eid3104.240913/crops/10.3201_eid3104.240913__8b42af60__p009__b03.png
10.3389_fagro.2025.1578915__eff26506__p004__b00,crop,10.3389_fagro.2025.1578915__eff26506__p004__b00,10.3389_fagro.2025.1578915,10.3389_fagro.2025.1578915.pdf,Agricultural and Biological Sciences,4,0,Agricultural and Biological Sciences/10.3389_fagro.2025.1578915/crops/10.3389_fagro.2025.1578915__eff26506__p004__b00.png
10.3389_fagro.2025.1578915__eff26506__p005__b00,crop,10.3389_fagro.2025.1578915__eff26506__p005__b00,10.3389_fagro.2025.1578915,10.3389_fagro.2025.1578915.pdf,Agricultural and Biological Sciences,5,0,Agricultural and Biological Sciences/10.3389_fagro.2025.1578915/crops/10.3389_fagro.2025.1578915__eff26506__p005__b00.png
10.3389_fagro.2025.1578915__eff26506__p005__b01,crop,10.3389_fagro.2025.1578915__eff26506__p005__b01,10.3389_fagro.2025.1578915,10.3389_fagro.2025.1578915.pdf,Agricultural and Biological Sciences,5,1,Agricultural and Biological Sciences/10.3389_fagro.2025.1578915/crops/10.3389_fagro.2025.1578915__eff26506__p005__b01.png
10.3389_fagro.2025.1578915__eff26506__p006__b00,crop,10.3389_fagro.2025.1578915__eff26506__p006__b00,10.3389_fagro.2025.1578915,10.3389_fagro.2025.1578915.pdf,Agricultural and Biological Sciences,6,0,Agricultural and Biological Sciences/10.3389_fagro.2025.1578915/crops/10.3389_fagro.2025.1578915__eff26506__p006__b00.png
10.3389_fagro.2025.1578915__eff26506__p007__b00,crop,10.3389_fagro.2025.1578915__eff26506__p007__b00,10.3389_fagro.2025.1578915,10.3389_fagro.2025.1578915.pdf,Agricultural and Biological Sciences,7,0,Agricultural and Biological Sciences/10.3389_fagro.2025.1578915/crops/10.3389_fagro.2025.1578915__eff26506__p007__b00.png
10.3389_fmicb.2024.1383813__a9a566a1__p003__b00,crop,10.3389_fmicb.2024.1383813__a9a566a1__p003__b00,10.3389_fmicb.2024.1383813,10.3389_fmicb.2024.1383813.pdf,Agricultural and Biological Sciences,3,0,Agricultural and Biological Sciences/10.3389_fmicb.2024.1383813/crops/10.3389_fmicb.2024.1383813__a9a566a1__p003__b00.png
10.3389_fmicb.2024.1383813__a9a566a1__p004__b00,crop,10.3389_fmicb.2024.1383813__a9a566a1__p004__b00,10.3389_fmicb.2024.1383813,10.3389_fmicb.2024.1383813.pdf,Agricultural and Biological Sciences,4,0,Agricultural and Biological Sciences/10.3389_fmicb.2024.1383813/crops/10.3389_fmicb.2024.1383813__a9a566a1__p004__b00.png
10.3389_fmicb.2024.1383813__a9a566a1__p005__b00,crop,10.3389_fmicb.2024.1383813__a9a566a1__p005__b00,10.3389_fmicb.2024.1383813,10.3389_fmicb.2024.1383813.pdf,Agricultural and Biological Sciences,5,0,Agricultural and Biological Sciences/10.3389_fmicb.2024.1383813/crops/10.3389_fmicb.2024.1383813__a9a566a1__p005__b00.png
10.3389_fmicb.2024.1383813__a9a566a1__p008__b00,crop,10.3389_fmicb.2024.1383813__a9a566a1__p008__b00,10.3389_fmicb.2024.1383813,10.3389_fmicb.2024.1383813.pdf,Agricultural and Biological Sciences,8,0,Agricultural and Biological Sciences/10.3389_fmicb.2024.1383813/crops/10.3389_fmicb.2024.1383813__a9a566a1__p008__b00.png
10.3389_fsufs.2025.1551460__59b432e7__p003__b00,crop,10.3389_fsufs.2025.1551460__59b432e7__p003__b00,10.3389_fsufs.2025.1551460,10.3389_fsufs.2025.1551460.pdf,Agricultural and Biological Sciences,3,0,Agricultural and Biological Sciences/10.3389_fsufs.2025.1551460/crops/10.3389_fsufs.2025.1551460__59b432e7__p003__b00.png
10.3389_fsufs.2025.1551460__59b432e7__p005__b00,crop,10.3389_fsufs.2025.1551460__59b432e7__p005__b00,10.3389_fsufs.2025.1551460,10.3389_fsufs.2025.1551460.pdf,Agricultural and Biological Sciences,5,0,Agricultural and Biological Sciences/10.3389_fsufs.2025.1551460/crops/10.3389_fsufs.2025.1551460__59b432e7__p005__b00.png
10.3389_fsufs.2025.1551460__59b432e7__p008__b00,crop,10.3389_fsufs.2025.1551460__59b432e7__p008__b00,10.3389_fsufs.2025.1551460,10.3389_fsufs.2025.1551460.pdf,Agricultural and Biological Sciences,8,0,Agricultural and Biological Sciences/10.3389_fsufs.2025.1551460/crops/10.3389_fsufs.2025.1551460__59b432e7__p008__b00.png
10.3389_fsufs.2025.1551460__59b432e7__p009__b00,crop,10.3389_fsufs.2025.1551460__59b432e7__p009__b00,10.3389_fsufs.2025.1551460,10.3389_fsufs.2025.1551460.pdf,Agricultural and Biological Sciences,9,0,Agricultural and Biological Sciences/10.3389_fsufs.2025.1551460/crops/10.3389_fsufs.2025.1551460__59b432e7__p009__b00.png
10.3389_fsufs.2025.1551460__59b432e7__p010__b00,crop,10.3389_fsufs.2025.1551460__59b432e7__p010__b00,10.3389_fsufs.2025.1551460,10.3389_fsufs.2025.1551460.pdf,Agricultural and Biological Sciences,10,0,Agricultural and Biological Sciences/10.3389_fsufs.2025.1551460/crops/10.3389_fsufs.2025.1551460__59b432e7__p010__b00.png
10.3389_fsufs.2025.1551460__59b432e7__p011__b00,crop,10.3389_fsufs.2025.1551460__59b432e7__p011__b00,10.3389_fsufs.2025.1551460,10.3389_fsufs.2025.1551460.pdf,Agricultural and Biological Sciences,11,0,Agricultural and Biological Sciences/10.3389_fsufs.2025.1551460/crops/10.3389_fsufs.2025.1551460__59b432e7__p011__b00.png
10.3389_fsufs.2025.1551460__59b432e7__p011__b01,crop,10.3389_fsufs.2025.1551460__59b432e7__p011__b01,10.3389_fsufs.2025.1551460,10.3389_fsufs.2025.1551460.pdf,Agricultural and Biological Sciences,11,1,Agricultural and Biological Sciences/10.3389_fsufs.2025.1551460/crops/10.3389_fsufs.2025.1551460__59b432e7__p011__b01.png
10.54112_bbasr.v2024i1.66__cbe6800e__p001__b00,crop,10.54112_bbasr.v2024i1.66__cbe6800e__p001__b00,10.54112_bbasr.v2024i1.66,10.54112_bbasr.v2024i1.66.pdf,Agricultural and Biological Sciences,1,0,Agricultural and Biological Sciences/10.54112_bbasr.v2024i1.66/crops/10.54112_bbasr.v2024i1.66__cbe6800e__p001__b00.png
10.54112_bbasr.v2024i1.66__cbe6800e__p002__b00,crop,10.54112_bbasr.v2024i1.66__cbe6800e__p002__b00,10.54112_bbasr.v2024i1.66,10.54112_bbasr.v2024i1.66.pdf,Agricultural and Biological Sciences,2,0,Agricultural and Biological Sciences/10.54112_bbasr.v2024i1.66/crops/10.54112_bbasr.v2024i1.66__cbe6800e__p002__b00.png
10.54112_bbasr.v2024i1.66__cbe6800e__p004__b00,crop,10.54112_bbasr.v2024i1.66__cbe6800e__p004__b00,10.54112_bbasr.v2024i1.66,10.54112_bbasr.v2024i1.66.pdf,Agricultural and Biological Sciences,4,0,Agricultural and Biological Sciences/10.54112_bbasr.v2024i1.66/crops/10.54112_bbasr.v2024i1.66__cbe6800e__p004__b00.png
10.54112_bbasr.v2024i1.66__cbe6800e__p004__b01,crop,10.54112_bbasr.v2024i1.66__cbe6800e__p004__b01,10.54112_bbasr.v2024i1.66,10.54112_bbasr.v2024i1.66.pdf,Agricultural and Biological Sciences,4,1,Agricultural and Biological Sciences/10.54112_bbasr.v2024i1.66/crops/10.54112_bbasr.v2024i1.66__cbe6800e__p004__b01.png
10.54112_bbasr.v2024i1.66__cbe6800e__p004__b02,crop,10.54112_bbasr.v2024i1.66__cbe6800e__p004__b02,10.54112_bbasr.v2024i1.66,10.54112_bbasr.v2024i1.66.pdf,Agricultural and Biological Sciences,4,2,Agricultural and Biological Sciences/10.54112_bbasr.v2024i1.66/crops/10.54112_bbasr.v2024i1.66__cbe6800e__p004__b02.png
10.54112_bbasr.v2024i1.66__cbe6800e__p005__b00,crop,10.54112_bbasr.v2024i1.66__cbe6800e__p005__b00,10.54112_bbasr.v2024i1.66,10.54112_bbasr.v2024i1.66.pdf,Agricultural and Biological Sciences,5,0,Agricultural and Biological Sciences/10.54112_bbasr.v2024i1.66/crops/10.54112_bbasr.v2024i1.66__cbe6800e__p005__b00.png
10.54112_bbasr.v2024i1.66__cbe6800e__p005__b01,crop,10.54112_bbasr.v2024i1.66__cbe6800e__p005__b01,10.54112_bbasr.v2024i1.66,10.54112_bbasr.v2024i1.66.pdf,Agricultural and Biological Sciences,5,1,Agricultural and Biological Sciences/10.54112_bbasr.v2024i1.66/crops/10.54112_bbasr.v2024i1.66__cbe6800e__p005__b01.png
10.54112_bbasr.v2024i1.66__cbe6800e__p005__b02,crop,10.54112_bbasr.v2024i1.66__cbe6800e__p005__b02,10.54112_bbasr.v2024i1.66,10.54112_bbasr.v2024i1.66.pdf,Agricultural and Biological Sciences,5,2,Agricultural and Biological Sciences/10.54112_bbasr.v2024i1.66/crops/10.54112_bbasr.v2024i1.66__cbe6800e__p005__b02.png
10.54112_bbasr.v2024i1.66__cbe6800e__p005__b03,crop,10.54112_bbasr.v2024i1.66__cbe6800e__p005__b03,10.54112_bbasr.v2024i1.66,10.54112_bbasr.v2024i1.66.pdf,Agricultural and Biological Sciences,5,3,Agricultural and Biological Sciences/10.54112_bbasr.v2024i1.66/crops/10.54112_bbasr.v2024i1.66__cbe6800e__p005__b03.png
10.54112_bbasr.v2024i1.66__cbe6800e__p007__b00,crop,10.54112_bbasr.v2024i1.66__cbe6800e__p007__b00,10.54112_bbasr.v2024i1.66,10.54112_bbasr.v2024i1.66.pdf,Agricultural and Biological Sciences,7,0,Agricultural and Biological Sciences/10.54112_bbasr.v2024i1.66/crops/10.54112_bbasr.v2024i1.66__cbe6800e__p007__b00.png
10.54112_bbasr.v2024i1.66__cbe6800e__p007__b01,crop,10.54112_bbasr.v2024i1.66__cbe6800e__p007__b01,10.54112_bbasr.v2024i1.66,10.54112_bbasr.v2024i1.66.pdf,Agricultural and Biological Sciences,7,1,Agricultural and Biological Sciences/10.54112_bbasr.v2024i1.66/crops/10.54112_bbasr.v2024i1.66__cbe6800e__p007__b01.png
Spatial_Variability_of_Soil_Properties_and_Its_Eff__p003__b00,crop,Spatial_Variability_of_Soil_Properties_and_Its_Eff__p003__b00,Spatial_Variability_of_Soil_Properties_and_Its_Eff,Spatial_Variability_of_Soil_Properties_and_Its_Eff.pdf,Agricultural and Biological Sciences,3,0,Agricultural and Biological Sciences/Spatial_Variability_of_Soil_Properties_and_Its_Eff/crops/Spatial_Variability_of_Soil_Properties_and_Its_Eff__p003__b00.png
Spatial_Variability_of_Soil_Properties_and_Its_Eff__p003__b01,crop,Spatial_Variability_of_Soil_Properties_and_Its_Eff__p003__b01,Spatial_Variability_of_Soil_Properties_and_Its_Eff,Spatial_Variability_of_Soil_Properties_and_Its_Eff.pdf,Agricultural and Biological Sciences,3,1,Agricultural and Biological Sciences/Spatial_Variability_of_Soil_Properties_and_Its_Eff/crops/Spatial_Variability_of_Soil_Properties_and_Its_Eff__p003__b01.png
Spatial_Variability_of_Soil_Properties_and_Its_Eff__p005__b00,crop,Spatial_Variability_of_Soil_Properties_and_Its_Eff__p005__b00,Spatial_Variability_of_Soil_Properties_and_Its_Eff,Spatial_Variability_of_Soil_Properties_and_Its_Eff.pdf,Agricultural and Biological Sciences,5,0,Agricultural and Biological Sciences/Spatial_Variability_of_Soil_Properties_and_Its_Eff/crops/Spatial_Variability_of_Soil_Properties_and_Its_Eff__p005__b00.png
Spatial_Variability_of_Soil_Properties_and_Its_Eff__p006__b00,crop,Spatial_Variability_of_Soil_Properties_and_Its_Eff__p006__b00,Spatial_Variability_of_Soil_Properties_and_Its_Eff,Spatial_Variability_of_Soil_Properties_and_Its_Eff.pdf,Agricultural and Biological Sciences,6,0,Agricultural and Biological Sciences/Spatial_Variability_of_Soil_Properties_and_Its_Eff/crops/Spatial_Variability_of_Soil_Properties_and_Its_Eff__p006__b00.png
Spatial_Variability_of_Soil_Properties_and_Its_Eff__p006__b01,crop,Spatial_Variability_of_Soil_Properties_and_Its_Eff__p006__b01,Spatial_Variability_of_Soil_Properties_and_Its_Eff,Spatial_Variability_of_Soil_Properties_and_Its_Eff.pdf,Agricultural and Biological Sciences,6,1,Agricultural and Biological Sciences/Spatial_Variability_of_Soil_Properties_and_Its_Eff/crops/Spatial_Variability_of_Soil_Properties_and_Its_Eff__p006__b01.png
Spatial_Variability_of_Soil_Properties_and_Its_Eff__p006__b02,crop,Spatial_Variability_of_Soil_Properties_and_Its_Eff__p006__b02,Spatial_Variability_of_Soil_Properties_and_Its_Eff,Spatial_Variability_of_Soil_Properties_and_Its_Eff.pdf,Agricultural and Biological Sciences,6,2,Agricultural and Biological Sciences/Spatial_Variability_of_Soil_Properties_and_Its_Eff/crops/Spatial_Variability_of_Soil_Properties_and_Its_Eff__p006__b02.png
Spatial_Variability_of_Soil_Properties_and_Its_Eff__p006__b03,crop,Spatial_Variability_of_Soil_Properties_and_Its_Eff__p006__b03,Spatial_Variability_of_Soil_Properties_and_Its_Eff,Spatial_Variability_of_Soil_Properties_and_Its_Eff.pdf,Agricultural and Biological Sciences,6,3,Agricultural and Biological Sciences/Spatial_Variability_of_Soil_Properties_and_Its_Eff/crops/Spatial_Variability_of_Soil_Properties_and_Its_Eff__p006__b03.png
Spatial_Variability_of_Soil_Properties_and_Its_Eff__p006__b04,crop,Spatial_Variability_of_Soil_Properties_and_Its_Eff__p006__b04,Spatial_Variability_of_Soil_Properties_and_Its_Eff,Spatial_Variability_of_Soil_Properties_and_Its_Eff.pdf,Agricultural and Biological Sciences,6,4,Agricultural and Biological Sciences/Spatial_Variability_of_Soil_Properties_and_Its_Eff/crops/Spatial_Variability_of_Soil_Properties_and_Its_Eff__p006__b04.png
Spatial_Variability_of_Soil_Properties_and_Its_Eff__p006__b05,crop,Spatial_Variability_of_Soil_Properties_and_Its_Eff__p006__b05,Spatial_Variability_of_Soil_Properties_and_Its_Eff,Spatial_Variability_of_Soil_Properties_and_Its_Eff.pdf,Agricultural and Biological Sciences,6,5,Agricultural and Biological Sciences/Spatial_Variability_of_Soil_Properties_and_Its_Eff/crops/Spatial_Variability_of_Soil_Properties_and_Its_Eff__p006__b05.png
Spatial_Variability_of_Soil_Properties_and_Its_Eff__p006__b06,crop,Spatial_Variability_of_Soil_Properties_and_Its_Eff__p006__b06,Spatial_Variability_of_Soil_Properties_and_Its_Eff,Spatial_Variability_of_Soil_Properties_and_Its_Eff.pdf,Agricultural and Biological Sciences,6,6,Agricultural and Biological Sciences/Spatial_Variability_of_Soil_Properties_and_Its_Eff/crops/Spatial_Variability_of_Soil_Properties_and_Its_Eff__p006__b06.png
Spatial_Variability_of_Soil_Properties_and_Its_Eff__p006__b07,crop,Spatial_Variability_of_Soil_Properties_and_Its_Eff__p006__b07,Spatial_Variability_of_Soil_Properties_and_Its_Eff,Spatial_Variability_of_Soil_Properties_and_Its_Eff.pdf,Agricultural and Biological Sciences,6,7,Agricultural and Biological Sciences/Spatial_Variability_of_Soil_Properties_and_Its_Eff/crops/Spatial_Variability_of_Soil_Properties_and_Its_Eff__p006__b07.png
Spatial_Variability_of_Soil_Properties_and_Its_Eff__p006__b08,crop,Spatial_Variability_of_Soil_Properties_and_Its_Eff__p006__b08,Spatial_Variability_of_Soil_Properties_and_Its_Eff,Spatial_Variability_of_Soil_Properties_and_Its_Eff.pdf,Agricultural and Biological Sciences,6,8,Agricultural and Biological Sciences/Spatial_Variability_of_Soil_Properties_and_Its_Eff/crops/Spatial_Variability_of_Soil_Properties_and_Its_Eff__p006__b08.png
Spatial_Variability_of_Soil_Properties_and_Its_Eff__p006__b09,crop,Spatial_Variability_of_Soil_Properties_and_Its_Eff__p006__b09,Spatial_Variability_of_Soil_Properties_and_Its_Eff,Spatial_Variability_of_Soil_Properties_and_Its_Eff.pdf,Agricultural and Biological Sciences,6,9,Agricultural and Biological Sciences/Spatial_Variability_of_Soil_Properties_and_Its_Eff/crops/Spatial_Variability_of_Soil_Properties_and_Its_Eff__p006__b09.png
Spatial_Variability_of_Soil_Properties_and_Its_Eff__p006__b10,crop,Spatial_Variability_of_Soil_Properties_and_Its_Eff__p006__b10,Spatial_Variability_of_Soil_Properties_and_Its_Eff,Spatial_Variability_of_Soil_Properties_and_Its_Eff.pdf,Agricultural and Biological Sciences,6,10,Agricultural and Biological Sciences/Spatial_Variability_of_Soil_Properties_and_Its_Eff/crops/Spatial_Variability_of_Soil_Properties_and_Its_Eff__p006__b10.png
Spatial_Variability_of_Soil_Properties_and_Its_Eff__p006__b11,crop,Spatial_Variability_of_Soil_Properties_and_Its_Eff__p006__b11,Spatial_Variability_of_Soil_Properties_and_Its_Eff,Spatial_Variability_of_Soil_Properties_and_Its_Eff.pdf,Agricultural and Biological Sciences,6,11,Agricultural and Biological Sciences/Spatial_Variability_of_Soil_Properties_and_Its_Eff/crops/Spatial_Variability_of_Soil_Properties_and_Its_Eff__p006__b11.png
Spatial_Variability_of_Soil_Properties_and_Its_Eff__p006__b12,crop,Spatial_Variability_of_Soil_Properties_and_Its_Eff__p006__b12,Spatial_Variability_of_Soil_Properties_and_Its_Eff,Spatial_Variability_of_Soil_Properties_and_Its_Eff.pdf,Agricultural and Biological Sciences,6,12,Agricultural and Biological Sciences/Spatial_Variability_of_Soil_Properties_and_Its_Eff/crops/Spatial_Variability_of_Soil_Properties_and_Its_Eff__p006__b12.png
Spatial_Variability_of_Soil_Properties_and_Its_Eff__p006__b13,crop,Spatial_Variability_of_Soil_Properties_and_Its_Eff__p006__b13,Spatial_Variability_of_Soil_Properties_and_Its_Eff,Spatial_Variability_of_Soil_Properties_and_Its_Eff.pdf,Agricultural and Biological Sciences,6,13,Agricultural and Biological Sciences/Spatial_Variability_of_Soil_Properties_and_Its_Eff/crops/Spatial_Variability_of_Soil_Properties_and_Its_Eff__p006__b13.png
Spatial_Variability_of_Soil_Properties_and_Its_Eff__p006__b14,crop,Spatial_Variability_of_Soil_Properties_and_Its_Eff__p006__b14,Spatial_Variability_of_Soil_Properties_and_Its_Eff,Spatial_Variability_of_Soil_Properties_and_Its_Eff.pdf,Agricultural and Biological Sciences,6,14,Agricultural and Biological Sciences/Spatial_Variability_of_Soil_Properties_and_Its_Eff/crops/Spatial_Variability_of_Soil_Properties_and_Its_Eff__p006__b14.png
Spatial_Variability_of_Soil_Properties_and_Its_Eff__p006__b15,crop,Spatial_Variability_of_Soil_Properties_and_Its_Eff__p006__b15,Spatial_Variability_of_Soil_Properties_and_Its_Eff,Spatial_Variability_of_Soil_Properties_and_Its_Eff.pdf,Agricultural and Biological Sciences,6,15,Agricultural and Biological Sciences/Spatial_Variability_of_Soil_Properties_and_Its_Eff/crops/Spatial_Variability_of_Soil_Properties_and_Its_Eff__p006__b15.png
Spatial_Variability_of_Soil_Properties_and_Its_Eff__p006__b16,crop,Spatial_Variability_of_Soil_Properties_and_Its_Eff__p006__b16,Spatial_Variability_of_Soil_Properties_and_Its_Eff,Spatial_Variability_of_Soil_Properties_and_Its_Eff.pdf,Agricultural and Biological Sciences,6,16,Agricultural and Biological Sciences/Spatial_Variability_of_Soil_Properties_and_Its_Eff/crops/Spatial_Variability_of_Soil_Properties_and_Its_Eff__p006__b16.png
Spatial_Variability_of_Soil_Properties_and_Its_Eff__p006__b17,crop,Spatial_Variability_of_Soil_Properties_and_Its_Eff__p006__b17,Spatial_Variability_of_Soil_Properties_and_Its_Eff,Spatial_Variability_of_Soil_Properties_and_Its_Eff.pdf,Agricultural and Biological Sciences,6,17,Agricultural and Biological Sciences/Spatial_Variability_of_Soil_Properties_and_Its_Eff/crops/Spatial_Variability_of_Soil_Properties_and_Its_Eff__p006__b17.png
Spatial_Variability_of_Soil_Properties_and_Its_Eff__p006__b18,crop,Spatial_Variability_of_Soil_Properties_and_Its_Eff__p006__b18,Spatial_Variability_of_Soil_Properties_and_Its_Eff,Spatial_Variability_of_Soil_Properties_and_Its_Eff.pdf,Agricultural and Biological Sciences,6,18,Agricultural and Biological Sciences/Spatial_Variability_of_Soil_Properties_and_Its_Eff/crops/Spatial_Variability_of_Soil_Properties_and_Its_Eff__p006__b18.png
Spatial_Variability_of_Soil_Properties_and_Its_Eff__p006__b19,crop,Spatial_Variability_of_Soil_Properties_and_Its_Eff__p006__b19,Spatial_Variability_of_Soil_Properties_and_Its_Eff,Spatial_Variability_of_Soil_Properties_and_Its_Eff.pdf,Agricultural and Biological Sciences,6,19,Agricultural and Biological Sciences/Spatial_Variability_of_Soil_Properties_and_Its_Eff/crops/Spatial_Variability_of_Soil_Properties_and_Its_Eff__p006__b19.png
Spatial_Variability_of_Soil_Properties_and_Its_Eff__p006__b20,crop,Spatial_Variability_of_Soil_Properties_and_Its_Eff__p006__b20,Spatial_Variability_of_Soil_Properties_and_Its_Eff,Spatial_Variability_of_Soil_Properties_and_Its_Eff.pdf,Agricultural and Biological Sciences,6,20,Agricultural and Biological Sciences/Spatial_Variability_of_Soil_Properties_and_Its_Eff/crops/Spatial_Variability_of_Soil_Properties_and_Its_Eff__p006__b20.png
Spatial_Variability_of_Soil_Properties_and_Its_Eff__p006__b21,crop,Spatial_Variability_of_Soil_Properties_and_Its_Eff__p006__b21,Spatial_Variability_of_Soil_Properties_and_Its_Eff,Spatial_Variability_of_Soil_Properties_and_Its_Eff.pdf,Agricultural and Biological Sciences,6,21,Agricultural and Biological Sciences/Spatial_Variability_of_Soil_Properties_and_Its_Eff/crops/Spatial_Variability_of_Soil_Properties_and_Its_Eff__p006__b21.png
Spatial_Variability_of_Soil_Properties_and_Its_Eff__p006__b22,crop,Spatial_Variability_of_Soil_Properties_and_Its_Eff__p006__b22,Spatial_Variability_of_Soil_Properties_and_Its_Eff,Spatial_Variability_of_Soil_Properties_and_Its_Eff.pdf,Agricultural and Biological Sciences,6,22,Agricultural and Biological Sciences/Spatial_Variability_of_Soil_Properties_and_Its_Eff/crops/Spatial_Variability_of_Soil_Properties_and_Its_Eff__p006__b22.png
Spatial_Variability_of_Soil_Properties_and_Its_Eff__p006__b23,crop,Spatial_Variability_of_Soil_Properties_and_Its_Eff__p006__b23,Spatial_Variability_of_Soil_Properties_and_Its_Eff,Spatial_Variability_of_Soil_Properties_and_Its_Eff.pdf,Agricultural and Biological Sciences,6,23,Agricultural and Biological Sciences/Spatial_Variability_of_Soil_Properties_and_Its_Eff/crops/Spatial_Variability_of_Soil_Properties_and_Its_Eff__p006__b23.png
Spatial_Variability_of_Soil_Properties_and_Its_Eff__p006__b24,crop,Spatial_Variability_of_Soil_Properties_and_Its_Eff__p006__b24,Spatial_Variability_of_Soil_Properties_and_Its_Eff,Spatial_Variability_of_Soil_Properties_and_Its_Eff.pdf,Agricultural and Biological Sciences,6,24,Agricultural and Biological Sciences/Spatial_Variability_of_Soil_Properties_and_Its_Eff/crops/Spatial_Variability_of_Soil_Properties_and_Its_Eff__p006__b24.png
Spatial_Variability_of_Soil_Properties_and_Its_Eff__p006__b25,crop,Spatial_Variability_of_Soil_Properties_and_Its_Eff__p006__b25,Spatial_Variability_of_Soil_Properties_and_Its_Eff,Spatial_Variability_of_Soil_Properties_and_Its_Eff.pdf,Agricultural and Biological Sciences,6,25,Agricultural and Biological Sciences/Spatial_Variability_of_Soil_Properties_and_Its_Eff/crops/Spatial_Variability_of_Soil_Properties_and_Its_Eff__p006__b25.png
Spatial_Variability_of_Soil_Properties_and_Its_Eff__p006__b26,crop,Spatial_Variability_of_Soil_Properties_and_Its_Eff__p006__b26,Spatial_Variability_of_Soil_Properties_and_Its_Eff,Spatial_Variability_of_Soil_Properties_and_Its_Eff.pdf,Agricultural and Biological Sciences,6,26,Agricultural and Biological Sciences/Spatial_Variability_of_Soil_Properties_and_Its_Eff/crops/Spatial_Variability_of_Soil_Properties_and_Its_Eff__p006__b26.png
Spatial_Variability_of_Soil_Properties_and_Its_Eff__p006__b27,crop,Spatial_Variability_of_Soil_Properties_and_Its_Eff__p006__b27,Spatial_Variability_of_Soil_Properties_and_Its_Eff,Spatial_Variability_of_Soil_Properties_and_Its_Eff.pdf,Agricultural and Biological Sciences,6,27,Agricultural and Biological Sciences/Spatial_Variability_of_Soil_Properties_and_Its_Eff/crops/Spatial_Variability_of_Soil_Properties_and_Its_Eff__p006__b27.png
Spatial_Variability_of_Soil_Properties_and_Its_Eff__p006__b28,crop,Spatial_Variability_of_Soil_Properties_and_Its_Eff__p006__b28,Spatial_Variability_of_Soil_Properties_and_Its_Eff,Spatial_Variability_of_Soil_Properties_and_Its_Eff.pdf,Agricultural and Biological Sciences,6,28,Agricultural and Biological Sciences/Spatial_Variability_of_Soil_Properties_and_Its_Eff/crops/Spatial_Variability_of_Soil_Properties_and_Its_Eff__p006__b28.png
Spatial_Variability_of_Soil_Properties_and_Its_Eff__p006__b29,crop,Spatial_Variability_of_Soil_Properties_and_Its_Eff__p006__b29,Spatial_Variability_of_Soil_Properties_and_Its_Eff,Spatial_Variability_of_Soil_Properties_and_Its_Eff.pdf,Agricultural and Biological Sciences,6,29,Agricultural and Biological Sciences/Spatial_Variability_of_Soil_Properties_and_Its_Eff/crops/Spatial_Variability_of_Soil_Properties_and_Its_Eff__p006__b29.png
Spatial_Variability_of_Soil_Properties_and_Its_Eff__p006__b30,crop,Spatial_Variability_of_Soil_Properties_and_Its_Eff__p006__b30,Spatial_Variability_of_Soil_Properties_and_Its_Eff,Spatial_Variability_of_Soil_Properties_and_Its_Eff.pdf,Agricultural and Biological Sciences,6,30,Agricultural and Biological Sciences/Spatial_Variability_of_Soil_Properties_and_Its_Eff/crops/Spatial_Variability_of_Soil_Properties_and_Its_Eff__p006__b30.png
Spatial_Variability_of_Soil_Properties_and_Its_Eff__p006__b31,crop,Spatial_Variability_of_Soil_Properties_and_Its_Eff__p006__b31,Spatial_Variability_of_Soil_Properties_and_Its_Eff,Spatial_Variability_of_Soil_Properties_and_Its_Eff.pdf,Agricultural and Biological Sciences,6,31,Agricultural and Biological Sciences/Spatial_Variability_of_Soil_Properties_and_Its_Eff/crops/Spatial_Variability_of_Soil_Properties_and_Its_Eff__p006__b31.png
Spatial_Variability_of_Soil_Properties_and_Its_Eff__p006__b32,crop,Spatial_Variability_of_Soil_Properties_and_Its_Eff__p006__b32,Spatial_Variability_of_Soil_Properties_and_Its_Eff,Spatial_Variability_of_Soil_Properties_and_Its_Eff.pdf,Agricultural and Biological Sciences,6,32,Agricultural and Biological Sciences/Spatial_Variability_of_Soil_Properties_and_Its_Eff/crops/Spatial_Variability_of_Soil_Properties_and_Its_Eff__p006__b32.png
Spatial_Variability_of_Soil_Properties_and_Its_Eff__p006__b33,crop,Spatial_Variability_of_Soil_Properties_and_Its_Eff__p006__b33,Spatial_Variability_of_Soil_Properties_and_Its_Eff,Spatial_Variability_of_Soil_Properties_and_Its_Eff.pdf,Agricultural and Biological Sciences,6,33,Agricultural and Biological Sciences/Spatial_Variability_of_Soil_Properties_and_Its_Eff/crops/Spatial_Variability_of_Soil_Properties_and_Its_Eff__p006__b33.png
Spatial_Variability_of_Soil_Properties_and_Its_Eff__p006__b34,crop,Spatial_Variability_of_Soil_Properties_and_Its_Eff__p006__b34,Spatial_Variability_of_Soil_Properties_and_Its_Eff,Spatial_Variability_of_Soil_Properties_and_Its_Eff.pdf,Agricultural and Biological Sciences,6,34,Agricultural and Biological Sciences/Spatial_Variability_of_Soil_Properties_and_Its_Eff/crops/Spatial_Variability_of_Soil_Properties_and_Its_Eff__p006__b34.png
Spatial_Variability_of_Soil_Properties_and_Its_Eff__p006__b35,crop,Spatial_Variability_of_Soil_Properties_and_Its_Eff__p006__b35,Spatial_Variability_of_Soil_Properties_and_Its_Eff,Spatial_Variability_of_Soil_Properties_and_Its_Eff.pdf,Agricultural and Biological Sciences,6,35,Agricultural and Biological Sciences/Spatial_Variability_of_Soil_Properties_and_Its_Eff/crops/Spatial_Variability_of_Soil_Properties_and_Its_Eff__p006__b35.png
Spatial_Variability_of_Soil_Properties_and_Its_Eff__p006__b36,crop,Spatial_Variability_of_Soil_Properties_and_Its_Eff__p006__b36,Spatial_Variability_of_Soil_Properties_and_Its_Eff,Spatial_Variability_of_Soil_Properties_and_Its_Eff.pdf,Agricultural and Biological Sciences,6,36,Agricultural and Biological Sciences/Spatial_Variability_of_Soil_Properties_and_Its_Eff/crops/Spatial_Variability_of_Soil_Properties_and_Its_Eff__p006__b36.png
Spatial_Variability_of_Soil_Properties_and_Its_Eff__p007__b00,crop,Spatial_Variability_of_Soil_Properties_and_Its_Eff__p007__b00,Spatial_Variability_of_Soil_Properties_and_Its_Eff,Spatial_Variability_of_Soil_Properties_and_Its_Eff.pdf,Agricultural and Biological Sciences,7,0,Agricultural and Biological Sciences/Spatial_Variability_of_Soil_Properties_and_Its_Eff/crops/Spatial_Variability_of_Soil_Properties_and_Its_Eff__p007__b00.png
Spatial_Variability_of_Soil_Properties_and_Its_Eff__p007__b01,crop,Spatial_Variability_of_Soil_Properties_and_Its_Eff__p007__b01,Spatial_Variability_of_Soil_Properties_and_Its_Eff,Spatial_Variability_of_Soil_Properties_and_Its_Eff.pdf,Agricultural and Biological Sciences,7,1,Agricultural and Biological Sciences/Spatial_Variability_of_Soil_Properties_and_Its_Eff/crops/Spatial_Variability_of_Soil_Properties_and_Its_Eff__p007__b01.png
Spatial_Variability_of_Soil_Properties_and_Its_Eff__p007__b02,crop,Spatial_Variability_of_Soil_Properties_and_Its_Eff__p007__b02,Spatial_Variability_of_Soil_Properties_and_Its_Eff,Spatial_Variability_of_Soil_Properties_and_Its_Eff.pdf,Agricultural and Biological Sciences,7,2,Agricultural and Biological Sciences/Spatial_Variability_of_Soil_Properties_and_Its_Eff/crops/Spatial_Variability_of_Soil_Properties_and_Its_Eff__p007__b02.png
Spatial_Variability_of_Soil_Properties_and_Its_Eff__p007__b03,crop,Spatial_Variability_of_Soil_Properties_and_Its_Eff__p007__b03,Spatial_Variability_of_Soil_Properties_and_Its_Eff,Spatial_Variability_of_Soil_Properties_and_Its_Eff.pdf,Agricultural and Biological Sciences,7,3,Agricultural and Biological Sciences/Spatial_Variability_of_Soil_Properties_and_Its_Eff/crops/Spatial_Variability_of_Soil_Properties_and_Its_Eff__p007__b03.png
Spatial_Variability_of_Soil_Properties_and_Its_Eff__p007__b04,crop,Spatial_Variability_of_Soil_Properties_and_Its_Eff__p007__b04,Spatial_Variability_of_Soil_Properties_and_Its_Eff,Spatial_Variability_of_Soil_Properties_and_Its_Eff.pdf,Agricultural and Biological Sciences,7,4,Agricultural and Biological Sciences/Spatial_Variability_of_Soil_Properties_and_Its_Eff/crops/Spatial_Variability_of_Soil_Properties_and_Its_Eff__p007__b04.png
Spatial_Variability_of_Soil_Properties_and_Its_Eff__p007__b05,crop,Spatial_Variability_of_Soil_Properties_and_Its_Eff__p007__b05,Spatial_Variability_of_Soil_Properties_and_Its_Eff,Spatial_Variability_of_Soil_Properties_and_Its_Eff.pdf,Agricultural and Biological Sciences,7,5,Agricultural and Biological Sciences/Spatial_Variability_of_Soil_Properties_and_Its_Eff/crops/Spatial_Variability_of_Soil_Properties_and_Its_Eff__p007__b05.png
Spatial_Variability_of_Soil_Properties_and_Its_Eff__p007__b06,crop,Spatial_Variability_of_Soil_Properties_and_Its_Eff__p007__b06,Spatial_Variability_of_Soil_Properties_and_Its_Eff,Spatial_Variability_of_Soil_Properties_and_Its_Eff.pdf,Agricultural and Biological Sciences,7,6,Agricultural and Biological Sciences/Spatial_Variability_of_Soil_Properties_and_Its_Eff/crops/Spatial_Variability_of_Soil_Properties_and_Its_Eff__p007__b06.png
Spatial_Variability_of_Soil_Properties_and_Its_Eff__p007__b07,crop,Spatial_Variability_of_Soil_Properties_and_Its_Eff__p007__b07,Spatial_Variability_of_Soil_Properties_and_Its_Eff,Spatial_Variability_of_Soil_Properties_and_Its_Eff.pdf,Agricultural and Biological Sciences,7,7,Agricultural and Biological Sciences/Spatial_Variability_of_Soil_Properties_and_Its_Eff/crops/Spatial_Variability_of_Soil_Properties_and_Its_Eff__p007__b07.png
Spatial_Variability_of_Soil_Properties_and_Its_Eff__p007__b08,crop,Spatial_Variability_of_Soil_Properties_and_Its_Eff__p007__b08,Spatial_Variability_of_Soil_Properties_and_Its_Eff,Spatial_Variability_of_Soil_Properties_and_Its_Eff.pdf,Agricultural and Biological Sciences,7,8,Agricultural and Biological Sciences/Spatial_Variability_of_Soil_Properties_and_Its_Eff/crops/Spatial_Variability_of_Soil_Properties_and_Its_Eff__p007__b08.png
Spatial_Variability_of_Soil_Properties_and_Its_Eff__p007__b09,crop,Spatial_Variability_of_Soil_Properties_and_Its_Eff__p007__b09,Spatial_Variability_of_Soil_Properties_and_Its_Eff,Spatial_Variability_of_Soil_Properties_and_Its_Eff.pdf,Agricultural and Biological Sciences,7,9,Agricultural and Biological Sciences/Spatial_Variability_of_Soil_Properties_and_Its_Eff/crops/Spatial_Variability_of_Soil_Properties_and_Its_Eff__p007__b09.png
Spatial_Variability_of_Soil_Properties_and_Its_Eff__p007__b10,crop,Spatial_Variability_of_Soil_Properties_and_Its_Eff__p007__b10,Spatial_Variability_of_Soil_Properties_and_Its_Eff,Spatial_Variability_of_Soil_Properties_and_Its_Eff.pdf,Agricultural and Biological Sciences,7,10,Agricultural and Biological Sciences/Spatial_Variability_of_Soil_Properties_and_Its_Eff/crops/Spatial_Variability_of_Soil_Properties_and_Its_Eff__p007__b10.png
Spatial_Variability_of_Soil_Properties_and_Its_Eff__p007__b11,crop,Spatial_Variability_of_Soil_Properties_and_Its_Eff__p007__b11,Spatial_Variability_of_Soil_Properties_and_Its_Eff,Spatial_Variability_of_Soil_Properties_and_Its_Eff.pdf,Agricultural and Biological Sciences,7,11,Agricultural and Biological Sciences/Spatial_Variability_of_Soil_Properties_and_Its_Eff/crops/Spatial_Variability_of_Soil_Properties_and_Its_Eff__p007__b11.png
Spatial_Variability_of_Soil_Properties_and_Its_Eff__p007__b12,crop,Spatial_Variability_of_Soil_Properties_and_Its_Eff__p007__b12,Spatial_Variability_of_Soil_Properties_and_Its_Eff,Spatial_Variability_of_Soil_Properties_and_Its_Eff.pdf,Agricultural and Biological Sciences,7,12,Agricultural and Biological Sciences/Spatial_Variability_of_Soil_Properties_and_Its_Eff/crops/Spatial_Variability_of_Soil_Properties_and_Its_Eff__p007__b12.png
Spatial_Variability_of_Soil_Properties_and_Its_Eff__p007__b13,crop,Spatial_Variability_of_Soil_Properties_and_Its_Eff__p007__b13,Spatial_Variability_of_Soil_Properties_and_Its_Eff,Spatial_Variability_of_Soil_Properties_and_Its_Eff.pdf,Agricultural and Biological Sciences,7,13,Agricultural and Biological Sciences/Spatial_Variability_of_Soil_Properties_and_Its_Eff/crops/Spatial_Variability_of_Soil_Properties_and_Its_Eff__p007__b13.png
Spatial_Variability_of_Soil_Properties_and_Its_Eff__p007__b14,crop,Spatial_Variability_of_Soil_Properties_and_Its_Eff__p007__b14,Spatial_Variability_of_Soil_Properties_and_Its_Eff,Spatial_Variability_of_Soil_Properties_and_Its_Eff.pdf,Agricultural and Biological Sciences,7,14,Agricultural and Biological Sciences/Spatial_Variability_of_Soil_Properties_and_Its_Eff/crops/Spatial_Variability_of_Soil_Properties_and_Its_Eff__p007__b14.png
Spatial_Variability_of_Soil_Properties_and_Its_Eff__p007__b15,crop,Spatial_Variability_of_Soil_Properties_and_Its_Eff__p007__b15,Spatial_Variability_of_Soil_Properties_and_Its_Eff,Spatial_Variability_of_Soil_Properties_and_Its_Eff.pdf,Agricultural and Biological Sciences,7,15,Agricultural and Biological Sciences/Spatial_Variability_of_Soil_Properties_and_Its_Eff/crops/Spatial_Variability_of_Soil_Properties_and_Its_Eff__p007__b15.png
Spatial_Variability_of_Soil_Properties_and_Its_Eff__p007__b16,crop,Spatial_Variability_of_Soil_Properties_and_Its_Eff__p007__b16,Spatial_Variability_of_Soil_Properties_and_Its_Eff,Spatial_Variability_of_Soil_Properties_and_Its_Eff.pdf,Agricultural and Biological Sciences,7,16,Agricultural and Biological Sciences/Spatial_Variability_of_Soil_Properties_and_Its_Eff/crops/Spatial_Variability_of_Soil_Properties_and_Its_Eff__p007__b16.png
Spatial_Variability_of_Soil_Properties_and_Its_Eff__p007__b17,crop,Spatial_Variability_of_Soil_Properties_and_Its_Eff__p007__b17,Spatial_Variability_of_Soil_Properties_and_Its_Eff,Spatial_Variability_of_Soil_Properties_and_Its_Eff.pdf,Agricultural and Biological Sciences,7,17,Agricultural and Biological Sciences/Spatial_Variability_of_Soil_Properties_and_Its_Eff/crops/Spatial_Variability_of_Soil_Properties_and_Its_Eff__p007__b17.png
Spatial_Variability_of_Soil_Properties_and_Its_Eff__p008__b00,crop,Spatial_Variability_of_Soil_Properties_and_Its_Eff__p008__b00,Spatial_Variability_of_Soil_Properties_and_Its_Eff,Spatial_Variability_of_Soil_Properties_and_Its_Eff.pdf,Agricultural and Biological Sciences,8,0,Agricultural and Biological Sciences/Spatial_Variability_of_Soil_Properties_and_Its_Eff/crops/Spatial_Variability_of_Soil_Properties_and_Its_Eff__p008__b00.png
Spatial_Variability_of_Soil_Properties_and_Its_Eff__p008__b01,crop,Spatial_Variability_of_Soil_Properties_and_Its_Eff__p008__b01,Spatial_Variability_of_Soil_Properties_and_Its_Eff,Spatial_Variability_of_Soil_Properties_and_Its_Eff.pdf,Agricultural and Biological Sciences,8,1,Agricultural and Biological Sciences/Spatial_Variability_of_Soil_Properties_and_Its_Eff/crops/Spatial_Variability_of_Soil_Properties_and_Its_Eff__p008__b01.png
Spatial_Variability_of_Soil_Properties_and_Its_Eff__p009__b00,crop,Spatial_Variability_of_Soil_Properties_and_Its_Eff__p009__b00,Spatial_Variability_of_Soil_Properties_and_Its_Eff,Spatial_Variability_of_Soil_Properties_and_Its_Eff.pdf,Agricultural and Biological Sciences,9,0,Agricultural and Biological Sciences/Spatial_Variability_of_Soil_Properties_and_Its_Eff/crops/Spatial_Variability_of_Soil_Properties_and_Its_Eff__p009__b00.png
Spatial_Variability_of_Soil_Properties_and_Its_Eff__p009__b01,crop,Spatial_Variability_of_Soil_Properties_and_Its_Eff__p009__b01,Spatial_Variability_of_Soil_Properties_and_Its_Eff,Spatial_Variability_of_Soil_Properties_and_Its_Eff.pdf,Agricultural and Biological Sciences,9,1,Agricultural and Biological Sciences/Spatial_Variability_of_Soil_Properties_and_Its_Eff/crops/Spatial_Variability_of_Soil_Properties_and_Its_Eff__p009__b01.png
Spatial_Variability_of_Soil_Properties_and_Its_Eff__p009__b02,crop,Spatial_Variability_of_Soil_Properties_and_Its_Eff__p009__b02,Spatial_Variability_of_Soil_Properties_and_Its_Eff,Spatial_Variability_of_Soil_Properties_and_Its_Eff.pdf,Agricultural and Biological Sciences,9,2,Agricultural and Biological Sciences/Spatial_Variability_of_Soil_Properties_and_Its_Eff/crops/Spatial_Variability_of_Soil_Properties_and_Its_Eff__p009__b02.png
Spatial_Variability_of_Soil_Properties_and_Its_Eff__p009__b03,crop,Spatial_Variability_of_Soil_Properties_and_Its_Eff__p009__b03,Spatial_Variability_of_Soil_Properties_and_Its_Eff,Spatial_Variability_of_Soil_Properties_and_Its_Eff.pdf,Agricultural and Biological Sciences,9,3,Agricultural and Biological Sciences/Spatial_Variability_of_Soil_Properties_and_Its_Eff/crops/Spatial_Variability_of_Soil_Properties_and_Its_Eff__p009__b03.png
Spatial_Variability_of_Soil_Properties_and_Its_Eff__p009__b04,crop,Spatial_Variability_of_Soil_Properties_and_Its_Eff__p009__b04,Spatial_Variability_of_Soil_Properties_and_Its_Eff,Spatial_Variability_of_Soil_Properties_and_Its_Eff.pdf,Agricultural and Biological Sciences,9,4,Agricultural and Biological Sciences/Spatial_Variability_of_Soil_Properties_and_Its_Eff/crops/Spatial_Variability_of_Soil_Properties_and_Its_Eff__p009__b04.png
Spatial_Variability_of_Soil_Properties_and_Its_Eff__p010__b00,crop,Spatial_Variability_of_Soil_Properties_and_Its_Eff__p010__b00,Spatial_Variability_of_Soil_Properties_and_Its_Eff,Spatial_Variability_of_Soil_Properties_and_Its_Eff.pdf,Agricultural and Biological Sciences,10,0,Agricultural and Biological Sciences/Spatial_Variability_of_Soil_Properties_and_Its_Eff/crops/Spatial_Variability_of_Soil_Properties_and_Its_Eff__p010__b00.png
Spatial_Variability_of_Soil_Properties_and_Its_Eff__p010__b01,crop,Spatial_Variability_of_Soil_Properties_and_Its_Eff__p010__b01,Spatial_Variability_of_Soil_Properties_and_Its_Eff,Spatial_Variability_of_Soil_Properties_and_Its_Eff.pdf,Agricultural and Biological Sciences,10,1,Agricultural and Biological Sciences/Spatial_Variability_of_Soil_Properties_and_Its_Eff/crops/Spatial_Variability_of_Soil_Properties_and_Its_Eff__p010__b01.png
Spatial_Variability_of_Soil_Properties_and_Its_Eff__p010__b02,crop,Spatial_Variability_of_Soil_Properties_and_Its_Eff__p010__b02,Spatial_Variability_of_Soil_Properties_and_Its_Eff,Spatial_Variability_of_Soil_Properties_and_Its_Eff.pdf,Agricultural and Biological Sciences,10,2,Agricultural and Biological Sciences/Spatial_Variability_of_Soil_Properties_and_Its_Eff/crops/Spatial_Variability_of_Soil_Properties_and_Its_Eff__p010__b02.png
Spatial_Variability_of_Soil_Properties_and_Its_Eff__p010__b03,crop,Spatial_Variability_of_Soil_Properties_and_Its_Eff__p010__b03,Spatial_Variability_of_Soil_Properties_and_Its_Eff,Spatial_Variability_of_Soil_Properties_and_Its_Eff.pdf,Agricultural and Biological Sciences,10,3,Agricultural and Biological Sciences/Spatial_Variability_of_Soil_Properties_and_Its_Eff/crops/Spatial_Variability_of_Soil_Properties_and_Its_Eff__p010__b03.png
Spatial_Variability_of_Soil_Properties_and_Its_Eff__p010__b04,crop,Spatial_Variability_of_Soil_Properties_and_Its_Eff__p010__b04,Spatial_Variability_of_Soil_Properties_and_Its_Eff,Spatial_Variability_of_Soil_Properties_and_Its_Eff.pdf,Agricultural and Biological Sciences,10,4,Agricultural and Biological Sciences/Spatial_Variability_of_Soil_Properties_and_Its_Eff/crops/Spatial_Variability_of_Soil_Properties_and_Its_Eff__p010__b04.png
Spatial_Variability_of_Soil_Properties_and_Its_Eff__p010__b05,crop,Spatial_Variability_of_Soil_Properties_and_Its_Eff__p010__b05,Spatial_Variability_of_Soil_Properties_and_Its_Eff,Spatial_Variability_of_Soil_Properties_and_Its_Eff.pdf,Agricultural and Biological Sciences,10,5,Agricultural and Biological Sciences/Spatial_Variability_of_Soil_Properties_and_Its_Eff/crops/Spatial_Variability_of_Soil_Properties_and_Its_Eff__p010__b05.png
Spatial_Variability_of_Soil_Properties_and_Its_Eff__p011__b00,crop,Spatial_Variability_of_Soil_Properties_and_Its_Eff__p011__b00,Spatial_Variability_of_Soil_Properties_and_Its_Eff,Spatial_Variability_of_Soil_Properties_and_Its_Eff.pdf,Agricultural and Biological Sciences,11,0,Agricultural and Biological Sciences/Spatial_Variability_of_Soil_Properties_and_Its_Eff/crops/Spatial_Variability_of_Soil_Properties_and_Its_Eff__p011__b00.png
Spatial_Variability_of_Soil_Properties_and_Its_Eff__p011__b01,crop,Spatial_Variability_of_Soil_Properties_and_Its_Eff__p011__b01,Spatial_Variability_of_Soil_Properties_and_Its_Eff,Spatial_Variability_of_Soil_Properties_and_Its_Eff.pdf,Agricultural and Biological Sciences,11,1,Agricultural and Biological Sciences/Spatial_Variability_of_Soil_Properties_and_Its_Eff/crops/Spatial_Variability_of_Soil_Properties_and_Its_Eff__p011__b01.png
Spatial_Variability_of_Soil_Properties_and_Its_Eff__p011__b02,crop,Spatial_Variability_of_Soil_Properties_and_Its_Eff__p011__b02,Spatial_Variability_of_Soil_Properties_and_Its_Eff,Spatial_Variability_of_Soil_Properties_and_Its_Eff.pdf,Agricultural and Biological Sciences,11,2,Agricultural and Biological Sciences/Spatial_Variability_of_Soil_Properties_and_Its_Eff/crops/Spatial_Variability_of_Soil_Properties_and_Its_Eff__p011__b02.png
Spatial_Variability_of_Soil_Properties_and_Its_Eff__p011__b03,crop,Spatial_Variability_of_Soil_Properties_and_Its_Eff__p011__b03,Spatial_Variability_of_Soil_Properties_and_Its_Eff,Spatial_Variability_of_Soil_Properties_and_Its_Eff.pdf,Agricultural and Biological Sciences,11,3,Agricultural and Biological Sciences/Spatial_Variability_of_Soil_Properties_and_Its_Eff/crops/Spatial_Variability_of_Soil_Properties_and_Its_Eff__p011__b03.png
Spatial_Variability_of_Soil_Properties_and_Its_Eff__p011__b04,crop,Spatial_Variability_of_Soil_Properties_and_Its_Eff__p011__b04,Spatial_Variability_of_Soil_Properties_and_Its_Eff,Spatial_Variability_of_Soil_Properties_and_Its_Eff.pdf,Agricultural and Biological Sciences,11,4,Agricultural and Biological Sciences/Spatial_Variability_of_Soil_Properties_and_Its_Eff/crops/Spatial_Variability_of_Soil_Properties_and_Its_Eff__p011__b04.png
Spatial_Variability_of_Soil_Properties_and_Its_Eff__p011__b05,crop,Spatial_Variability_of_Soil_Properties_and_Its_Eff__p011__b05,Spatial_Variability_of_Soil_Properties_and_Its_Eff,Spatial_Variability_of_Soil_Properties_and_Its_Eff.pdf,Agricultural and Biological Sciences,11,5,Agricultural and Biological Sciences/Spatial_Variability_of_Soil_Properties_and_Its_Eff/crops/Spatial_Variability_of_Soil_Properties_and_Its_Eff__p011__b05.png
10.1007_s00018-023-05099-7__4c2c50e4__p002__b00,crop,10.1007_s00018-023-05099-7__4c2c50e4__p002__b00,10.1007_s00018-023-05099-7,10.1007_s00018-023-05099-7.pdf,"Biochemistry, Genetics and Molecular Biology",2,0,"Biochemistry, Genetics and Molecular Biology/10.1007_s00018-023-05099-7/crops/10.1007_s00018-023-05099-7__4c2c50e4__p002__b00.png"
10.1007_s00018-023-05099-7__4c2c50e4__p003__b00,crop,10.1007_s00018-023-05099-7__4c2c50e4__p003__b00,10.1007_s00018-023-05099-7,10.1007_s00018-023-05099-7.pdf,"Biochemistry, Genetics and Molecular Biology",3,0,"Biochemistry, Genetics and Molecular Biology/10.1007_s00018-023-05099-7/crops/10.1007_s00018-023-05099-7__4c2c50e4__p003__b00.png"
10.1007_s00018-023-05099-7__4c2c50e4__p004__b00,crop,10.1007_s00018-023-05099-7__4c2c50e4__p004__b00,10.1007_s00018-023-05099-7,10.1007_s00018-023-05099-7.pdf,"Biochemistry, Genetics and Molecular Biology",4,0,"Biochemistry, Genetics and Molecular Biology/10.1007_s00018-023-05099-7/crops/10.1007_s00018-023-05099-7__4c2c50e4__p004__b00.png"
10.1007_s00018-023-05099-7__4c2c50e4__p008__b00,crop,10.1007_s00018-023-05099-7__4c2c50e4__p008__b00,10.1007_s00018-023-05099-7,10.1007_s00018-023-05099-7.pdf,"Biochemistry, Genetics and Molecular Biology",8,0,"Biochemistry, Genetics and Molecular Biology/10.1007_s00018-023-05099-7/crops/10.1007_s00018-023-05099-7__4c2c50e4__p008__b00.png"
10.1007_s00018-023-05099-7__4c2c50e4__p009__b00,crop,10.1007_s00018-023-05099-7__4c2c50e4__p009__b00,10.1007_s00018-023-05099-7,10.1007_s00018-023-05099-7.pdf,"Biochemistry, Genetics and Molecular Biology",9,0,"Biochemistry, Genetics and Molecular Biology/10.1007_s00018-023-05099-7/crops/10.1007_s00018-023-05099-7__4c2c50e4__p009__b00.png"
10.1007_s00018-023-05099-7__4c2c50e4__p010__b00,crop,10.1007_s00018-023-05099-7__4c2c50e4__p010__b00,10.1007_s00018-023-05099-7,10.1007_s00018-023-05099-7.pdf,"Biochemistry, Genetics and Molecular Biology",10,0,"Biochemistry, Genetics and Molecular Biology/10.1007_s00018-023-05099-7/crops/10.1007_s00018-023-05099-7__4c2c50e4__p010__b00.png"
10.1007_s00018-023-05099-7__4c2c50e4__p013__b00,crop,10.1007_s00018-023-05099-7__4c2c50e4__p013__b00,10.1007_s00018-023-05099-7,10.1007_s00018-023-05099-7.pdf,"Biochemistry, Genetics and Molecular Biology",13,0,"Biochemistry, Genetics and Molecular Biology/10.1007_s00018-023-05099-7/crops/10.1007_s00018-023-05099-7__4c2c50e4__p013__b00.png"
10.1016_j.molcel.2023.11.040__c432e99d__p002__b00,crop,10.1016_j.molcel.2023.11.040__c432e99d__p002__b00,10.1016_j.molcel.2023.11.040,10.1016_j.molcel.2023.11.040.pdf,"Biochemistry, Genetics and Molecular Biology",2,0,"Biochemistry, Genetics and Molecular Biology/10.1016_j.molcel.2023.11.040/crops/10.1016_j.molcel.2023.11.040__c432e99d__p002__b00.png"
10.1016_j.molcel.2023.11.040__c432e99d__p004__b00,crop,10.1016_j.molcel.2023.11.040__c432e99d__p004__b00,10.1016_j.molcel.2023.11.040,10.1016_j.molcel.2023.11.040.pdf,"Biochemistry, Genetics and Molecular Biology",4,0,"Biochemistry, Genetics and Molecular Biology/10.1016_j.molcel.2023.11.040/crops/10.1016_j.molcel.2023.11.040__c432e99d__p004__b00.png"
10.1016_j.molcel.2023.11.040__c432e99d__p005__b00,crop,10.1016_j.molcel.2023.11.040__c432e99d__p005__b00,10.1016_j.molcel.2023.11.040,10.1016_j.molcel.2023.11.040.pdf,"Biochemistry, Genetics and Molecular Biology",5,0,"Biochemistry, Genetics and Molecular Biology/10.1016_j.molcel.2023.11.040/crops/10.1016_j.molcel.2023.11.040__c432e99d__p005__b00.png"
10.1016_j.molcel.2023.11.040__c432e99d__p006__b00,crop,10.1016_j.molcel.2023.11.040__c432e99d__p006__b00,10.1016_j.molcel.2023.11.040,10.1016_j.molcel.2023.11.040.pdf,"Biochemistry, Genetics and Molecular Biology",6,0,"Biochemistry, Genetics and Molecular Biology/10.1016_j.molcel.2023.11.040/crops/10.1016_j.molcel.2023.11.040__c432e99d__p006__b00.png"
10.1016_j.molcel.2023.11.040__c432e99d__p007__b00,crop,10.1016_j.molcel.2023.11.040__c432e99d__p007__b00,10.1016_j.molcel.2023.11.040,10.1016_j.molcel.2023.11.040.pdf,"Biochemistry, Genetics and Molecular Biology",7,0,"Biochemistry, Genetics and Molecular Biology/10.1016_j.molcel.2023.11.040/crops/10.1016_j.molcel.2023.11.040__c432e99d__p007__b00.png"
10.1016_j.molcel.2023.11.040__c432e99d__p008__b00,crop,10.1016_j.molcel.2023.11.040__c432e99d__p008__b00,10.1016_j.molcel.2023.11.040,10.1016_j.molcel.2023.11.040.pdf,"Biochemistry, Genetics and Molecular Biology",8,0,"Biochemistry, Genetics and Molecular Biology/10.1016_j.molcel.2023.11.040/crops/10.1016_j.molcel.2023.11.040__c432e99d__p008__b00.png"
10.1016_j.molcel.2023.11.040__c432e99d__p009__b00,crop,10.1016_j.molcel.2023.11.040__c432e99d__p009__b00,10.1016_j.molcel.2023.11.040,10.1016_j.molcel.2023.11.040.pdf,"Biochemistry, Genetics and Molecular Biology",9,0,"Biochemistry, Genetics and Molecular Biology/10.1016_j.molcel.2023.11.040/crops/10.1016_j.molcel.2023.11.040__c432e99d__p009__b00.png"
10.1016_j.molcel.2023.11.040__c432e99d__p010__b00,crop,10.1016_j.molcel.2023.11.040__c432e99d__p010__b00,10.1016_j.molcel.2023.11.040,10.1016_j.molcel.2023.11.040.pdf,"Biochemistry, Genetics and Molecular Biology",10,0,"Biochemistry, Genetics and Molecular Biology/10.1016_j.molcel.2023.11.040/crops/10.1016_j.molcel.2023.11.040__c432e99d__p010__b00.png"
10.1016_s2468-1253_24_00034-7__c965f820__p004__b00,crop,10.1016_s2468-1253_24_00034-7__c965f820__p004__b00,10.1016_s2468-1253(24)00034-7,10.1016_s2468-1253(24)00034-7.pdf,"Biochemistry, Genetics and Molecular Biology",4,0,"Biochemistry, Genetics and Molecular Biology/10.1016_s2468-1253(24)00034-7/crops/10.1016_s2468-1253_24_00034-7__c965f820__p004__b00.png"
10.1016_s2468-1253_24_00034-7__c965f820__p005__b00,crop,10.1016_s2468-1253_24_00034-7__c965f820__p005__b00,10.1016_s2468-1253(24)00034-7,10.1016_s2468-1253(24)00034-7.pdf,"Biochemistry, Genetics and Molecular Biology",5,0,"Biochemistry, Genetics and Molecular Biology/10.1016_s2468-1253(24)00034-7/crops/10.1016_s2468-1253_24_00034-7__c965f820__p005__b00.png"
10.1016_s2468-1253_24_00034-7__c965f820__p005__b01,crop,10.1016_s2468-1253_24_00034-7__c965f820__p005__b01,10.1016_s2468-1253(24)00034-7,10.1016_s2468-1253(24)00034-7.pdf,"Biochemistry, Genetics and Molecular Biology",5,1,"Biochemistry, Genetics and Molecular Biology/10.1016_s2468-1253(24)00034-7/crops/10.1016_s2468-1253_24_00034-7__c965f820__p005__b01.png"
10.1016_s2468-1253_24_00034-7__c965f820__p006__b00,crop,10.1016_s2468-1253_24_00034-7__c965f820__p006__b00,10.1016_s2468-1253(24)00034-7,10.1016_s2468-1253(24)00034-7.pdf,"Biochemistry, Genetics and Molecular Biology",6,0,"Biochemistry, Genetics and Molecular Biology/10.1016_s2468-1253(24)00034-7/crops/10.1016_s2468-1253_24_00034-7__c965f820__p006__b00.png"
10.1016_s2468-1253_24_00034-7__c965f820__p006__b01,crop,10.1016_s2468-1253_24_00034-7__c965f820__p006__b01,10.1016_s2468-1253(24)00034-7,10.1016_s2468-1253(24)00034-7.pdf,"Biochemistry, Genetics and Molecular Biology",6,1,"Biochemistry, Genetics and Molecular Biology/10.1016_s2468-1253(24)00034-7/crops/10.1016_s2468-1253_24_00034-7__c965f820__p006__b01.png"
10.1016_s2468-1253_24_00034-7__c965f820__p006__b02,crop,10.1016_s2468-1253_24_00034-7__c965f820__p006__b02,10.1016_s2468-1253(24)00034-7,10.1016_s2468-1253(24)00034-7.pdf,"Biochemistry, Genetics and Molecular Biology",6,2,"Biochemistry, Genetics and Molecular Biology/10.1016_s2468-1253(24)00034-7/crops/10.1016_s2468-1253_24_00034-7__c965f820__p006__b02.png"
10.1016_s2468-1253_24_00034-7__c965f820__p006__b03,crop,10.1016_s2468-1253_24_00034-7__c965f820__p006__b03,10.1016_s2468-1253(24)00034-7,10.1016_s2468-1253(24)00034-7.pdf,"Biochemistry, Genetics and Molecular Biology",6,3,"Biochemistry, Genetics and Molecular Biology/10.1016_s2468-1253(24)00034-7/crops/10.1016_s2468-1253_24_00034-7__c965f820__p006__b03.png"
10.1016_s2468-1253_24_00034-7__c965f820__p007__b00,crop,10.1016_s2468-1253_24_00034-7__c965f820__p007__b00,10.1016_s2468-1253(24)00034-7,10.1016_s2468-1253(24)00034-7.pdf,"Biochemistry, Genetics and Molecular Biology",7,0,"Biochemistry, Genetics and Molecular Biology/10.1016_s2468-1253(24)00034-7/crops/10.1016_s2468-1253_24_00034-7__c965f820__p007__b00.png"
10.1016_s2468-1253_24_00034-7__c965f820__p007__b01,crop,10.1016_s2468-1253_24_00034-7__c965f820__p007__b01,10.1016_s2468-1253(24)00034-7,10.1016_s2468-1253(24)00034-7.pdf,"Biochemistry, Genetics and Molecular Biology",7,1,"Biochemistry, Genetics and Molecular Biology/10.1016_s2468-1253(24)00034-7/crops/10.1016_s2468-1253_24_00034-7__c965f820__p007__b01.png"
10.1016_s2468-1253_24_00034-7__c965f820__p008__b00,crop,10.1016_s2468-1253_24_00034-7__c965f820__p008__b00,10.1016_s2468-1253(24)00034-7,10.1016_s2468-1253(24)00034-7.pdf,"Biochemistry, Genetics and Molecular Biology",8,0,"Biochemistry, Genetics and Molecular Biology/10.1016_s2468-1253(24)00034-7/crops/10.1016_s2468-1253_24_00034-7__c965f820__p008__b00.png"
10.1016_s2468-1253_24_00034-7__c965f820__p008__b01,crop,10.1016_s2468-1253_24_00034-7__c965f820__p008__b01,10.1016_s2468-1253(24)00034-7,10.1016_s2468-1253(24)00034-7.pdf,"Biochemistry, Genetics and Molecular Biology",8,1,"Biochemistry, Genetics and Molecular Biology/10.1016_s2468-1253(24)00034-7/crops/10.1016_s2468-1253_24_00034-7__c965f820__p008__b01.png"
10.1016_s2468-1253_24_00034-7__c965f820__p008__b02,crop,10.1016_s2468-1253_24_00034-7__c965f820__p008__b02,10.1016_s2468-1253(24)00034-7,10.1016_s2468-1253(24)00034-7.pdf,"Biochemistry, Genetics and Molecular Biology",8,2,"Biochemistry, Genetics and Molecular Biology/10.1016_s2468-1253(24)00034-7/crops/10.1016_s2468-1253_24_00034-7__c965f820__p008__b02.png"
10.1016_s2468-1253_24_00034-7__c965f820__p008__b03,crop,10.1016_s2468-1253_24_00034-7__c965f820__p008__b03,10.1016_s2468-1253(24)00034-7,10.1016_s2468-1253(24)00034-7.pdf,"Biochemistry, Genetics and Molecular Biology",8,3,"Biochemistry, Genetics and Molecular Biology/10.1016_s2468-1253(24)00034-7/crops/10.1016_s2468-1253_24_00034-7__c965f820__p008__b03.png"
10.1038_s12276-024-01180-8__ca40f411__p003__b00,crop,10.1038_s12276-024-01180-8__ca40f411__p003__b00,10.1038_s12276-024-01180-8,10.1038_s12276-024-01180-8.pdf,"Biochemistry, Genetics and Molecular Biology",3,0,"Biochemistry, Genetics and Molecular Biology/10.1038_s12276-024-01180-8/crops/10.1038_s12276-024-01180-8__ca40f411__p003__b00.png"
10.1038_s12276-024-01180-8__ca40f411__p003__b01,crop,10.1038_s12276-024-01180-8__ca40f411__p003__b01,10.1038_s12276-024-01180-8,10.1038_s12276-024-01180-8.pdf,"Biochemistry, Genetics and Molecular Biology",3,1,"Biochemistry, Genetics and Molecular Biology/10.1038_s12276-024-01180-8/crops/10.1038_s12276-024-01180-8__ca40f411__p003__b01.png"
10.1038_s12276-024-01180-8__ca40f411__p006__b00,crop,10.1038_s12276-024-01180-8__ca40f411__p006__b00,10.1038_s12276-024-01180-8,10.1038_s12276-024-01180-8.pdf,"Biochemistry, Genetics and Molecular Biology",6,0,"Biochemistry, Genetics and Molecular Biology/10.1038_s12276-024-01180-8/crops/10.1038_s12276-024-01180-8__ca40f411__p006__b00.png"
10.1038_s12276-024-01180-8__ca40f411__p006__b01,crop,10.1038_s12276-024-01180-8__ca40f411__p006__b01,10.1038_s12276-024-01180-8,10.1038_s12276-024-01180-8.pdf,"Biochemistry, Genetics and Molecular Biology",6,1,"Biochemistry, Genetics and Molecular Biology/10.1038_s12276-024-01180-8/crops/10.1038_s12276-024-01180-8__ca40f411__p006__b01.png"
10.1038_s12276-024-01180-8__ca40f411__p006__b02,crop,10.1038_s12276-024-01180-8__ca40f411__p006__b02,10.1038_s12276-024-01180-8,10.1038_s12276-024-01180-8.pdf,"Biochemistry, Genetics and Molecular Biology",6,2,"Biochemistry, Genetics and Molecular Biology/10.1038_s12276-024-01180-8/crops/10.1038_s12276-024-01180-8__ca40f411__p006__b02.png"
10.1038_s12276-024-01180-8__ca40f411__p006__b03,crop,10.1038_s12276-024-01180-8__ca40f411__p006__b03,10.1038_s12276-024-01180-8,10.1038_s12276-024-01180-8.pdf,"Biochemistry, Genetics and Molecular Biology",6,3,"Biochemistry, Genetics and Molecular Biology/10.1038_s12276-024-01180-8/crops/10.1038_s12276-024-01180-8__ca40f411__p006__b03.png"
10.1038_s12276-024-01180-8__ca40f411__p008__b00,crop,10.1038_s12276-024-01180-8__ca40f411__p008__b00,10.1038_s12276-024-01180-8,10.1038_s12276-024-01180-8.pdf,"Biochemistry, Genetics and Molecular Biology",8,0,"Biochemistry, Genetics and Molecular Biology/10.1038_s12276-024-01180-8/crops/10.1038_s12276-024-01180-8__ca40f411__p008__b00.png"
10.1038_s41420-024-01803-z__40996a6e__p003__b00,crop,10.1038_s41420-024-01803-z__40996a6e__p003__b00,10.1038_s41420-024-01803-z,10.1038_s41420-024-01803-z.pdf,"Biochemistry, Genetics and Molecular Biology",3,0,"Biochemistry, Genetics and Molecular Biology/10.1038_s41420-024-01803-z/crops/10.1038_s41420-024-01803-z__40996a6e__p003__b00.png"
10.1038_s41420-024-01803-z__40996a6e__p003__b01,crop,10.1038_s41420-024-01803-z__40996a6e__p003__b01,10.1038_s41420-024-01803-z,10.1038_s41420-024-01803-z.pdf,"Biochemistry, Genetics and Molecular Biology",3,1,"Biochemistry, Genetics and Molecular Biology/10.1038_s41420-024-01803-z/crops/10.1038_s41420-024-01803-z__40996a6e__p003__b01.png"
10.1038_s41420-024-01803-z__40996a6e__p003__b02,crop,10.1038_s41420-024-01803-z__40996a6e__p003__b02,10.1038_s41420-024-01803-z,10.1038_s41420-024-01803-z.pdf,"Biochemistry, Genetics and Molecular Biology",3,2,"Biochemistry, Genetics and Molecular Biology/10.1038_s41420-024-01803-z/crops/10.1038_s41420-024-01803-z__40996a6e__p003__b02.png"
10.1038_s41420-024-01803-z__40996a6e__p003__b03,crop,10.1038_s41420-024-01803-z__40996a6e__p003__b03,10.1038_s41420-024-01803-z,10.1038_s41420-024-01803-z.pdf,"Biochemistry, Genetics and Molecular Biology",3,3,"Biochemistry, Genetics and Molecular Biology/10.1038_s41420-024-01803-z/crops/10.1038_s41420-024-01803-z__40996a6e__p003__b03.png"
10.1038_s41422-023-00918-9__906bc287__p001__b00,crop,10.1038_s41422-023-00918-9__906bc287__p001__b00,10.1038_s41422-023-00918-9,10.1038_s41422-023-00918-9.pdf,"Biochemistry, Genetics and Molecular Biology",1,0,"Biochemistry, Genetics and Molecular Biology/10.1038_s41422-023-00918-9/crops/10.1038_s41422-023-00918-9__906bc287__p001__b00.png"
10.1038_s41422-023-00918-9__906bc287__p007__b00,crop,10.1038_s41422-023-00918-9__906bc287__p007__b00,10.1038_s41422-023-00918-9,10.1038_s41422-023-00918-9.pdf,"Biochemistry, Genetics and Molecular Biology",7,0,"Biochemistry, Genetics and Molecular Biology/10.1038_s41422-023-00918-9/crops/10.1038_s41422-023-00918-9__906bc287__p007__b00.png"
10.1038_s41422-023-00918-9__906bc287__p008__b00,crop,10.1038_s41422-023-00918-9__906bc287__p008__b00,10.1038_s41422-023-00918-9,10.1038_s41422-023-00918-9.pdf,"Biochemistry, Genetics and Molecular Biology",8,0,"Biochemistry, Genetics and Molecular Biology/10.1038_s41422-023-00918-9/crops/10.1038_s41422-023-00918-9__906bc287__p008__b00.png"
10.1038_s41422-023-00918-9__906bc287__p009__b00,crop,10.1038_s41422-023-00918-9__906bc287__p009__b00,10.1038_s41422-023-00918-9,10.1038_s41422-023-00918-9.pdf,"Biochemistry, Genetics and Molecular Biology",9,0,"Biochemistry, Genetics and Molecular Biology/10.1038_s41422-023-00918-9/crops/10.1038_s41422-023-00918-9__906bc287__p009__b00.png"
10.1038_s41422-023-00918-9__906bc287__p009__b01,crop,10.1038_s41422-023-00918-9__906bc287__p009__b01,10.1038_s41422-023-00918-9,10.1038_s41422-023-00918-9.pdf,"Biochemistry, Genetics and Molecular Biology",9,1,"Biochemistry, Genetics and Molecular Biology/10.1038_s41422-023-00918-9/crops/10.1038_s41422-023-00918-9__906bc287__p009__b01.png"
10.1038_s41422-023-00918-9__906bc287__p009__b02,crop,10.1038_s41422-023-00918-9__906bc287__p009__b02,10.1038_s41422-023-00918-9,10.1038_s41422-023-00918-9.pdf,"Biochemistry, Genetics and Molecular Biology",9,2,"Biochemistry, Genetics and Molecular Biology/10.1038_s41422-023-00918-9/crops/10.1038_s41422-023-00918-9__906bc287__p009__b02.png"
10.1038_s41422-023-00918-9__906bc287__p009__b03,crop,10.1038_s41422-023-00918-9__906bc287__p009__b03,10.1038_s41422-023-00918-9,10.1038_s41422-023-00918-9.pdf,"Biochemistry, Genetics and Molecular Biology",9,3,"Biochemistry, Genetics and Molecular Biology/10.1038_s41422-023-00918-9/crops/10.1038_s41422-023-00918-9__906bc287__p009__b03.png"
10.1038_s41422-023-00918-9__906bc287__p010__b00,crop,10.1038_s41422-023-00918-9__906bc287__p010__b00,10.1038_s41422-023-00918-9,10.1038_s41422-023-00918-9.pdf,"Biochemistry, Genetics and Molecular Biology",10,0,"Biochemistry, Genetics and Molecular Biology/10.1038_s41422-023-00918-9/crops/10.1038_s41422-023-00918-9__906bc287__p010__b00.png"
10.1038_s41422-023-00918-9__906bc287__p013__b00,crop,10.1038_s41422-023-00918-9__906bc287__p013__b00,10.1038_s41422-023-00918-9,10.1038_s41422-023-00918-9.pdf,"Biochemistry, Genetics and Molecular Biology",13,0,"Biochemistry, Genetics and Molecular Biology/10.1038_s41422-023-00918-9/crops/10.1038_s41422-023-00918-9__906bc287__p013__b00.png"
10.1038_s41422-023-00918-9__906bc287__p013__b01,crop,10.1038_s41422-023-00918-9__906bc287__p013__b01,10.1038_s41422-023-00918-9,10.1038_s41422-023-00918-9.pdf,"Biochemistry, Genetics and Molecular Biology",13,1,"Biochemistry, Genetics and Molecular Biology/10.1038_s41422-023-00918-9/crops/10.1038_s41422-023-00918-9__906bc287__p013__b01.png"
10.1038_s41591-024-03415-7__23dd18bc__p002__b00,crop,10.1038_s41591-024-03415-7__23dd18bc__p002__b00,10.1038_s41591-024-03415-7,10.1038_s41591-024-03415-7.pdf,"Biochemistry, Genetics and Molecular Biology",2,0,"Biochemistry, Genetics and Molecular Biology/10.1038_s41591-024-03415-7/crops/10.1038_s41591-024-03415-7__23dd18bc__p002__b00.png"
10.1038_s41591-024-03415-7__23dd18bc__p003__b00,crop,10.1038_s41591-024-03415-7__23dd18bc__p003__b00,10.1038_s41591-024-03415-7,10.1038_s41591-024-03415-7.pdf,"Biochemistry, Genetics and Molecular Biology",3,0,"Biochemistry, Genetics and Molecular Biology/10.1038_s41591-024-03415-7/crops/10.1038_s41591-024-03415-7__23dd18bc__p003__b00.png"
10.1038_s41591-024-03415-7__23dd18bc__p004__b00,crop,10.1038_s41591-024-03415-7__23dd18bc__p004__b00,10.1038_s41591-024-03415-7,10.1038_s41591-024-03415-7.pdf,"Biochemistry, Genetics and Molecular Biology",4,0,"Biochemistry, Genetics and Molecular Biology/10.1038_s41591-024-03415-7/crops/10.1038_s41591-024-03415-7__23dd18bc__p004__b00.png"
10.1038_s41591-024-03415-7__23dd18bc__p005__b00,crop,10.1038_s41591-024-03415-7__23dd18bc__p005__b00,10.1038_s41591-024-03415-7,10.1038_s41591-024-03415-7.pdf,"Biochemistry, Genetics and Molecular Biology",5,0,"Biochemistry, Genetics and Molecular Biology/10.1038_s41591-024-03415-7/crops/10.1038_s41591-024-03415-7__23dd18bc__p005__b00.png"
10.1038_s41591-024-03415-7__23dd18bc__p005__b01,crop,10.1038_s41591-024-03415-7__23dd18bc__p005__b01,10.1038_s41591-024-03415-7,10.1038_s41591-024-03415-7.pdf,"Biochemistry, Genetics and Molecular Biology",5,1,"Biochemistry, Genetics and Molecular Biology/10.1038_s41591-024-03415-7/crops/10.1038_s41591-024-03415-7__23dd18bc__p005__b01.png"
10.1038_s41597-024-03031-7__4c4a7ea6__p001__b00,crop,10.1038_s41597-024-03031-7__4c4a7ea6__p001__b00,10.1038_s41597-024-03031-7,10.1038_s41597-024-03031-7.pdf,"Biochemistry, Genetics and Molecular Biology",1,0,"Biochemistry, Genetics and Molecular Biology/10.1038_s41597-024-03031-7/crops/10.1038_s41597-024-03031-7__4c4a7ea6__p001__b00.png"
10.1038_s41597-024-03031-7__4c4a7ea6__p002__b00,crop,10.1038_s41597-024-03031-7__4c4a7ea6__p002__b00,10.1038_s41597-024-03031-7,10.1038_s41597-024-03031-7.pdf,"Biochemistry, Genetics and Molecular Biology",2,0,"Biochemistry, Genetics and Molecular Biology/10.1038_s41597-024-03031-7/crops/10.1038_s41597-024-03031-7__4c4a7ea6__p002__b00.png"
10.1038_s41597-024-03031-7__4c4a7ea6__p002__b01,crop,10.1038_s41597-024-03031-7__4c4a7ea6__p002__b01,10.1038_s41597-024-03031-7,10.1038_s41597-024-03031-7.pdf,"Biochemistry, Genetics and Molecular Biology",2,1,"Biochemistry, Genetics and Molecular Biology/10.1038_s41597-024-03031-7/crops/10.1038_s41597-024-03031-7__4c4a7ea6__p002__b01.png"
10.1038_s41597-024-03031-7__4c4a7ea6__p002__b02,crop,10.1038_s41597-024-03031-7__4c4a7ea6__p002__b02,10.1038_s41597-024-03031-7,10.1038_s41597-024-03031-7.pdf,"Biochemistry, Genetics and Molecular Biology",2,2,"Biochemistry, Genetics and Molecular Biology/10.1038_s41597-024-03031-7/crops/10.1038_s41597-024-03031-7__4c4a7ea6__p002__b02.png"
10.1038_s41598-023-50600-8__3b85824e__p001__b00,crop,10.1038_s41598-023-50600-8__3b85824e__p001__b00,10.1038_s41598-023-50600-8,10.1038_s41598-023-50600-8.pdf,"Biochemistry, Genetics and Molecular Biology",1,0,"Biochemistry, Genetics and Molecular Biology/10.1038_s41598-023-50600-8/crops/10.1038_s41598-023-50600-8__3b85824e__p001__b00.png"
10.1038_s41598-023-50600-8__3b85824e__p005__b00,crop,10.1038_s41598-023-50600-8__3b85824e__p005__b00,10.1038_s41598-023-50600-8,10.1038_s41598-023-50600-8.pdf,"Biochemistry, Genetics and Molecular Biology",5,0,"Biochemistry, Genetics and Molecular Biology/10.1038_s41598-023-50600-8/crops/10.1038_s41598-023-50600-8__3b85824e__p005__b00.png"
10.1038_s41598-023-50600-8__3b85824e__p005__b01,crop,10.1038_s41598-023-50600-8__3b85824e__p005__b01,10.1038_s41598-023-50600-8,10.1038_s41598-023-50600-8.pdf,"Biochemistry, Genetics and Molecular Biology",5,1,"Biochemistry, Genetics and Molecular Biology/10.1038_s41598-023-50600-8/crops/10.1038_s41598-023-50600-8__3b85824e__p005__b01.png"
10.1038_s41598-023-50600-8__3b85824e__p005__b02,crop,10.1038_s41598-023-50600-8__3b85824e__p005__b02,10.1038_s41598-023-50600-8,10.1038_s41598-023-50600-8.pdf,"Biochemistry, Genetics and Molecular Biology",5,2,"Biochemistry, Genetics and Molecular Biology/10.1038_s41598-023-50600-8/crops/10.1038_s41598-023-50600-8__3b85824e__p005__b02.png"
10.1038_s41598-023-50600-8__3b85824e__p005__b03,crop,10.1038_s41598-023-50600-8__3b85824e__p005__b03,10.1038_s41598-023-50600-8,10.1038_s41598-023-50600-8.pdf,"Biochemistry, Genetics and Molecular Biology",5,3,"Biochemistry, Genetics and Molecular Biology/10.1038_s41598-023-50600-8/crops/10.1038_s41598-023-50600-8__3b85824e__p005__b03.png"
10.1038_s41598-023-50600-8__3b85824e__p007__b00,crop,10.1038_s41598-023-50600-8__3b85824e__p007__b00,10.1038_s41598-023-50600-8,10.1038_s41598-023-50600-8.pdf,"Biochemistry, Genetics and Molecular Biology",7,0,"Biochemistry, Genetics and Molecular Biology/10.1038_s41598-023-50600-8/crops/10.1038_s41598-023-50600-8__3b85824e__p007__b00.png"
10.1038_s41598-023-50600-8__3b85824e__p007__b01,crop,10.1038_s41598-023-50600-8__3b85824e__p007__b01,10.1038_s41598-023-50600-8,10.1038_s41598-023-50600-8.pdf,"Biochemistry, Genetics and Molecular Biology",7,1,"Biochemistry, Genetics and Molecular Biology/10.1038_s41598-023-50600-8/crops/10.1038_s41598-023-50600-8__3b85824e__p007__b01.png"
10.1038_s41598-023-50600-8__3b85824e__p007__b02,crop,10.1038_s41598-023-50600-8__3b85824e__p007__b02,10.1038_s41598-023-50600-8,10.1038_s41598-023-50600-8.pdf,"Biochemistry, Genetics and Molecular Biology",7,2,"Biochemistry, Genetics and Molecular Biology/10.1038_s41598-023-50600-8/crops/10.1038_s41598-023-50600-8__3b85824e__p007__b02.png"
10.1038_s41598-023-50600-8__3b85824e__p007__b03,crop,10.1038_s41598-023-50600-8__3b85824e__p007__b03,10.1038_s41598-023-50600-8,10.1038_s41598-023-50600-8.pdf,"Biochemistry, Genetics and Molecular Biology",7,3,"Biochemistry, Genetics and Molecular Biology/10.1038_s41598-023-50600-8/crops/10.1038_s41598-023-50600-8__3b85824e__p007__b03.png"
10.1038_s41598-023-50600-8__3b85824e__p007__b04,crop,10.1038_s41598-023-50600-8__3b85824e__p007__b04,10.1038_s41598-023-50600-8,10.1038_s41598-023-50600-8.pdf,"Biochemistry, Genetics and Molecular Biology",7,4,"Biochemistry, Genetics and Molecular Biology/10.1038_s41598-023-50600-8/crops/10.1038_s41598-023-50600-8__3b85824e__p007__b04.png"
10.1038_s41598-023-50600-8__3b85824e__p008__b00,crop,10.1038_s41598-023-50600-8__3b85824e__p008__b00,10.1038_s41598-023-50600-8,10.1038_s41598-023-50600-8.pdf,"Biochemistry, Genetics and Molecular Biology",8,0,"Biochemistry, Genetics and Molecular Biology/10.1038_s41598-023-50600-8/crops/10.1038_s41598-023-50600-8__3b85824e__p008__b00.png"
10.1038_s41598-023-50600-8__3b85824e__p008__b01,crop,10.1038_s41598-023-50600-8__3b85824e__p008__b01,10.1038_s41598-023-50600-8,10.1038_s41598-023-50600-8.pdf,"Biochemistry, Genetics and Molecular Biology",8,1,"Biochemistry, Genetics and Molecular Biology/10.1038_s41598-023-50600-8/crops/10.1038_s41598-023-50600-8__3b85824e__p008__b01.png"
10.1038_s41598-023-50600-8__3b85824e__p008__b02,crop,10.1038_s41598-023-50600-8__3b85824e__p008__b02,10.1038_s41598-023-50600-8,10.1038_s41598-023-50600-8.pdf,"Biochemistry, Genetics and Molecular Biology",8,2,"Biochemistry, Genetics and Molecular Biology/10.1038_s41598-023-50600-8/crops/10.1038_s41598-023-50600-8__3b85824e__p008__b02.png"
10.1038_s41598-023-50600-8__3b85824e__p010__b00,crop,10.1038_s41598-023-50600-8__3b85824e__p010__b00,10.1038_s41598-023-50600-8,10.1038_s41598-023-50600-8.pdf,"Biochemistry, Genetics and Molecular Biology",10,0,"Biochemistry, Genetics and Molecular Biology/10.1038_s41598-023-50600-8/crops/10.1038_s41598-023-50600-8__3b85824e__p010__b00.png"
10.1038_s43856-023-00419-1__d99d26e5__p001__b00,crop,10.1038_s43856-023-00419-1__d99d26e5__p001__b00,10.1038_s43856-023-00419-1,10.1038_s43856-023-00419-1.pdf,"Biochemistry, Genetics and Molecular Biology",1,0,"Biochemistry, Genetics and Molecular Biology/10.1038_s43856-023-00419-1/crops/10.1038_s43856-023-00419-1__d99d26e5__p001__b00.png"
10.1038_s43856-023-00419-1__d99d26e5__p002__b00,crop,10.1038_s43856-023-00419-1__d99d26e5__p002__b00,10.1038_s43856-023-00419-1,10.1038_s43856-023-00419-1.pdf,"Biochemistry, Genetics and Molecular Biology",2,0,"Biochemistry, Genetics and Molecular Biology/10.1038_s43856-023-00419-1/crops/10.1038_s43856-023-00419-1__d99d26e5__p002__b00.png"
10.1038_s43856-023-00419-1__d99d26e5__p002__b01,crop,10.1038_s43856-023-00419-1__d99d26e5__p002__b01,10.1038_s43856-023-00419-1,10.1038_s43856-023-00419-1.pdf,"Biochemistry, Genetics and Molecular Biology",2,1,"Biochemistry, Genetics and Molecular Biology/10.1038_s43856-023-00419-1/crops/10.1038_s43856-023-00419-1__d99d26e5__p002__b01.png"
10.1038_s43856-023-00419-1__d99d26e5__p002__b02,crop,10.1038_s43856-023-00419-1__d99d26e5__p002__b02,10.1038_s43856-023-00419-1,10.1038_s43856-023-00419-1.pdf,"Biochemistry, Genetics and Molecular Biology",2,2,"Biochemistry, Genetics and Molecular Biology/10.1038_s43856-023-00419-1/crops/10.1038_s43856-023-00419-1__d99d26e5__p002__b02.png"
10.1038_s43856-023-00419-1__d99d26e5__p004__b00,crop,10.1038_s43856-023-00419-1__d99d26e5__p004__b00,10.1038_s43856-023-00419-1,10.1038_s43856-023-00419-1.pdf,"Biochemistry, Genetics and Molecular Biology",4,0,"Biochemistry, Genetics and Molecular Biology/10.1038_s43856-023-00419-1/crops/10.1038_s43856-023-00419-1__d99d26e5__p004__b00.png"
10.1038_s43856-023-00419-1__d99d26e5__p005__b00,crop,10.1038_s43856-023-00419-1__d99d26e5__p005__b00,10.1038_s43856-023-00419-1,10.1038_s43856-023-00419-1.pdf,"Biochemistry, Genetics and Molecular Biology",5,0,"Biochemistry, Genetics and Molecular Biology/10.1038_s43856-023-00419-1/crops/10.1038_s43856-023-00419-1__d99d26e5__p005__b00.png"
10.1038_s43856-023-00419-1__d99d26e5__p006__b00,crop,10.1038_s43856-023-00419-1__d99d26e5__p006__b00,10.1038_s43856-023-00419-1,10.1038_s43856-023-00419-1.pdf,"Biochemistry, Genetics and Molecular Biology",6,0,"Biochemistry, Genetics and Molecular Biology/10.1038_s43856-023-00419-1/crops/10.1038_s43856-023-00419-1__d99d26e5__p006__b00.png"
10.1056_nejmoa2305434__8b2a3cdb__p006__b00,crop,10.1056_nejmoa2305434__8b2a3cdb__p006__b00,10.1056_nejmoa2305434,10.1056_nejmoa2305434.pdf,"Biochemistry, Genetics and Molecular Biology",6,0,"Biochemistry, Genetics and Molecular Biology/10.1056_nejmoa2305434/crops/10.1056_nejmoa2305434__8b2a3cdb__p006__b00.png"
10.1056_nejmoa2305434__8b2a3cdb__p007__b00,crop,10.1056_nejmoa2305434__8b2a3cdb__p007__b00,10.1056_nejmoa2305434,10.1056_nejmoa2305434.pdf,"Biochemistry, Genetics and Molecular Biology",7,0,"Biochemistry, Genetics and Molecular Biology/10.1056_nejmoa2305434/crops/10.1056_nejmoa2305434__8b2a3cdb__p007__b00.png"
10.1056_nejmoa2305434__8b2a3cdb__p008__b00,crop,10.1056_nejmoa2305434__8b2a3cdb__p008__b00,10.1056_nejmoa2305434,10.1056_nejmoa2305434.pdf,"Biochemistry, Genetics and Molecular Biology",8,0,"Biochemistry, Genetics and Molecular Biology/10.1056_nejmoa2305434/crops/10.1056_nejmoa2305434__8b2a3cdb__p008__b00.png"
10.1056_nejmoa2305434__8b2a3cdb__p008__b01,crop,10.1056_nejmoa2305434__8b2a3cdb__p008__b01,10.1056_nejmoa2305434,10.1056_nejmoa2305434.pdf,"Biochemistry, Genetics and Molecular Biology",8,1,"Biochemistry, Genetics and Molecular Biology/10.1056_nejmoa2305434/crops/10.1056_nejmoa2305434__8b2a3cdb__p008__b01.png"
10.1056_nejmoa2305434__8b2a3cdb__p008__b02,crop,10.1056_nejmoa2305434__8b2a3cdb__p008__b02,10.1056_nejmoa2305434,10.1056_nejmoa2305434.pdf,"Biochemistry, Genetics and Molecular Biology",8,2,"Biochemistry, Genetics and Molecular Biology/10.1056_nejmoa2305434/crops/10.1056_nejmoa2305434__8b2a3cdb__p008__b02.png"
10.1056_nejmoa2305434__8b2a3cdb__p008__b03,crop,10.1056_nejmoa2305434__8b2a3cdb__p008__b03,10.1056_nejmoa2305434,10.1056_nejmoa2305434.pdf,"Biochemistry, Genetics and Molecular Biology",8,3,"Biochemistry, Genetics and Molecular Biology/10.1056_nejmoa2305434/crops/10.1056_nejmoa2305434__8b2a3cdb__p008__b03.png"
10.1056_nejmoa2305434__8b2a3cdb__p008__b04,crop,10.1056_nejmoa2305434__8b2a3cdb__p008__b04,10.1056_nejmoa2305434,10.1056_nejmoa2305434.pdf,"Biochemistry, Genetics and Molecular Biology",8,4,"Biochemistry, Genetics and Molecular Biology/10.1056_nejmoa2305434/crops/10.1056_nejmoa2305434__8b2a3cdb__p008__b04.png"
10.1056_nejmoa2414108__2723320b__p002__b00,crop,10.1056_nejmoa2414108__2723320b__p002__b00,10.1056_nejmoa2414108,10.1056_nejmoa2414108.pdf,"Biochemistry, Genetics and Molecular Biology",2,0,"Biochemistry, Genetics and Molecular Biology/10.1056_nejmoa2414108/crops/10.1056_nejmoa2414108__2723320b__p002__b00.png"
10.1056_nejmoa2414108__2723320b__p005__b00,crop,10.1056_nejmoa2414108__2723320b__p005__b00,10.1056_nejmoa2414108,10.1056_nejmoa2414108.pdf,"Biochemistry, Genetics and Molecular Biology",5,0,"Biochemistry, Genetics and Molecular Biology/10.1056_nejmoa2414108/crops/10.1056_nejmoa2414108__2723320b__p005__b00.png"
10.1056_nejmoa2414108__2723320b__p007__b00,crop,10.1056_nejmoa2414108__2723320b__p007__b00,10.1056_nejmoa2414108,10.1056_nejmoa2414108.pdf,"Biochemistry, Genetics and Molecular Biology",7,0,"Biochemistry, Genetics and Molecular Biology/10.1056_nejmoa2414108/crops/10.1056_nejmoa2414108__2723320b__p007__b00.png"
10.1056_nejmoa2414108__2723320b__p007__b01,crop,10.1056_nejmoa2414108__2723320b__p007__b01,10.1056_nejmoa2414108,10.1056_nejmoa2414108.pdf,"Biochemistry, Genetics and Molecular Biology",7,1,"Biochemistry, Genetics and Molecular Biology/10.1056_nejmoa2414108/crops/10.1056_nejmoa2414108__2723320b__p007__b01.png"
10.1056_nejmoa2414108__2723320b__p007__b02,crop,10.1056_nejmoa2414108__2723320b__p007__b02,10.1056_nejmoa2414108,10.1056_nejmoa2414108.pdf,"Biochemistry, Genetics and Molecular Biology",7,2,"Biochemistry, Genetics and Molecular Biology/10.1056_nejmoa2414108/crops/10.1056_nejmoa2414108__2723320b__p007__b02.png"
10.1056_nejmoa2414108__2723320b__p007__b03,crop,10.1056_nejmoa2414108__2723320b__p007__b03,10.1056_nejmoa2414108,10.1056_nejmoa2414108.pdf,"Biochemistry, Genetics and Molecular Biology",7,3,"Biochemistry, Genetics and Molecular Biology/10.1056_nejmoa2414108/crops/10.1056_nejmoa2414108__2723320b__p007__b03.png"
10.1056_nejmoa2414108__2723320b__p008__b00,crop,10.1056_nejmoa2414108__2723320b__p008__b00,10.1056_nejmoa2414108,10.1056_nejmoa2414108.pdf,"Biochemistry, Genetics and Molecular Biology",8,0,"Biochemistry, Genetics and Molecular Biology/10.1056_nejmoa2414108/crops/10.1056_nejmoa2414108__2723320b__p008__b00.png"
10.1056_nejmoa2414108__2723320b__p009__b00,crop,10.1056_nejmoa2414108__2723320b__p009__b00,10.1056_nejmoa2414108,10.1056_nejmoa2414108.pdf,"Biochemistry, Genetics and Molecular Biology",9,0,"Biochemistry, Genetics and Molecular Biology/10.1056_nejmoa2414108/crops/10.1056_nejmoa2414108__2723320b__p009__b00.png"
10.1186_s12964-023-01398-5__1e924ca7__p003__b00,crop,10.1186_s12964-023-01398-5__1e924ca7__p003__b00,10.1186_s12964-023-01398-5,10.1186_s12964-023-01398-5.pdf,"Biochemistry, Genetics and Molecular Biology",3,0,"Biochemistry, Genetics and Molecular Biology/10.1186_s12964-023-01398-5/crops/10.1186_s12964-023-01398-5__1e924ca7__p003__b00.png"
10.1186_s12964-023-01398-5__1e924ca7__p005__b00,crop,10.1186_s12964-023-01398-5__1e924ca7__p005__b00,10.1186_s12964-023-01398-5,10.1186_s12964-023-01398-5.pdf,"Biochemistry, Genetics and Molecular Biology",5,0,"Biochemistry, Genetics and Molecular Biology/10.1186_s12964-023-01398-5/crops/10.1186_s12964-023-01398-5__1e924ca7__p005__b00.png"
10.1186_s12964-023-01398-5__1e924ca7__p006__b00,crop,10.1186_s12964-023-01398-5__1e924ca7__p006__b00,10.1186_s12964-023-01398-5,10.1186_s12964-023-01398-5.pdf,"Biochemistry, Genetics and Molecular Biology",6,0,"Biochemistry, Genetics and Molecular Biology/10.1186_s12964-023-01398-5/crops/10.1186_s12964-023-01398-5__1e924ca7__p006__b00.png"
10.1186_s12964-023-01398-5__1e924ca7__p007__b00,crop,10.1186_s12964-023-01398-5__1e924ca7__p007__b00,10.1186_s12964-023-01398-5,10.1186_s12964-023-01398-5.pdf,"Biochemistry, Genetics and Molecular Biology",7,0,"Biochemistry, Genetics and Molecular Biology/10.1186_s12964-023-01398-5/crops/10.1186_s12964-023-01398-5__1e924ca7__p007__b00.png"
10.1186_s12964-023-01398-5__1e924ca7__p010__b00,crop,10.1186_s12964-023-01398-5__1e924ca7__p010__b00,10.1186_s12964-023-01398-5,10.1186_s12964-023-01398-5.pdf,"Biochemistry, Genetics and Molecular Biology",10,0,"Biochemistry, Genetics and Molecular Biology/10.1186_s12964-023-01398-5/crops/10.1186_s12964-023-01398-5__1e924ca7__p010__b00.png"
10.1186_s12964-023-01398-5__1e924ca7__p011__b00,crop,10.1186_s12964-023-01398-5__1e924ca7__p011__b00,10.1186_s12964-023-01398-5,10.1186_s12964-023-01398-5.pdf,"Biochemistry, Genetics and Molecular Biology",11,0,"Biochemistry, Genetics and Molecular Biology/10.1186_s12964-023-01398-5/crops/10.1186_s12964-023-01398-5__1e924ca7__p011__b00.png"
10.3389_fmicb.2024.1374466__49792b8d__p003__b00,crop,10.3389_fmicb.2024.1374466__49792b8d__p003__b00,10.3389_fmicb.2024.1374466,10.3389_fmicb.2024.1374466.pdf,"Biochemistry, Genetics and Molecular Biology",3,0,"Biochemistry, Genetics and Molecular Biology/10.3389_fmicb.2024.1374466/crops/10.3389_fmicb.2024.1374466__49792b8d__p003__b00.png"
10.3389_fmicb.2024.1374466__49792b8d__p005__b00,crop,10.3389_fmicb.2024.1374466__49792b8d__p005__b00,10.3389_fmicb.2024.1374466,10.3389_fmicb.2024.1374466.pdf,"Biochemistry, Genetics and Molecular Biology",5,0,"Biochemistry, Genetics and Molecular Biology/10.3389_fmicb.2024.1374466/crops/10.3389_fmicb.2024.1374466__49792b8d__p005__b00.png"
10.3389_fmicb.2024.1374466__49792b8d__p005__b01,crop,10.3389_fmicb.2024.1374466__49792b8d__p005__b01,10.3389_fmicb.2024.1374466,10.3389_fmicb.2024.1374466.pdf,"Biochemistry, Genetics and Molecular Biology",5,1,"Biochemistry, Genetics and Molecular Biology/10.3389_fmicb.2024.1374466/crops/10.3389_fmicb.2024.1374466__49792b8d__p005__b01.png"
10.3389_fmicb.2024.1374466__49792b8d__p007__b00,crop,10.3389_fmicb.2024.1374466__49792b8d__p007__b00,10.3389_fmicb.2024.1374466,10.3389_fmicb.2024.1374466.pdf,"Biochemistry, Genetics and Molecular Biology",7,0,"Biochemistry, Genetics and Molecular Biology/10.3389_fmicb.2024.1374466/crops/10.3389_fmicb.2024.1374466__49792b8d__p007__b00.png"
10.3389_fmicb.2024.1374466__49792b8d__p007__b01,crop,10.3389_fmicb.2024.1374466__49792b8d__p007__b01,10.3389_fmicb.2024.1374466,10.3389_fmicb.2024.1374466.pdf,"Biochemistry, Genetics and Molecular Biology",7,1,"Biochemistry, Genetics and Molecular Biology/10.3389_fmicb.2024.1374466/crops/10.3389_fmicb.2024.1374466__49792b8d__p007__b01.png"
10.3389_fmicb.2024.1374466__49792b8d__p012__b00,crop,10.3389_fmicb.2024.1374466__49792b8d__p012__b00,10.3389_fmicb.2024.1374466,10.3389_fmicb.2024.1374466.pdf,"Biochemistry, Genetics and Molecular Biology",12,0,"Biochemistry, Genetics and Molecular Biology/10.3389_fmicb.2024.1374466/crops/10.3389_fmicb.2024.1374466__49792b8d__p012__b00.png"
10.1016_j.joule.2024.02.021__84f4c926__p001__b00,crop,10.1016_j.joule.2024.02.021__84f4c926__p001__b00,10.1016_j.joule.2024.02.021,10.1016_j.joule.2024.02.021.pdf,Chemical Engineering,1,0,Chemical Engineering/10.1016_j.joule.2024.02.021/crops/10.1016_j.joule.2024.02.021__84f4c926__p001__b00.png
10.1016_j.joule.2024.02.021__84f4c926__p003__b00,crop,10.1016_j.joule.2024.02.021__84f4c926__p003__b00,10.1016_j.joule.2024.02.021,10.1016_j.joule.2024.02.021.pdf,Chemical Engineering,3,0,Chemical Engineering/10.1016_j.joule.2024.02.021/crops/10.1016_j.joule.2024.02.021__84f4c926__p003__b00.png
10.1016_j.joule.2024.02.021__84f4c926__p003__b01,crop,10.1016_j.joule.2024.02.021__84f4c926__p003__b01,10.1016_j.joule.2024.02.021,10.1016_j.joule.2024.02.021.pdf,Chemical Engineering,3,1,Chemical Engineering/10.1016_j.joule.2024.02.021/crops/10.1016_j.joule.2024.02.021__84f4c926__p003__b01.png
10.1016_j.joule.2024.02.021__84f4c926__p004__b00,crop,10.1016_j.joule.2024.02.021__84f4c926__p004__b00,10.1016_j.joule.2024.02.021,10.1016_j.joule.2024.02.021.pdf,Chemical Engineering,4,0,Chemical Engineering/10.1016_j.joule.2024.02.021/crops/10.1016_j.joule.2024.02.021__84f4c926__p004__b00.png
10.1016_j.joule.2024.02.021__84f4c926__p007__b00,crop,10.1016_j.joule.2024.02.021__84f4c926__p007__b00,10.1016_j.joule.2024.02.021,10.1016_j.joule.2024.02.021.pdf,Chemical Engineering,7,0,Chemical Engineering/10.1016_j.joule.2024.02.021/crops/10.1016_j.joule.2024.02.021__84f4c926__p007__b00.png
10.1016_j.joule.2024.02.021__84f4c926__p007__b01,crop,10.1016_j.joule.2024.02.021__84f4c926__p007__b01,10.1016_j.joule.2024.02.021,10.1016_j.joule.2024.02.021.pdf,Chemical Engineering,7,1,Chemical Engineering/10.1016_j.joule.2024.02.021/crops/10.1016_j.joule.2024.02.021__84f4c926__p007__b01.png
10.1016_j.joule.2024.02.021__84f4c926__p007__b02,crop,10.1016_j.joule.2024.02.021__84f4c926__p007__b02,10.1016_j.joule.2024.02.021,10.1016_j.joule.2024.02.021.pdf,Chemical Engineering,7,2,Chemical Engineering/10.1016_j.joule.2024.02.021/crops/10.1016_j.joule.2024.02.021__84f4c926__p007__b02.png
10.1016_j.joule.2024.02.021__84f4c926__p007__b03,crop,10.1016_j.joule.2024.02.021__84f4c926__p007__b03,10.1016_j.joule.2024.02.021,10.1016_j.joule.2024.02.021.pdf,Chemical Engineering,7,3,Chemical Engineering/10.1016_j.joule.2024.02.021/crops/10.1016_j.joule.2024.02.021__84f4c926__p007__b03.png
10.1016_j.joule.2024.02.021__84f4c926__p007__b04,crop,10.1016_j.joule.2024.02.021__84f4c926__p007__b04,10.1016_j.joule.2024.02.021,10.1016_j.joule.2024.02.021.pdf,Chemical Engineering,7,4,Chemical Engineering/10.1016_j.joule.2024.02.021/crops/10.1016_j.joule.2024.02.021__84f4c926__p007__b04.png
10.1016_j.joule.2024.02.021__84f4c926__p009__b00,crop,10.1016_j.joule.2024.02.021__84f4c926__p009__b00,10.1016_j.joule.2024.02.021,10.1016_j.joule.2024.02.021.pdf,Chemical Engineering,9,0,Chemical Engineering/10.1016_j.joule.2024.02.021/crops/10.1016_j.joule.2024.02.021__84f4c926__p009__b00.png
10.1016_j.joule.2024.02.021__84f4c926__p009__b01,crop,10.1016_j.joule.2024.02.021__84f4c926__p009__b01,10.1016_j.joule.2024.02.021,10.1016_j.joule.2024.02.021.pdf,Chemical Engineering,9,1,Chemical Engineering/10.1016_j.joule.2024.02.021/crops/10.1016_j.joule.2024.02.021__84f4c926__p009__b01.png
10.1016_j.joule.2024.02.021__84f4c926__p011__b00,crop,10.1016_j.joule.2024.02.021__84f4c926__p011__b00,10.1016_j.joule.2024.02.021,10.1016_j.joule.2024.02.021.pdf,Chemical Engineering,11,0,Chemical Engineering/10.1016_j.joule.2024.02.021/crops/10.1016_j.joule.2024.02.021__84f4c926__p011__b00.png
10.1016_j.joule.2024.02.021__84f4c926__p011__b01,crop,10.1016_j.joule.2024.02.021__84f4c926__p011__b01,10.1016_j.joule.2024.02.021,10.1016_j.joule.2024.02.021.pdf,Chemical Engineering,11,1,Chemical Engineering/10.1016_j.joule.2024.02.021/crops/10.1016_j.joule.2024.02.021__84f4c926__p011__b01.png
10.1186_s11671-024-04159-6__9917a6fa__p005__b00,crop,10.1186_s11671-024-04159-6__9917a6fa__p005__b00,10.1186_s11671-024-04159-6,10.1186_s11671-024-04159-6.pdf,Chemical Engineering,5,0,Chemical Engineering/10.1186_s11671-024-04159-6/crops/10.1186_s11671-024-04159-6__9917a6fa__p005__b00.png
10.1186_s11671-024-04159-6__9917a6fa__p006__b00,crop,10.1186_s11671-024-04159-6__9917a6fa__p006__b00,10.1186_s11671-024-04159-6,10.1186_s11671-024-04159-6.pdf,Chemical Engineering,6,0,Chemical Engineering/10.1186_s11671-024-04159-6/crops/10.1186_s11671-024-04159-6__9917a6fa__p006__b00.png
10.1186_s11671-024-04159-6__9917a6fa__p006__b01,crop,10.1186_s11671-024-04159-6__9917a6fa__p006__b01,10.1186_s11671-024-04159-6,10.1186_s11671-024-04159-6.pdf,Chemical Engineering,6,1,Chemical Engineering/10.1186_s11671-024-04159-6/crops/10.1186_s11671-024-04159-6__9917a6fa__p006__b01.png
10.1186_s11671-024-04159-6__9917a6fa__p007__b00,crop,10.1186_s11671-024-04159-6__9917a6fa__p007__b00,10.1186_s11671-024-04159-6,10.1186_s11671-024-04159-6.pdf,Chemical Engineering,7,0,Chemical Engineering/10.1186_s11671-024-04159-6/crops/10.1186_s11671-024-04159-6__9917a6fa__p007__b00.png
10.1186_s11671-024-04159-6__9917a6fa__p009__b00,crop,10.1186_s11671-024-04159-6__9917a6fa__p009__b00,10.1186_s11671-024-04159-6,10.1186_s11671-024-04159-6.pdf,Chemical Engineering,9,0,Chemical Engineering/10.1186_s11671-024-04159-6/crops/10.1186_s11671-024-04159-6__9917a6fa__p009__b00.png
10.1186_s11671-024-04159-6__9917a6fa__p009__b01,crop,10.1186_s11671-024-04159-6__9917a6fa__p009__b01,10.1186_s11671-024-04159-6,10.1186_s11671-024-04159-6.pdf,Chemical Engineering,9,1,Chemical Engineering/10.1186_s11671-024-04159-6/crops/10.1186_s11671-024-04159-6__9917a6fa__p009__b01.png
10.1186_s11671-024-04159-6__9917a6fa__p010__b00,crop,10.1186_s11671-024-04159-6__9917a6fa__p010__b00,10.1186_s11671-024-04159-6,10.1186_s11671-024-04159-6.pdf,Chemical Engineering,10,0,Chemical Engineering/10.1186_s11671-024-04159-6/crops/10.1186_s11671-024-04159-6__9917a6fa__p010__b00.png
10.1186_s11671-024-04159-6__9917a6fa__p011__b00,crop,10.1186_s11671-024-04159-6__9917a6fa__p011__b00,10.1186_s11671-024-04159-6,10.1186_s11671-024-04159-6.pdf,Chemical Engineering,11,0,Chemical Engineering/10.1186_s11671-024-04159-6/crops/10.1186_s11671-024-04159-6__9917a6fa__p011__b00.png
10.1186_s11671-024-04159-6__9917a6fa__p012__b00,crop,10.1186_s11671-024-04159-6__9917a6fa__p012__b00,10.1186_s11671-024-04159-6,10.1186_s11671-024-04159-6.pdf,Chemical Engineering,12,0,Chemical Engineering/10.1186_s11671-024-04159-6/crops/10.1186_s11671-024-04159-6__9917a6fa__p012__b00.png
10.1186_s11671-024-04159-6__9917a6fa__p012__b01,crop,10.1186_s11671-024-04159-6__9917a6fa__p012__b01,10.1186_s11671-024-04159-6,10.1186_s11671-024-04159-6.pdf,Chemical Engineering,12,1,Chemical Engineering/10.1186_s11671-024-04159-6/crops/10.1186_s11671-024-04159-6__9917a6fa__p012__b01.png
10.1186_s11671-024-04159-6__9917a6fa__p013__b00,crop,10.1186_s11671-024-04159-6__9917a6fa__p013__b00,10.1186_s11671-024-04159-6,10.1186_s11671-024-04159-6.pdf,Chemical Engineering,13,0,Chemical Engineering/10.1186_s11671-024-04159-6/crops/10.1186_s11671-024-04159-6__9917a6fa__p013__b00.png
10.1186_s11671-024-04159-6__9917a6fa__p014__b00,crop,10.1186_s11671-024-04159-6__9917a6fa__p014__b00,10.1186_s11671-024-04159-6,10.1186_s11671-024-04159-6.pdf,Chemical Engineering,14,0,Chemical Engineering/10.1186_s11671-024-04159-6/crops/10.1186_s11671-024-04159-6__9917a6fa__p014__b00.png
10.1186_s11671-024-04159-6__9917a6fa__p014__b01,crop,10.1186_s11671-024-04159-6__9917a6fa__p014__b01,10.1186_s11671-024-04159-6,10.1186_s11671-024-04159-6.pdf,Chemical Engineering,14,1,Chemical Engineering/10.1186_s11671-024-04159-6/crops/10.1186_s11671-024-04159-6__9917a6fa__p014__b01.png
10.1186_s11671-024-04159-6__9917a6fa__p015__b00,crop,10.1186_s11671-024-04159-6__9917a6fa__p015__b00,10.1186_s11671-024-04159-6,10.1186_s11671-024-04159-6.pdf,Chemical Engineering,15,0,Chemical Engineering/10.1186_s11671-024-04159-6/crops/10.1186_s11671-024-04159-6__9917a6fa__p015__b00.png
10.1186_s11671-024-04159-6__9917a6fa__p015__b01,crop,10.1186_s11671-024-04159-6__9917a6fa__p015__b01,10.1186_s11671-024-04159-6,10.1186_s11671-024-04159-6.pdf,Chemical Engineering,15,1,Chemical Engineering/10.1186_s11671-024-04159-6/crops/10.1186_s11671-024-04159-6__9917a6fa__p015__b01.png
10.1038_s41545-024-00408-4__88becbc2__p002__b00,crop,10.1038_s41545-024-00408-4__88becbc2__p002__b00,10.1038_s41545-024-00408-4,10.1038_s41545-024-00408-4.pdf,Chemistry,2,0,Chemistry/10.1038_s41545-024-00408-4/crops/10.1038_s41545-024-00408-4__88becbc2__p002__b00.png
10.1038_s41545-024-00408-4__88becbc2__p003__b00,crop,10.1038_s41545-024-00408-4__88becbc2__p003__b00,10.1038_s41545-024-00408-4,10.1038_s41545-024-00408-4.pdf,Chemistry,3,0,Chemistry/10.1038_s41545-024-00408-4/crops/10.1038_s41545-024-00408-4__88becbc2__p003__b00.png
10.1038_s41545-024-00408-4__88becbc2__p003__b01,crop,10.1038_s41545-024-00408-4__88becbc2__p003__b01,10.1038_s41545-024-00408-4,10.1038_s41545-024-00408-4.pdf,Chemistry,3,1,Chemistry/10.1038_s41545-024-00408-4/crops/10.1038_s41545-024-00408-4__88becbc2__p003__b01.png
10.1038_s41545-024-00408-4__88becbc2__p003__b02,crop,10.1038_s41545-024-00408-4__88becbc2__p003__b02,10.1038_s41545-024-00408-4,10.1038_s41545-024-00408-4.pdf,Chemistry,3,2,Chemistry/10.1038_s41545-024-00408-4/crops/10.1038_s41545-024-00408-4__88becbc2__p003__b02.png
10.1038_s41545-024-00408-4__88becbc2__p009__b00,crop,10.1038_s41545-024-00408-4__88becbc2__p009__b00,10.1038_s41545-024-00408-4,10.1038_s41545-024-00408-4.pdf,Chemistry,9,0,Chemistry/10.1038_s41545-024-00408-4/crops/10.1038_s41545-024-00408-4__88becbc2__p009__b00.png
10.1038_s41545-024-00408-4__88becbc2__p011__b00,crop,10.1038_s41545-024-00408-4__88becbc2__p011__b00,10.1038_s41545-024-00408-4,10.1038_s41545-024-00408-4.pdf,Chemistry,11,0,Chemistry/10.1038_s41545-024-00408-4/crops/10.1038_s41545-024-00408-4__88becbc2__p011__b00.png
10.1038_s41545-024-00408-4__88becbc2__p011__b01,crop,10.1038_s41545-024-00408-4__88becbc2__p011__b01,10.1038_s41545-024-00408-4,10.1038_s41545-024-00408-4.pdf,Chemistry,11,1,Chemistry/10.1038_s41545-024-00408-4/crops/10.1038_s41545-024-00408-4__88becbc2__p011__b01.png
10.1038_s41550-024-02410-9__f78d03dc__p002__b00,crop,10.1038_s41550-024-02410-9__f78d03dc__p002__b00,10.1038_s41550-024-02410-9,10.1038_s41550-024-02410-9.pdf,Chemistry,2,0,Chemistry/10.1038_s41550-024-02410-9/crops/10.1038_s41550-024-02410-9__f78d03dc__p002__b00.png
10.1038_s41550-024-02410-9__f78d03dc__p003__b00,crop,10.1038_s41550-024-02410-9__f78d03dc__p003__b00,10.1038_s41550-024-02410-9,10.1038_s41550-024-02410-9.pdf,Chemistry,3,0,Chemistry/10.1038_s41550-024-02410-9/crops/10.1038_s41550-024-02410-9__f78d03dc__p003__b00.png
10.1038_s41550-024-02410-9__f78d03dc__p003__b01,crop,10.1038_s41550-024-02410-9__f78d03dc__p003__b01,10.1038_s41550-024-02410-9,10.1038_s41550-024-02410-9.pdf,Chemistry,3,1,Chemistry/10.1038_s41550-024-02410-9/crops/10.1038_s41550-024-02410-9__f78d03dc__p003__b01.png
10.1038_s41550-024-02410-9__f78d03dc__p003__b02,crop,10.1038_s41550-024-02410-9__f78d03dc__p003__b02,10.1038_s41550-024-02410-9,10.1038_s41550-024-02410-9.pdf,Chemistry,3,2,Chemistry/10.1038_s41550-024-02410-9/crops/10.1038_s41550-024-02410-9__f78d03dc__p003__b02.png
10.1038_s41550-024-02410-9__f78d03dc__p003__b03,crop,10.1038_s41550-024-02410-9__f78d03dc__p003__b03,10.1038_s41550-024-02410-9,10.1038_s41550-024-02410-9.pdf,Chemistry,3,3,Chemistry/10.1038_s41550-024-02410-9/crops/10.1038_s41550-024-02410-9__f78d03dc__p003__b03.png
10.1038_s41550-024-02410-9__f78d03dc__p004__b00,crop,10.1038_s41550-024-02410-9__f78d03dc__p004__b00,10.1038_s41550-024-02410-9,10.1038_s41550-024-02410-9.pdf,Chemistry,4,0,Chemistry/10.1038_s41550-024-02410-9/crops/10.1038_s41550-024-02410-9__f78d03dc__p004__b00.png
10.1038_s41550-024-02410-9__f78d03dc__p004__b01,crop,10.1038_s41550-024-02410-9__f78d03dc__p004__b01,10.1038_s41550-024-02410-9,10.1038_s41550-024-02410-9.pdf,Chemistry,4,1,Chemistry/10.1038_s41550-024-02410-9/crops/10.1038_s41550-024-02410-9__f78d03dc__p004__b01.png
10.1038_s41557-023-01428-2__2fd33697__p002__b00,crop,10.1038_s41557-023-01428-2__2fd33697__p002__b00,10.1038_s41557-023-01428-2,10.1038_s41557-023-01428-2.pdf,Chemistry,2,0,Chemistry/10.1038_s41557-023-01428-2/crops/10.1038_s41557-023-01428-2__2fd33697__p002__b00.png
10.1038_s41557-023-01428-2__2fd33697__p004__b00,crop,10.1038_s41557-023-01428-2__2fd33697__p004__b00,10.1038_s41557-023-01428-2,10.1038_s41557-023-01428-2.pdf,Chemistry,4,0,Chemistry/10.1038_s41557-023-01428-2/crops/10.1038_s41557-023-01428-2__2fd33697__p004__b00.png
10.1038_s41557-023-01428-2__2fd33697__p004__b01,crop,10.1038_s41557-023-01428-2__2fd33697__p004__b01,10.1038_s41557-023-01428-2,10.1038_s41557-023-01428-2.pdf,Chemistry,4,1,Chemistry/10.1038_s41557-023-01428-2/crops/10.1038_s41557-023-01428-2__2fd33697__p004__b01.png
10.1038_s41557-023-01428-2__2fd33697__p005__b00,crop,10.1038_s41557-023-01428-2__2fd33697__p005__b00,10.1038_s41557-023-01428-2,10.1038_s41557-023-01428-2.pdf,Chemistry,5,0,Chemistry/10.1038_s41557-023-01428-2/crops/10.1038_s41557-023-01428-2__2fd33697__p005__b00.png
10.1038_s41557-023-01428-2__2fd33697__p006__b00,crop,10.1038_s41557-023-01428-2__2fd33697__p006__b00,10.1038_s41557-023-01428-2,10.1038_s41557-023-01428-2.pdf,Chemistry,6,0,Chemistry/10.1038_s41557-023-01428-2/crops/10.1038_s41557-023-01428-2__2fd33697__p006__b00.png
10.1038_s41557-023-01428-2__2fd33697__p006__b01,crop,10.1038_s41557-023-01428-2__2fd33697__p006__b01,10.1038_s41557-023-01428-2,10.1038_s41557-023-01428-2.pdf,Chemistry,6,1,Chemistry/10.1038_s41557-023-01428-2/crops/10.1038_s41557-023-01428-2__2fd33697__p006__b01.png
10.1038_s41557-023-01428-2__2fd33697__p006__b02,crop,10.1038_s41557-023-01428-2__2fd33697__p006__b02,10.1038_s41557-023-01428-2,10.1038_s41557-023-01428-2.pdf,Chemistry,6,2,Chemistry/10.1038_s41557-023-01428-2/crops/10.1038_s41557-023-01428-2__2fd33697__p006__b02.png
10.1038_s41929-024-01130-7__c8a2ec28__p003__b00,crop,10.1038_s41929-024-01130-7__c8a2ec28__p003__b00,10.1038_s41929-024-01130-7,10.1038_s41929-024-01130-7.pdf,Chemistry,3,0,Chemistry/10.1038_s41929-024-01130-7/crops/10.1038_s41929-024-01130-7__c8a2ec28__p003__b00.png
10.1038_s41929-024-01130-7__c8a2ec28__p003__b01,crop,10.1038_s41929-024-01130-7__c8a2ec28__p003__b01,10.1038_s41929-024-01130-7,10.1038_s41929-024-01130-7.pdf,Chemistry,3,1,Chemistry/10.1038_s41929-024-01130-7/crops/10.1038_s41929-024-01130-7__c8a2ec28__p003__b01.png
10.1038_s41929-024-01130-7__c8a2ec28__p003__b02,crop,10.1038_s41929-024-01130-7__c8a2ec28__p003__b02,10.1038_s41929-024-01130-7,10.1038_s41929-024-01130-7.pdf,Chemistry,3,2,Chemistry/10.1038_s41929-024-01130-7/crops/10.1038_s41929-024-01130-7__c8a2ec28__p003__b02.png
10.1038_s41929-024-01130-7__c8a2ec28__p003__b03,crop,10.1038_s41929-024-01130-7__c8a2ec28__p003__b03,10.1038_s41929-024-01130-7,10.1038_s41929-024-01130-7.pdf,Chemistry,3,3,Chemistry/10.1038_s41929-024-01130-7/crops/10.1038_s41929-024-01130-7__c8a2ec28__p003__b03.png
10.1038_s41929-024-01130-7__c8a2ec28__p003__b04,crop,10.1038_s41929-024-01130-7__c8a2ec28__p003__b04,10.1038_s41929-024-01130-7,10.1038_s41929-024-01130-7.pdf,Chemistry,3,4,Chemistry/10.1038_s41929-024-01130-7/crops/10.1038_s41929-024-01130-7__c8a2ec28__p003__b04.png
10.1038_s41929-024-01130-7__c8a2ec28__p004__b00,crop,10.1038_s41929-024-01130-7__c8a2ec28__p004__b00,10.1038_s41929-024-01130-7,10.1038_s41929-024-01130-7.pdf,Chemistry,4,0,Chemistry/10.1038_s41929-024-01130-7/crops/10.1038_s41929-024-01130-7__c8a2ec28__p004__b00.png
10.1038_s41929-024-01130-7__c8a2ec28__p004__b01,crop,10.1038_s41929-024-01130-7__c8a2ec28__p004__b01,10.1038_s41929-024-01130-7,10.1038_s41929-024-01130-7.pdf,Chemistry,4,1,Chemistry/10.1038_s41929-024-01130-7/crops/10.1038_s41929-024-01130-7__c8a2ec28__p004__b01.png
10.1038_s41929-024-01130-7__c8a2ec28__p004__b02,crop,10.1038_s41929-024-01130-7__c8a2ec28__p004__b02,10.1038_s41929-024-01130-7,10.1038_s41929-024-01130-7.pdf,Chemistry,4,2,Chemistry/10.1038_s41929-024-01130-7/crops/10.1038_s41929-024-01130-7__c8a2ec28__p004__b02.png
10.1038_s41929-024-01130-7__c8a2ec28__p005__b00,crop,10.1038_s41929-024-01130-7__c8a2ec28__p005__b00,10.1038_s41929-024-01130-7,10.1038_s41929-024-01130-7.pdf,Chemistry,5,0,Chemistry/10.1038_s41929-024-01130-7/crops/10.1038_s41929-024-01130-7__c8a2ec28__p005__b00.png
10.1038_s41929-024-01130-7__c8a2ec28__p005__b01,crop,10.1038_s41929-024-01130-7__c8a2ec28__p005__b01,10.1038_s41929-024-01130-7,10.1038_s41929-024-01130-7.pdf,Chemistry,5,1,Chemistry/10.1038_s41929-024-01130-7/crops/10.1038_s41929-024-01130-7__c8a2ec28__p005__b01.png
10.1038_s41929-024-01130-7__c8a2ec28__p005__b02,crop,10.1038_s41929-024-01130-7__c8a2ec28__p005__b02,10.1038_s41929-024-01130-7,10.1038_s41929-024-01130-7.pdf,Chemistry,5,2,Chemistry/10.1038_s41929-024-01130-7/crops/10.1038_s41929-024-01130-7__c8a2ec28__p005__b02.png
10.1038_s41929-024-01130-7__c8a2ec28__p005__b03,crop,10.1038_s41929-024-01130-7__c8a2ec28__p005__b03,10.1038_s41929-024-01130-7,10.1038_s41929-024-01130-7.pdf,Chemistry,5,3,Chemistry/10.1038_s41929-024-01130-7/crops/10.1038_s41929-024-01130-7__c8a2ec28__p005__b03.png
10.1038_s41929-024-01130-7__c8a2ec28__p007__b00,crop,10.1038_s41929-024-01130-7__c8a2ec28__p007__b00,10.1038_s41929-024-01130-7,10.1038_s41929-024-01130-7.pdf,Chemistry,7,0,Chemistry/10.1038_s41929-024-01130-7/crops/10.1038_s41929-024-01130-7__c8a2ec28__p007__b00.png
10.1038_s41929-024-01130-7__c8a2ec28__p007__b01,crop,10.1038_s41929-024-01130-7__c8a2ec28__p007__b01,10.1038_s41929-024-01130-7,10.1038_s41929-024-01130-7.pdf,Chemistry,7,1,Chemistry/10.1038_s41929-024-01130-7/crops/10.1038_s41929-024-01130-7__c8a2ec28__p007__b01.png
10.1038_s41929-024-01153-0__17325c39__p002__b00,crop,10.1038_s41929-024-01153-0__17325c39__p002__b00,10.1038_s41929-024-01153-0,10.1038_s41929-024-01153-0.pdf,Chemistry,2,0,Chemistry/10.1038_s41929-024-01153-0/crops/10.1038_s41929-024-01153-0__17325c39__p002__b00.png
10.1038_s41929-024-01153-0__17325c39__p002__b01,crop,10.1038_s41929-024-01153-0__17325c39__p002__b01,10.1038_s41929-024-01153-0,10.1038_s41929-024-01153-0.pdf,Chemistry,2,1,Chemistry/10.1038_s41929-024-01153-0/crops/10.1038_s41929-024-01153-0__17325c39__p002__b01.png
10.1038_s41929-024-01153-0__17325c39__p003__b00,crop,10.1038_s41929-024-01153-0__17325c39__p003__b00,10.1038_s41929-024-01153-0,10.1038_s41929-024-01153-0.pdf,Chemistry,3,0,Chemistry/10.1038_s41929-024-01153-0/crops/10.1038_s41929-024-01153-0__17325c39__p003__b00.png
10.1038_s41929-024-01153-0__17325c39__p003__b01,crop,10.1038_s41929-024-01153-0__17325c39__p003__b01,10.1038_s41929-024-01153-0,10.1038_s41929-024-01153-0.pdf,Chemistry,3,1,Chemistry/10.1038_s41929-024-01153-0/crops/10.1038_s41929-024-01153-0__17325c39__p003__b01.png
10.1038_s41929-024-01153-0__17325c39__p004__b00,crop,10.1038_s41929-024-01153-0__17325c39__p004__b00,10.1038_s41929-024-01153-0,10.1038_s41929-024-01153-0.pdf,Chemistry,4,0,Chemistry/10.1038_s41929-024-01153-0/crops/10.1038_s41929-024-01153-0__17325c39__p004__b00.png
10.1038_s41929-024-01153-0__17325c39__p004__b01,crop,10.1038_s41929-024-01153-0__17325c39__p004__b01,10.1038_s41929-024-01153-0,10.1038_s41929-024-01153-0.pdf,Chemistry,4,1,Chemistry/10.1038_s41929-024-01153-0/crops/10.1038_s41929-024-01153-0__17325c39__p004__b01.png
10.1038_s41929-024-01153-0__17325c39__p005__b00,crop,10.1038_s41929-024-01153-0__17325c39__p005__b00,10.1038_s41929-024-01153-0,10.1038_s41929-024-01153-0.pdf,Chemistry,5,0,Chemistry/10.1038_s41929-024-01153-0/crops/10.1038_s41929-024-01153-0__17325c39__p005__b00.png
10.1038_s41929-024-01153-0__17325c39__p005__b01,crop,10.1038_s41929-024-01153-0__17325c39__p005__b01,10.1038_s41929-024-01153-0,10.1038_s41929-024-01153-0.pdf,Chemistry,5,1,Chemistry/10.1038_s41929-024-01153-0/crops/10.1038_s41929-024-01153-0__17325c39__p005__b01.png
10.1038_s41929-024-01153-0__17325c39__p005__b02,crop,10.1038_s41929-024-01153-0__17325c39__p005__b02,10.1038_s41929-024-01153-0,10.1038_s41929-024-01153-0.pdf,Chemistry,5,2,Chemistry/10.1038_s41929-024-01153-0/crops/10.1038_s41929-024-01153-0__17325c39__p005__b02.png
10.1038_s41929-024-01153-0__17325c39__p006__b00,crop,10.1038_s41929-024-01153-0__17325c39__p006__b00,10.1038_s41929-024-01153-0,10.1038_s41929-024-01153-0.pdf,Chemistry,6,0,Chemistry/10.1038_s41929-024-01153-0/crops/10.1038_s41929-024-01153-0__17325c39__p006__b00.png
10.1038_s41929-024-01153-0__17325c39__p007__b00,crop,10.1038_s41929-024-01153-0__17325c39__p007__b00,10.1038_s41929-024-01153-0,10.1038_s41929-024-01153-0.pdf,Chemistry,7,0,Chemistry/10.1038_s41929-024-01153-0/crops/10.1038_s41929-024-01153-0__17325c39__p007__b00.png
10.1038_s41929-024-01153-0__17325c39__p007__b01,crop,10.1038_s41929-024-01153-0__17325c39__p007__b01,10.1038_s41929-024-01153-0,10.1038_s41929-024-01153-0.pdf,Chemistry,7,1,Chemistry/10.1038_s41929-024-01153-0/crops/10.1038_s41929-024-01153-0__17325c39__p007__b01.png
10.1038_s41929-024-01153-0__17325c39__p007__b02,crop,10.1038_s41929-024-01153-0__17325c39__p007__b02,10.1038_s41929-024-01153-0,10.1038_s41929-024-01153-0.pdf,Chemistry,7,2,Chemistry/10.1038_s41929-024-01153-0/crops/10.1038_s41929-024-01153-0__17325c39__p007__b02.png
10.1038_s41929-024-01153-0__17325c39__p007__b03,crop,10.1038_s41929-024-01153-0__17325c39__p007__b03,10.1038_s41929-024-01153-0,10.1038_s41929-024-01153-0.pdf,Chemistry,7,3,Chemistry/10.1038_s41929-024-01153-0/crops/10.1038_s41929-024-01153-0__17325c39__p007__b03.png
10.1038_s41929-024-01153-0__17325c39__p007__b04,crop,10.1038_s41929-024-01153-0__17325c39__p007__b04,10.1038_s41929-024-01153-0,10.1038_s41929-024-01153-0.pdf,Chemistry,7,4,Chemistry/10.1038_s41929-024-01153-0/crops/10.1038_s41929-024-01153-0__17325c39__p007__b04.png
10.1039_d4gc05298f__e45188f3__p002__b00,crop,10.1039_d4gc05298f__e45188f3__p002__b00,10.1039_d4gc05298f,10.1039_d4gc05298f.pdf,Chemistry,2,0,Chemistry/10.1039_d4gc05298f/crops/10.1039_d4gc05298f__e45188f3__p002__b00.png
10.1039_d4gc05298f__e45188f3__p002__b01,crop,10.1039_d4gc05298f__e45188f3__p002__b01,10.1039_d4gc05298f,10.1039_d4gc05298f.pdf,Chemistry,2,1,Chemistry/10.1039_d4gc05298f/crops/10.1039_d4gc05298f__e45188f3__p002__b01.png
10.1039_d4gc05298f__e45188f3__p002__b02,crop,10.1039_d4gc05298f__e45188f3__p002__b02,10.1039_d4gc05298f,10.1039_d4gc05298f.pdf,Chemistry,2,2,Chemistry/10.1039_d4gc05298f/crops/10.1039_d4gc05298f__e45188f3__p002__b02.png
10.1039_d4gc05298f__e45188f3__p004__b00,crop,10.1039_d4gc05298f__e45188f3__p004__b00,10.1039_d4gc05298f,10.1039_d4gc05298f.pdf,Chemistry,4,0,Chemistry/10.1039_d4gc05298f/crops/10.1039_d4gc05298f__e45188f3__p004__b00.png
10.1039_d4gc05298f__e45188f3__p005__b00,crop,10.1039_d4gc05298f__e45188f3__p005__b00,10.1039_d4gc05298f,10.1039_d4gc05298f.pdf,Chemistry,5,0,Chemistry/10.1039_d4gc05298f/crops/10.1039_d4gc05298f__e45188f3__p005__b00.png
10.1039_d4gc05298f__e45188f3__p006__b00,crop,10.1039_d4gc05298f__e45188f3__p006__b00,10.1039_d4gc05298f,10.1039_d4gc05298f.pdf,Chemistry,6,0,Chemistry/10.1039_d4gc05298f/crops/10.1039_d4gc05298f__e45188f3__p006__b00.png
10.1039_d4gc05298f__e45188f3__p006__b01,crop,10.1039_d4gc05298f__e45188f3__p006__b01,10.1039_d4gc05298f,10.1039_d4gc05298f.pdf,Chemistry,6,1,Chemistry/10.1039_d4gc05298f/crops/10.1039_d4gc05298f__e45188f3__p006__b01.png
10.1039_d4gc05298f__e45188f3__p006__b02,crop,10.1039_d4gc05298f__e45188f3__p006__b02,10.1039_d4gc05298f,10.1039_d4gc05298f.pdf,Chemistry,6,2,Chemistry/10.1039_d4gc05298f/crops/10.1039_d4gc05298f__e45188f3__p006__b02.png
10.1039_d4gc05298f__e45188f3__p006__b03,crop,10.1039_d4gc05298f__e45188f3__p006__b03,10.1039_d4gc05298f,10.1039_d4gc05298f.pdf,Chemistry,6,3,Chemistry/10.1039_d4gc05298f/crops/10.1039_d4gc05298f__e45188f3__p006__b03.png
10.1186_s13065-025-01486-2__faecf063__p001__b00,crop,10.1186_s13065-025-01486-2__faecf063__p001__b00,10.1186_s13065-025-01486-2,10.1186_s13065-025-01486-2.pdf,Chemistry,1,0,Chemistry/10.1186_s13065-025-01486-2/crops/10.1186_s13065-025-01486-2__faecf063__p001__b00.png
10.1186_s13065-025-01486-2__faecf063__p003__b00,crop,10.1186_s13065-025-01486-2__faecf063__p003__b00,10.1186_s13065-025-01486-2,10.1186_s13065-025-01486-2.pdf,Chemistry,3,0,Chemistry/10.1186_s13065-025-01486-2/crops/10.1186_s13065-025-01486-2__faecf063__p003__b00.png
10.1186_s13065-025-01486-2__faecf063__p005__b00,crop,10.1186_s13065-025-01486-2__faecf063__p005__b00,10.1186_s13065-025-01486-2,10.1186_s13065-025-01486-2.pdf,Chemistry,5,0,Chemistry/10.1186_s13065-025-01486-2/crops/10.1186_s13065-025-01486-2__faecf063__p005__b00.png
10.1186_s13065-025-01486-2__faecf063__p006__b00,crop,10.1186_s13065-025-01486-2__faecf063__p006__b00,10.1186_s13065-025-01486-2,10.1186_s13065-025-01486-2.pdf,Chemistry,6,0,Chemistry/10.1186_s13065-025-01486-2/crops/10.1186_s13065-025-01486-2__faecf063__p006__b00.png
10.1186_s13065-025-01486-2__faecf063__p008__b00,crop,10.1186_s13065-025-01486-2__faecf063__p008__b00,10.1186_s13065-025-01486-2,10.1186_s13065-025-01486-2.pdf,Chemistry,8,0,Chemistry/10.1186_s13065-025-01486-2/crops/10.1186_s13065-025-01486-2__faecf063__p008__b00.png
10.1186_s13065-025-01486-2__faecf063__p008__b01,crop,10.1186_s13065-025-01486-2__faecf063__p008__b01,10.1186_s13065-025-01486-2,10.1186_s13065-025-01486-2.pdf,Chemistry,8,1,Chemistry/10.1186_s13065-025-01486-2/crops/10.1186_s13065-025-01486-2__faecf063__p008__b01.png
10.1186_s13065-025-01486-2__faecf063__p008__b02,crop,10.1186_s13065-025-01486-2__faecf063__p008__b02,10.1186_s13065-025-01486-2,10.1186_s13065-025-01486-2.pdf,Chemistry,8,2,Chemistry/10.1186_s13065-025-01486-2/crops/10.1186_s13065-025-01486-2__faecf063__p008__b02.png
10.1186_s43094-024-00594-5__ad0c7d4e__p002__b00,crop,10.1186_s43094-024-00594-5__ad0c7d4e__p002__b00,10.1186_s43094-024-00594-5,10.1186_s43094-024-00594-5.pdf,Chemistry,2,0,Chemistry/10.1186_s43094-024-00594-5/crops/10.1186_s43094-024-00594-5__ad0c7d4e__p002__b00.png
10.1186_s43094-024-00594-5__ad0c7d4e__p002__b01,crop,10.1186_s43094-024-00594-5__ad0c7d4e__p002__b01,10.1186_s43094-024-00594-5,10.1186_s43094-024-00594-5.pdf,Chemistry,2,1,Chemistry/10.1186_s43094-024-00594-5/crops/10.1186_s43094-024-00594-5__ad0c7d4e__p002__b01.png
10.1186_s43094-024-00594-5__ad0c7d4e__p004__b00,crop,10.1186_s43094-024-00594-5__ad0c7d4e__p004__b00,10.1186_s43094-024-00594-5,10.1186_s43094-024-00594-5.pdf,Chemistry,4,0,Chemistry/10.1186_s43094-024-00594-5/crops/10.1186_s43094-024-00594-5__ad0c7d4e__p004__b00.png
10.1186_s43094-024-00594-5__ad0c7d4e__p004__b01,crop,10.1186_s43094-024-00594-5__ad0c7d4e__p004__b01,10.1186_s43094-024-00594-5,10.1186_s43094-024-00594-5.pdf,Chemistry,4,1,Chemistry/10.1186_s43094-024-00594-5/crops/10.1186_s43094-024-00594-5__ad0c7d4e__p004__b01.png
10.1186_s43094-024-00594-5__ad0c7d4e__p005__b00,crop,10.1186_s43094-024-00594-5__ad0c7d4e__p005__b00,10.1186_s43094-024-00594-5,10.1186_s43094-024-00594-5.pdf,Chemistry,5,0,Chemistry/10.1186_s43094-024-00594-5/crops/10.1186_s43094-024-00594-5__ad0c7d4e__p005__b00.png
10.1186_s43094-024-00594-5__ad0c7d4e__p006__b00,crop,10.1186_s43094-024-00594-5__ad0c7d4e__p006__b00,10.1186_s43094-024-00594-5,10.1186_s43094-024-00594-5.pdf,Chemistry,6,0,Chemistry/10.1186_s43094-024-00594-5/crops/10.1186_s43094-024-00594-5__ad0c7d4e__p006__b00.png
10.1186_s43094-024-00594-5__ad0c7d4e__p007__b00,crop,10.1186_s43094-024-00594-5__ad0c7d4e__p007__b00,10.1186_s43094-024-00594-5,10.1186_s43094-024-00594-5.pdf,Chemistry,7,0,Chemistry/10.1186_s43094-024-00594-5/crops/10.1186_s43094-024-00594-5__ad0c7d4e__p007__b00.png
10.1186_s43094-024-00594-5__ad0c7d4e__p008__b00,crop,10.1186_s43094-024-00594-5__ad0c7d4e__p008__b00,10.1186_s43094-024-00594-5,10.1186_s43094-024-00594-5.pdf,Chemistry,8,0,Chemistry/10.1186_s43094-024-00594-5/crops/10.1186_s43094-024-00594-5__ad0c7d4e__p008__b00.png
10.1186_s43094-024-00594-5__ad0c7d4e__p008__b01,crop,10.1186_s43094-024-00594-5__ad0c7d4e__p008__b01,10.1186_s43094-024-00594-5,10.1186_s43094-024-00594-5.pdf,Chemistry,8,1,Chemistry/10.1186_s43094-024-00594-5/crops/10.1186_s43094-024-00594-5__ad0c7d4e__p008__b01.png
10.1186_s43094-024-00594-5__ad0c7d4e__p009__b00,crop,10.1186_s43094-024-00594-5__ad0c7d4e__p009__b00,10.1186_s43094-024-00594-5,10.1186_s43094-024-00594-5.pdf,Chemistry,9,0,Chemistry/10.1186_s43094-024-00594-5/crops/10.1186_s43094-024-00594-5__ad0c7d4e__p009__b00.png
10.1186_s43094-024-00594-5__ad0c7d4e__p010__b00,crop,10.1186_s43094-024-00594-5__ad0c7d4e__p010__b00,10.1186_s43094-024-00594-5,10.1186_s43094-024-00594-5.pdf,Chemistry,10,0,Chemistry/10.1186_s43094-024-00594-5/crops/10.1186_s43094-024-00594-5__ad0c7d4e__p010__b00.png
10.1038_s41591-024-03423-7__9aaffddb__p002__b00,crop,10.1038_s41591-024-03423-7__9aaffddb__p002__b00,10.1038_s41591-024-03423-7,10.1038_s41591-024-03423-7.pdf,Computer Science,2,0,Computer Science/10.1038_s41591-024-03423-7/crops/10.1038_s41591-024-03423-7__9aaffddb__p002__b00.png
10.1038_s41591-024-03423-7__9aaffddb__p002__b01,crop,10.1038_s41591-024-03423-7__9aaffddb__p002__b01,10.1038_s41591-024-03423-7,10.1038_s41591-024-03423-7.pdf,Computer Science,2,1,Computer Science/10.1038_s41591-024-03423-7/crops/10.1038_s41591-024-03423-7__9aaffddb__p002__b01.png
10.1038_s41591-024-03423-7__9aaffddb__p004__b00,crop,10.1038_s41591-024-03423-7__9aaffddb__p004__b00,10.1038_s41591-024-03423-7,10.1038_s41591-024-03423-7.pdf,Computer Science,4,0,Computer Science/10.1038_s41591-024-03423-7/crops/10.1038_s41591-024-03423-7__9aaffddb__p004__b00.png
10.1038_s41591-024-03423-7__9aaffddb__p004__b01,crop,10.1038_s41591-024-03423-7__9aaffddb__p004__b01,10.1038_s41591-024-03423-7,10.1038_s41591-024-03423-7.pdf,Computer Science,4,1,Computer Science/10.1038_s41591-024-03423-7/crops/10.1038_s41591-024-03423-7__9aaffddb__p004__b01.png
10.1038_s41591-024-03423-7__9aaffddb__p005__b00,crop,10.1038_s41591-024-03423-7__9aaffddb__p005__b00,10.1038_s41591-024-03423-7,10.1038_s41591-024-03423-7.pdf,Computer Science,5,0,Computer Science/10.1038_s41591-024-03423-7/crops/10.1038_s41591-024-03423-7__9aaffddb__p005__b00.png
10.1038_s41591-024-03423-7__9aaffddb__p005__b01,crop,10.1038_s41591-024-03423-7__9aaffddb__p005__b01,10.1038_s41591-024-03423-7,10.1038_s41591-024-03423-7.pdf,Computer Science,5,1,Computer Science/10.1038_s41591-024-03423-7/crops/10.1038_s41591-024-03423-7__9aaffddb__p005__b01.png
10.1038_s41591-024-03423-7__9aaffddb__p005__b02,crop,10.1038_s41591-024-03423-7__9aaffddb__p005__b02,10.1038_s41591-024-03423-7,10.1038_s41591-024-03423-7.pdf,Computer Science,5,2,Computer Science/10.1038_s41591-024-03423-7/crops/10.1038_s41591-024-03423-7__9aaffddb__p005__b02.png
10.1038_s41591-024-03423-7__9aaffddb__p006__b00,crop,10.1038_s41591-024-03423-7__9aaffddb__p006__b00,10.1038_s41591-024-03423-7,10.1038_s41591-024-03423-7.pdf,Computer Science,6,0,Computer Science/10.1038_s41591-024-03423-7/crops/10.1038_s41591-024-03423-7__9aaffddb__p006__b00.png
10.1038_s41591-024-03423-7__9aaffddb__p014__b00,crop,10.1038_s41591-024-03423-7__9aaffddb__p014__b00,10.1038_s41591-024-03423-7,10.1038_s41591-024-03423-7.pdf,Computer Science,14,0,Computer Science/10.1038_s41591-024-03423-7/crops/10.1038_s41591-024-03423-7__9aaffddb__p014__b00.png
10.1038_s41591-024-03423-7__9aaffddb__p015__b00,crop,10.1038_s41591-024-03423-7__9aaffddb__p015__b00,10.1038_s41591-024-03423-7,10.1038_s41591-024-03423-7.pdf,Computer Science,15,0,Computer Science/10.1038_s41591-024-03423-7/crops/10.1038_s41591-024-03423-7__9aaffddb__p015__b00.png
10.1038_s41591-024-03423-7__9aaffddb__p016__b00,crop,10.1038_s41591-024-03423-7__9aaffddb__p016__b00,10.1038_s41591-024-03423-7,10.1038_s41591-024-03423-7.pdf,Computer Science,16,0,Computer Science/10.1038_s41591-024-03423-7/crops/10.1038_s41591-024-03423-7__9aaffddb__p016__b00.png
10.1038_s41591-024-03423-7__9aaffddb__p018__b00,crop,10.1038_s41591-024-03423-7__9aaffddb__p018__b00,10.1038_s41591-024-03423-7,10.1038_s41591-024-03423-7.pdf,Computer Science,18,0,Computer Science/10.1038_s41591-024-03423-7/crops/10.1038_s41591-024-03423-7__9aaffddb__p018__b00.png
10.1038_s41597-024-03571-y__42362084__p002__b00,crop,10.1038_s41597-024-03571-y__42362084__p002__b00,10.1038_s41597-024-03571-y,10.1038_s41597-024-03571-y.pdf,Computer Science,2,0,Computer Science/10.1038_s41597-024-03571-y/crops/10.1038_s41597-024-03571-y__42362084__p002__b00.png
10.1038_s41597-024-03571-y__42362084__p003__b00,crop,10.1038_s41597-024-03571-y__42362084__p003__b00,10.1038_s41597-024-03571-y,10.1038_s41597-024-03571-y.pdf,Computer Science,3,0,Computer Science/10.1038_s41597-024-03571-y/crops/10.1038_s41597-024-03571-y__42362084__p003__b00.png
10.1038_s41597-024-03571-y__42362084__p003__b01,crop,10.1038_s41597-024-03571-y__42362084__p003__b01,10.1038_s41597-024-03571-y,10.1038_s41597-024-03571-y.pdf,Computer Science,3,1,Computer Science/10.1038_s41597-024-03571-y/crops/10.1038_s41597-024-03571-y__42362084__p003__b01.png
10.1038_s41597-024-03571-y__42362084__p005__b00,crop,10.1038_s41597-024-03571-y__42362084__p005__b00,10.1038_s41597-024-03571-y,10.1038_s41597-024-03571-y.pdf,Computer Science,5,0,Computer Science/10.1038_s41597-024-03571-y/crops/10.1038_s41597-024-03571-y__42362084__p005__b00.png
10.1038_s41597-024-03571-y__42362084__p006__b00,crop,10.1038_s41597-024-03571-y__42362084__p006__b00,10.1038_s41597-024-03571-y,10.1038_s41597-024-03571-y.pdf,Computer Science,6,0,Computer Science/10.1038_s41597-024-03571-y/crops/10.1038_s41597-024-03571-y__42362084__p006__b00.png
10.1038_s41597-024-03571-y__42362084__p007__b00,crop,10.1038_s41597-024-03571-y__42362084__p007__b00,10.1038_s41597-024-03571-y,10.1038_s41597-024-03571-y.pdf,Computer Science,7,0,Computer Science/10.1038_s41597-024-03571-y/crops/10.1038_s41597-024-03571-y__42362084__p007__b00.png
10.1038_s41597-024-03571-y__42362084__p007__b01,crop,10.1038_s41597-024-03571-y__42362084__p007__b01,10.1038_s41597-024-03571-y,10.1038_s41597-024-03571-y.pdf,Computer Science,7,1,Computer Science/10.1038_s41597-024-03571-y/crops/10.1038_s41597-024-03571-y__42362084__p007__b01.png
10.1038_s41597-024-03571-y__42362084__p008__b00,crop,10.1038_s41597-024-03571-y__42362084__p008__b00,10.1038_s41597-024-03571-y,10.1038_s41597-024-03571-y.pdf,Computer Science,8,0,Computer Science/10.1038_s41597-024-03571-y/crops/10.1038_s41597-024-03571-y__42362084__p008__b00.png
10.1038_s41597-024-03571-y__42362084__p008__b01,crop,10.1038_s41597-024-03571-y__42362084__p008__b01,10.1038_s41597-024-03571-y,10.1038_s41597-024-03571-y.pdf,Computer Science,8,1,Computer Science/10.1038_s41597-024-03571-y/crops/10.1038_s41597-024-03571-y__42362084__p008__b01.png
10.1038_s41597-024-03571-y__42362084__p008__b02,crop,10.1038_s41597-024-03571-y__42362084__p008__b02,10.1038_s41597-024-03571-y,10.1038_s41597-024-03571-y.pdf,Computer Science,8,2,Computer Science/10.1038_s41597-024-03571-y/crops/10.1038_s41597-024-03571-y__42362084__p008__b02.png
10.1038_s41597-024-03571-y__42362084__p008__b03,crop,10.1038_s41597-024-03571-y__42362084__p008__b03,10.1038_s41597-024-03571-y,10.1038_s41597-024-03571-y.pdf,Computer Science,8,3,Computer Science/10.1038_s41597-024-03571-y/crops/10.1038_s41597-024-03571-y__42362084__p008__b03.png
10.1145_3624724__73f9e8a1__p001__b00,crop,10.1145_3624724__73f9e8a1__p001__b00,10.1145_3624724,10.1145_3624724.pdf,Computer Science,1,0,Computer Science/10.1145_3624724/crops/10.1145_3624724__73f9e8a1__p001__b00.png
10.1145_3624724__73f9e8a1__p002__b00,crop,10.1145_3624724__73f9e8a1__p002__b00,10.1145_3624724,10.1145_3624724.pdf,Computer Science,2,0,Computer Science/10.1145_3624724/crops/10.1145_3624724__73f9e8a1__p002__b00.png
10.1145_3624724__73f9e8a1__p002__b01,crop,10.1145_3624724__73f9e8a1__p002__b01,10.1145_3624724,10.1145_3624724.pdf,Computer Science,2,1,Computer Science/10.1145_3624724/crops/10.1145_3624724__73f9e8a1__p002__b01.png
10.1145_3624724__73f9e8a1__p003__b00,crop,10.1145_3624724__73f9e8a1__p003__b00,10.1145_3624724,10.1145_3624724.pdf,Computer Science,3,0,Computer Science/10.1145_3624724/crops/10.1145_3624724__73f9e8a1__p003__b00.png
10.1145_3624724__73f9e8a1__p006__b00,crop,10.1145_3624724__73f9e8a1__p006__b00,10.1145_3624724,10.1145_3624724.pdf,Computer Science,6,0,Computer Science/10.1145_3624724/crops/10.1145_3624724__73f9e8a1__p006__b00.png
10.1145_3624724__73f9e8a1__p007__b00,crop,10.1145_3624724__73f9e8a1__p007__b00,10.1145_3624724,10.1145_3624724.pdf,Computer Science,7,0,Computer Science/10.1145_3624724/crops/10.1145_3624724__73f9e8a1__p007__b00.png
10.1145_3624724__73f9e8a1__p008__b00,crop,10.1145_3624724__73f9e8a1__p008__b00,10.1145_3624724,10.1145_3624724.pdf,Computer Science,8,0,Computer Science/10.1145_3624724/crops/10.1145_3624724__73f9e8a1__p008__b00.png
10.1145_3624724__73f9e8a1__p010__b00,crop,10.1145_3624724__73f9e8a1__p010__b00,10.1145_3624724,10.1145_3624724.pdf,Computer Science,10,0,Computer Science/10.1145_3624724/crops/10.1145_3624724__73f9e8a1__p010__b00.png
10.1145_3624724__73f9e8a1__p010__b01,crop,10.1145_3624724__73f9e8a1__p010__b01,10.1145_3624724,10.1145_3624724.pdf,Computer Science,10,1,Computer Science/10.1145_3624724/crops/10.1145_3624724__73f9e8a1__p010__b01.png
10.1145_3624724__73f9e8a1__p011__b00,crop,10.1145_3624724__73f9e8a1__p011__b00,10.1145_3624724,10.1145_3624724.pdf,Computer Science,11,0,Computer Science/10.1145_3624724/crops/10.1145_3624724__73f9e8a1__p011__b00.png
10.1186_s40537-024-00905-w__0aa28ddf__p007__b00,crop,10.1186_s40537-024-00905-w__0aa28ddf__p007__b00,10.1186_s40537-024-00905-w,10.1186_s40537-024-00905-w.pdf,Computer Science,7,0,Computer Science/10.1186_s40537-024-00905-w/crops/10.1186_s40537-024-00905-w__0aa28ddf__p007__b00.png
10.1186_s40537-024-00905-w__0aa28ddf__p010__b00,crop,10.1186_s40537-024-00905-w__0aa28ddf__p010__b00,10.1186_s40537-024-00905-w,10.1186_s40537-024-00905-w.pdf,Computer Science,10,0,Computer Science/10.1186_s40537-024-00905-w/crops/10.1186_s40537-024-00905-w__0aa28ddf__p010__b00.png
10.1186_s40537-024-00905-w__0aa28ddf__p010__b01,crop,10.1186_s40537-024-00905-w__0aa28ddf__p010__b01,10.1186_s40537-024-00905-w,10.1186_s40537-024-00905-w.pdf,Computer Science,10,1,Computer Science/10.1186_s40537-024-00905-w/crops/10.1186_s40537-024-00905-w__0aa28ddf__p010__b01.png
10.1186_s40537-024-00905-w__0aa28ddf__p011__b00,crop,10.1186_s40537-024-00905-w__0aa28ddf__p011__b00,10.1186_s40537-024-00905-w,10.1186_s40537-024-00905-w.pdf,Computer Science,11,0,Computer Science/10.1186_s40537-024-00905-w/crops/10.1186_s40537-024-00905-w__0aa28ddf__p011__b00.png
10.1186_s40537-024-00905-w__0aa28ddf__p011__b01,crop,10.1186_s40537-024-00905-w__0aa28ddf__p011__b01,10.1186_s40537-024-00905-w,10.1186_s40537-024-00905-w.pdf,Computer Science,11,1,Computer Science/10.1186_s40537-024-00905-w/crops/10.1186_s40537-024-00905-w__0aa28ddf__p011__b01.png
10.1186_s40537-024-00905-w__0aa28ddf__p011__b02,crop,10.1186_s40537-024-00905-w__0aa28ddf__p011__b02,10.1186_s40537-024-00905-w,10.1186_s40537-024-00905-w.pdf,Computer Science,11,2,Computer Science/10.1186_s40537-024-00905-w/crops/10.1186_s40537-024-00905-w__0aa28ddf__p011__b02.png
10.1186_s40537-024-00905-w__0aa28ddf__p011__b03,crop,10.1186_s40537-024-00905-w__0aa28ddf__p011__b03,10.1186_s40537-024-00905-w,10.1186_s40537-024-00905-w.pdf,Computer Science,11,3,Computer Science/10.1186_s40537-024-00905-w/crops/10.1186_s40537-024-00905-w__0aa28ddf__p011__b03.png
10.1186_s40537-024-00905-w__0aa28ddf__p012__b00,crop,10.1186_s40537-024-00905-w__0aa28ddf__p012__b00,10.1186_s40537-024-00905-w,10.1186_s40537-024-00905-w.pdf,Computer Science,12,0,Computer Science/10.1186_s40537-024-00905-w/crops/10.1186_s40537-024-00905-w__0aa28ddf__p012__b00.png
10.1186_s40537-024-00905-w__0aa28ddf__p012__b01,crop,10.1186_s40537-024-00905-w__0aa28ddf__p012__b01,10.1186_s40537-024-00905-w,10.1186_s40537-024-00905-w.pdf,Computer Science,12,1,Computer Science/10.1186_s40537-024-00905-w/crops/10.1186_s40537-024-00905-w__0aa28ddf__p012__b01.png
10.1186_s40537-024-00905-w__0aa28ddf__p013__b00,crop,10.1186_s40537-024-00905-w__0aa28ddf__p013__b00,10.1186_s40537-024-00905-w,10.1186_s40537-024-00905-w.pdf,Computer Science,13,0,Computer Science/10.1186_s40537-024-00905-w/crops/10.1186_s40537-024-00905-w__0aa28ddf__p013__b00.png
10.31695_ijasre.2024.1.1__3b05f907__p006__b00,crop,10.31695_ijasre.2024.1.1__3b05f907__p006__b00,10.31695_ijasre.2024.1.1,10.31695_ijasre.2024.1.1.pdf,Computer Science,6,0,Computer Science/10.31695_ijasre.2024.1.1/crops/10.31695_ijasre.2024.1.1__3b05f907__p006__b00.png
10.58496_bjml_2024_007__720f3001__p005__b00,crop,10.58496_bjml_2024_007__720f3001__p005__b00,10.58496_bjml_2024_007,10.58496_bjml_2024_007.pdf,Computer Science,5,0,Computer Science/10.58496_bjml_2024_007/crops/10.58496_bjml_2024_007__720f3001__p005__b00.png
10.61603_ceas.v2i1.33__639acd23__p002__b00,crop,10.61603_ceas.v2i1.33__639acd23__p002__b00,10.61603_ceas.v2i1.33,10.61603_ceas.v2i1.33.pdf,Computer Science,2,0,Computer Science/10.61603_ceas.v2i1.33/crops/10.61603_ceas.v2i1.33__639acd23__p002__b00.png
10.61603_ceas.v2i1.33__639acd23__p004__b00,crop,10.61603_ceas.v2i1.33__639acd23__p004__b00,10.61603_ceas.v2i1.33,10.61603_ceas.v2i1.33.pdf,Computer Science,4,0,Computer Science/10.61603_ceas.v2i1.33/crops/10.61603_ceas.v2i1.33__639acd23__p004__b00.png
10.61603_ceas.v2i1.33__639acd23__p004__b01,crop,10.61603_ceas.v2i1.33__639acd23__p004__b01,10.61603_ceas.v2i1.33,10.61603_ceas.v2i1.33.pdf,Computer Science,4,1,Computer Science/10.61603_ceas.v2i1.33/crops/10.61603_ceas.v2i1.33__639acd23__p004__b01.png
10.61603_ceas.v2i1.33__639acd23__p005__b00,crop,10.61603_ceas.v2i1.33__639acd23__p005__b00,10.61603_ceas.v2i1.33,10.61603_ceas.v2i1.33.pdf,Computer Science,5,0,Computer Science/10.61603_ceas.v2i1.33/crops/10.61603_ceas.v2i1.33__639acd23__p005__b00.png
10.61603_ceas.v2i1.33__639acd23__p005__b01,crop,10.61603_ceas.v2i1.33__639acd23__p005__b01,10.61603_ceas.v2i1.33,10.61603_ceas.v2i1.33.pdf,Computer Science,5,1,Computer Science/10.61603_ceas.v2i1.33/crops/10.61603_ceas.v2i1.33__639acd23__p005__b01.png
10.61603_ceas.v2i1.33__639acd23__p005__b02,crop,10.61603_ceas.v2i1.33__639acd23__p005__b02,10.61603_ceas.v2i1.33,10.61603_ceas.v2i1.33.pdf,Computer Science,5,2,Computer Science/10.61603_ceas.v2i1.33/crops/10.61603_ceas.v2i1.33__639acd23__p005__b02.png
10.61603_ceas.v2i1.33__639acd23__p005__b03,crop,10.61603_ceas.v2i1.33__639acd23__p005__b03,10.61603_ceas.v2i1.33,10.61603_ceas.v2i1.33.pdf,Computer Science,5,3,Computer Science/10.61603_ceas.v2i1.33/crops/10.61603_ceas.v2i1.33__639acd23__p005__b03.png
10.61603_ceas.v2i1.33__639acd23__p005__b04,crop,10.61603_ceas.v2i1.33__639acd23__p005__b04,10.61603_ceas.v2i1.33,10.61603_ceas.v2i1.33.pdf,Computer Science,5,4,Computer Science/10.61603_ceas.v2i1.33/crops/10.61603_ceas.v2i1.33__639acd23__p005__b04.png
10.61603_ceas.v2i1.33__639acd23__p006__b00,crop,10.61603_ceas.v2i1.33__639acd23__p006__b00,10.61603_ceas.v2i1.33,10.61603_ceas.v2i1.33.pdf,Computer Science,6,0,Computer Science/10.61603_ceas.v2i1.33/crops/10.61603_ceas.v2i1.33__639acd23__p006__b00.png
10.1038_s41467-023-43532-4__019d8162__p002__b00,crop,10.1038_s41467-023-43532-4__019d8162__p002__b00,10.1038_s41467-023-43532-4,10.1038_s41467-023-43532-4.pdf,Earth and Planetary Sciences,2,0,Earth and Planetary Sciences/10.1038_s41467-023-43532-4/crops/10.1038_s41467-023-43532-4__019d8162__p002__b00.png
10.1038_s41467-023-43532-4__019d8162__p002__b01,crop,10.1038_s41467-023-43532-4__019d8162__p002__b01,10.1038_s41467-023-43532-4,10.1038_s41467-023-43532-4.pdf,Earth and Planetary Sciences,2,1,Earth and Planetary Sciences/10.1038_s41467-023-43532-4/crops/10.1038_s41467-023-43532-4__019d8162__p002__b01.png
10.1038_s41467-023-43532-4__019d8162__p002__b02,crop,10.1038_s41467-023-43532-4__019d8162__p002__b02,10.1038_s41467-023-43532-4,10.1038_s41467-023-43532-4.pdf,Earth and Planetary Sciences,2,2,Earth and Planetary Sciences/10.1038_s41467-023-43532-4/crops/10.1038_s41467-023-43532-4__019d8162__p002__b02.png
10.1038_s41467-023-43532-4__019d8162__p002__b03,crop,10.1038_s41467-023-43532-4__019d8162__p002__b03,10.1038_s41467-023-43532-4,10.1038_s41467-023-43532-4.pdf,Earth and Planetary Sciences,2,3,Earth and Planetary Sciences/10.1038_s41467-023-43532-4/crops/10.1038_s41467-023-43532-4__019d8162__p002__b03.png
10.1038_s41467-023-43532-4__019d8162__p002__b04,crop,10.1038_s41467-023-43532-4__019d8162__p002__b04,10.1038_s41467-023-43532-4,10.1038_s41467-023-43532-4.pdf,Earth and Planetary Sciences,2,4,Earth and Planetary Sciences/10.1038_s41467-023-43532-4/crops/10.1038_s41467-023-43532-4__019d8162__p002__b04.png
10.1038_s41467-023-43532-4__019d8162__p002__b05,crop,10.1038_s41467-023-43532-4__019d8162__p002__b05,10.1038_s41467-023-43532-4,10.1038_s41467-023-43532-4.pdf,Earth and Planetary Sciences,2,5,Earth and Planetary Sciences/10.1038_s41467-023-43532-4/crops/10.1038_s41467-023-43532-4__019d8162__p002__b05.png
10.1038_s41467-023-43532-4__019d8162__p003__b00,crop,10.1038_s41467-023-43532-4__019d8162__p003__b00,10.1038_s41467-023-43532-4,10.1038_s41467-023-43532-4.pdf,Earth and Planetary Sciences,3,0,Earth and Planetary Sciences/10.1038_s41467-023-43532-4/crops/10.1038_s41467-023-43532-4__019d8162__p003__b00.png
10.1038_s41467-023-43532-4__019d8162__p003__b01,crop,10.1038_s41467-023-43532-4__019d8162__p003__b01,10.1038_s41467-023-43532-4,10.1038_s41467-023-43532-4.pdf,Earth and Planetary Sciences,3,1,Earth and Planetary Sciences/10.1038_s41467-023-43532-4/crops/10.1038_s41467-023-43532-4__019d8162__p003__b01.png
10.1038_s41467-023-43532-4__019d8162__p003__b02,crop,10.1038_s41467-023-43532-4__019d8162__p003__b02,10.1038_s41467-023-43532-4,10.1038_s41467-023-43532-4.pdf,Earth and Planetary Sciences,3,2,Earth and Planetary Sciences/10.1038_s41467-023-43532-4/crops/10.1038_s41467-023-43532-4__019d8162__p003__b02.png
10.1038_s41467-023-43532-4__019d8162__p004__b00,crop,10.1038_s41467-023-43532-4__019d8162__p004__b00,10.1038_s41467-023-43532-4,10.1038_s41467-023-43532-4.pdf,Earth and Planetary Sciences,4,0,Earth and Planetary Sciences/10.1038_s41467-023-43532-4/crops/10.1038_s41467-023-43532-4__019d8162__p004__b00.png
10.1038_s41467-023-43532-4__019d8162__p004__b01,crop,10.1038_s41467-023-43532-4__019d8162__p004__b01,10.1038_s41467-023-43532-4,10.1038_s41467-023-43532-4.pdf,Earth and Planetary Sciences,4,1,Earth and Planetary Sciences/10.1038_s41467-023-43532-4/crops/10.1038_s41467-023-43532-4__019d8162__p004__b01.png
10.1038_s41467-023-43532-4__019d8162__p004__b02,crop,10.1038_s41467-023-43532-4__019d8162__p004__b02,10.1038_s41467-023-43532-4,10.1038_s41467-023-43532-4.pdf,Earth and Planetary Sciences,4,2,Earth and Planetary Sciences/10.1038_s41467-023-43532-4/crops/10.1038_s41467-023-43532-4__019d8162__p004__b02.png
10.1038_s41467-023-43532-4__019d8162__p005__b00,crop,10.1038_s41467-023-43532-4__019d8162__p005__b00,10.1038_s41467-023-43532-4,10.1038_s41467-023-43532-4.pdf,Earth and Planetary Sciences,5,0,Earth and Planetary Sciences/10.1038_s41467-023-43532-4/crops/10.1038_s41467-023-43532-4__019d8162__p005__b00.png
10.1038_s41467-023-43532-4__019d8162__p005__b01,crop,10.1038_s41467-023-43532-4__019d8162__p005__b01,10.1038_s41467-023-43532-4,10.1038_s41467-023-43532-4.pdf,Earth and Planetary Sciences,5,1,Earth and Planetary Sciences/10.1038_s41467-023-43532-4/crops/10.1038_s41467-023-43532-4__019d8162__p005__b01.png
10.1038_s41467-023-43532-4__019d8162__p005__b02,crop,10.1038_s41467-023-43532-4__019d8162__p005__b02,10.1038_s41467-023-43532-4,10.1038_s41467-023-43532-4.pdf,Earth and Planetary Sciences,5,2,Earth and Planetary Sciences/10.1038_s41467-023-43532-4/crops/10.1038_s41467-023-43532-4__019d8162__p005__b02.png
10.1038_s43247-024-01761-5__8acad1a5__p002__b00,crop,10.1038_s43247-024-01761-5__8acad1a5__p002__b00,10.1038_s43247-024-01761-5,10.1038_s43247-024-01761-5.pdf,Earth and Planetary Sciences,2,0,Earth and Planetary Sciences/10.1038_s43247-024-01761-5/crops/10.1038_s43247-024-01761-5__8acad1a5__p002__b00.png
10.1038_s43247-024-01761-5__8acad1a5__p003__b00,crop,10.1038_s43247-024-01761-5__8acad1a5__p003__b00,10.1038_s43247-024-01761-5,10.1038_s43247-024-01761-5.pdf,Earth and Planetary Sciences,3,0,Earth and Planetary Sciences/10.1038_s43247-024-01761-5/crops/10.1038_s43247-024-01761-5__8acad1a5__p003__b00.png
10.1038_s43247-024-01761-5__8acad1a5__p003__b01,crop,10.1038_s43247-024-01761-5__8acad1a5__p003__b01,10.1038_s43247-024-01761-5,10.1038_s43247-024-01761-5.pdf,Earth and Planetary Sciences,3,1,Earth and Planetary Sciences/10.1038_s43247-024-01761-5/crops/10.1038_s43247-024-01761-5__8acad1a5__p003__b01.png
10.1126_sciadv.adt5369__26c6daf0__p001__b00,crop,10.1126_sciadv.adt5369__26c6daf0__p001__b00,10.1126_sciadv.adt5369,10.1126_sciadv.adt5369.pdf,Earth and Planetary Sciences,1,0,Earth and Planetary Sciences/10.1126_sciadv.adt5369/crops/10.1126_sciadv.adt5369__26c6daf0__p001__b00.png
10.1126_sciadv.adt5369__26c6daf0__p003__b00,crop,10.1126_sciadv.adt5369__26c6daf0__p003__b00,10.1126_sciadv.adt5369,10.1126_sciadv.adt5369.pdf,Earth and Planetary Sciences,3,0,Earth and Planetary Sciences/10.1126_sciadv.adt5369/crops/10.1126_sciadv.adt5369__26c6daf0__p003__b00.png
10.1175_jcli-d-23-0479.1__b829941e__p002__b00,crop,10.1175_jcli-d-23-0479.1__b829941e__p002__b00,10.1175_jcli-d-23-0479.1,10.1175_jcli-d-23-0479.1.pdf,Earth and Planetary Sciences,2,0,Earth and Planetary Sciences/10.1175_jcli-d-23-0479.1/crops/10.1175_jcli-d-23-0479.1__b829941e__p002__b00.png
10.1175_jcli-d-23-0479.1__b829941e__p004__b00,crop,10.1175_jcli-d-23-0479.1__b829941e__p004__b00,10.1175_jcli-d-23-0479.1,10.1175_jcli-d-23-0479.1.pdf,Earth and Planetary Sciences,4,0,Earth and Planetary Sciences/10.1175_jcli-d-23-0479.1/crops/10.1175_jcli-d-23-0479.1__b829941e__p004__b00.png
10.1175_jcli-d-23-0479.1__b829941e__p005__b00,crop,10.1175_jcli-d-23-0479.1__b829941e__p005__b00,10.1175_jcli-d-23-0479.1,10.1175_jcli-d-23-0479.1.pdf,Earth and Planetary Sciences,5,0,Earth and Planetary Sciences/10.1175_jcli-d-23-0479.1/crops/10.1175_jcli-d-23-0479.1__b829941e__p005__b00.png
10.1175_jcli-d-23-0479.1__b829941e__p006__b00,crop,10.1175_jcli-d-23-0479.1__b829941e__p006__b00,10.1175_jcli-d-23-0479.1,10.1175_jcli-d-23-0479.1.pdf,Earth and Planetary Sciences,6,0,Earth and Planetary Sciences/10.1175_jcli-d-23-0479.1/crops/10.1175_jcli-d-23-0479.1__b829941e__p006__b00.png
10.1175_jcli-d-23-0479.1__b829941e__p006__b01,crop,10.1175_jcli-d-23-0479.1__b829941e__p006__b01,10.1175_jcli-d-23-0479.1,10.1175_jcli-d-23-0479.1.pdf,Earth and Planetary Sciences,6,1,Earth and Planetary Sciences/10.1175_jcli-d-23-0479.1/crops/10.1175_jcli-d-23-0479.1__b829941e__p006__b01.png
10.1175_jcli-d-23-0479.1__b829941e__p007__b00,crop,10.1175_jcli-d-23-0479.1__b829941e__p007__b00,10.1175_jcli-d-23-0479.1,10.1175_jcli-d-23-0479.1.pdf,Earth and Planetary Sciences,7,0,Earth and Planetary Sciences/10.1175_jcli-d-23-0479.1/crops/10.1175_jcli-d-23-0479.1__b829941e__p007__b00.png
10.1175_jcli-d-23-0479.1__b829941e__p007__b01,crop,10.1175_jcli-d-23-0479.1__b829941e__p007__b01,10.1175_jcli-d-23-0479.1,10.1175_jcli-d-23-0479.1.pdf,Earth and Planetary Sciences,7,1,Earth and Planetary Sciences/10.1175_jcli-d-23-0479.1/crops/10.1175_jcli-d-23-0479.1__b829941e__p007__b01.png
10.1175_jcli-d-23-0479.1__b829941e__p007__b02,crop,10.1175_jcli-d-23-0479.1__b829941e__p007__b02,10.1175_jcli-d-23-0479.1,10.1175_jcli-d-23-0479.1.pdf,Earth and Planetary Sciences,7,2,Earth and Planetary Sciences/10.1175_jcli-d-23-0479.1/crops/10.1175_jcli-d-23-0479.1__b829941e__p007__b02.png
10.1175_jcli-d-23-0479.1__b829941e__p007__b03,crop,10.1175_jcli-d-23-0479.1__b829941e__p007__b03,10.1175_jcli-d-23-0479.1,10.1175_jcli-d-23-0479.1.pdf,Earth and Planetary Sciences,7,3,Earth and Planetary Sciences/10.1175_jcli-d-23-0479.1/crops/10.1175_jcli-d-23-0479.1__b829941e__p007__b03.png
10.1175_jcli-d-23-0479.1__b829941e__p008__b00,crop,10.1175_jcli-d-23-0479.1__b829941e__p008__b00,10.1175_jcli-d-23-0479.1,10.1175_jcli-d-23-0479.1.pdf,Earth and Planetary Sciences,8,0,Earth and Planetary Sciences/10.1175_jcli-d-23-0479.1/crops/10.1175_jcli-d-23-0479.1__b829941e__p008__b00.png
10.1175_jcli-d-23-0479.1__b829941e__p008__b01,crop,10.1175_jcli-d-23-0479.1__b829941e__p008__b01,10.1175_jcli-d-23-0479.1,10.1175_jcli-d-23-0479.1.pdf,Earth and Planetary Sciences,8,1,Earth and Planetary Sciences/10.1175_jcli-d-23-0479.1/crops/10.1175_jcli-d-23-0479.1__b829941e__p008__b01.png
10.1175_jcli-d-23-0479.1__b829941e__p009__b00,crop,10.1175_jcli-d-23-0479.1__b829941e__p009__b00,10.1175_jcli-d-23-0479.1,10.1175_jcli-d-23-0479.1.pdf,Earth and Planetary Sciences,9,0,Earth and Planetary Sciences/10.1175_jcli-d-23-0479.1/crops/10.1175_jcli-d-23-0479.1__b829941e__p009__b00.png
10.1175_jcli-d-23-0479.1__b829941e__p009__b01,crop,10.1175_jcli-d-23-0479.1__b829941e__p009__b01,10.1175_jcli-d-23-0479.1,10.1175_jcli-d-23-0479.1.pdf,Earth and Planetary Sciences,9,1,Earth and Planetary Sciences/10.1175_jcli-d-23-0479.1/crops/10.1175_jcli-d-23-0479.1__b829941e__p009__b01.png
10.3389_fclim.2024.1506181__f1e11bb7__p003__b00,crop,10.3389_fclim.2024.1506181__f1e11bb7__p003__b00,10.3389_fclim.2024.1506181,10.3389_fclim.2024.1506181.pdf,Earth and Planetary Sciences,3,0,Earth and Planetary Sciences/10.3389_fclim.2024.1506181/crops/10.3389_fclim.2024.1506181__f1e11bb7__p003__b00.png
10.3389_fclim.2024.1506181__f1e11bb7__p004__b00,crop,10.3389_fclim.2024.1506181__f1e11bb7__p004__b00,10.3389_fclim.2024.1506181,10.3389_fclim.2024.1506181.pdf,Earth and Planetary Sciences,4,0,Earth and Planetary Sciences/10.3389_fclim.2024.1506181/crops/10.3389_fclim.2024.1506181__f1e11bb7__p004__b00.png
10.3389_fclim.2024.1506181__f1e11bb7__p004__b01,crop,10.3389_fclim.2024.1506181__f1e11bb7__p004__b01,10.3389_fclim.2024.1506181,10.3389_fclim.2024.1506181.pdf,Earth and Planetary Sciences,4,1,Earth and Planetary Sciences/10.3389_fclim.2024.1506181/crops/10.3389_fclim.2024.1506181__f1e11bb7__p004__b01.png
10.3389_fclim.2024.1506181__f1e11bb7__p005__b00,crop,10.3389_fclim.2024.1506181__f1e11bb7__p005__b00,10.3389_fclim.2024.1506181,10.3389_fclim.2024.1506181.pdf,Earth and Planetary Sciences,5,0,Earth and Planetary Sciences/10.3389_fclim.2024.1506181/crops/10.3389_fclim.2024.1506181__f1e11bb7__p005__b00.png
10.3389_fmars.2023.1125137__dd3ccb74__p001__b00,crop,10.3389_fmars.2023.1125137__dd3ccb74__p001__b00,10.3389_fmars.2023.1125137,10.3389_fmars.2023.1125137.pdf,Earth and Planetary Sciences,1,0,Earth and Planetary Sciences/10.3389_fmars.2023.1125137/crops/10.3389_fmars.2023.1125137__dd3ccb74__p001__b00.png
10.3389_fmars.2023.1125137__dd3ccb74__p005__b00,crop,10.3389_fmars.2023.1125137__dd3ccb74__p005__b00,10.3389_fmars.2023.1125137,10.3389_fmars.2023.1125137.pdf,Earth and Planetary Sciences,5,0,Earth and Planetary Sciences/10.3389_fmars.2023.1125137/crops/10.3389_fmars.2023.1125137__dd3ccb74__p005__b00.png
10.3389_fmars.2023.1125137__dd3ccb74__p005__b01,crop,10.3389_fmars.2023.1125137__dd3ccb74__p005__b01,10.3389_fmars.2023.1125137,10.3389_fmars.2023.1125137.pdf,Earth and Planetary Sciences,5,1,Earth and Planetary Sciences/10.3389_fmars.2023.1125137/crops/10.3389_fmars.2023.1125137__dd3ccb74__p005__b01.png
10.3389_fmars.2023.1125137__dd3ccb74__p007__b00,crop,10.3389_fmars.2023.1125137__dd3ccb74__p007__b00,10.3389_fmars.2023.1125137,10.3389_fmars.2023.1125137.pdf,Earth and Planetary Sciences,7,0,Earth and Planetary Sciences/10.3389_fmars.2023.1125137/crops/10.3389_fmars.2023.1125137__dd3ccb74__p007__b00.png
10.3389_fmars.2023.1125137__dd3ccb74__p007__b01,crop,10.3389_fmars.2023.1125137__dd3ccb74__p007__b01,10.3389_fmars.2023.1125137,10.3389_fmars.2023.1125137.pdf,Earth and Planetary Sciences,7,1,Earth and Planetary Sciences/10.3389_fmars.2023.1125137/crops/10.3389_fmars.2023.1125137__dd3ccb74__p007__b01.png
10.3389_fmars.2023.1125137__dd3ccb74__p007__b02,crop,10.3389_fmars.2023.1125137__dd3ccb74__p007__b02,10.3389_fmars.2023.1125137,10.3389_fmars.2023.1125137.pdf,Earth and Planetary Sciences,7,2,Earth and Planetary Sciences/10.3389_fmars.2023.1125137/crops/10.3389_fmars.2023.1125137__dd3ccb74__p007__b02.png
10.3389_fmars.2023.1125137__dd3ccb74__p008__b00,crop,10.3389_fmars.2023.1125137__dd3ccb74__p008__b00,10.3389_fmars.2023.1125137,10.3389_fmars.2023.1125137.pdf,Earth and Planetary Sciences,8,0,Earth and Planetary Sciences/10.3389_fmars.2023.1125137/crops/10.3389_fmars.2023.1125137__dd3ccb74__p008__b00.png
10.3389_fmars.2023.1125137__dd3ccb74__p008__b01,crop,10.3389_fmars.2023.1125137__dd3ccb74__p008__b01,10.3389_fmars.2023.1125137,10.3389_fmars.2023.1125137.pdf,Earth and Planetary Sciences,8,1,Earth and Planetary Sciences/10.3389_fmars.2023.1125137/crops/10.3389_fmars.2023.1125137__dd3ccb74__p008__b01.png
10.3389_fmars.2023.1125137__dd3ccb74__p009__b00,crop,10.3389_fmars.2023.1125137__dd3ccb74__p009__b00,10.3389_fmars.2023.1125137,10.3389_fmars.2023.1125137.pdf,Earth and Planetary Sciences,9,0,Earth and Planetary Sciences/10.3389_fmars.2023.1125137/crops/10.3389_fmars.2023.1125137__dd3ccb74__p009__b00.png
10.3389_fmars.2023.1125137__dd3ccb74__p009__b01,crop,10.3389_fmars.2023.1125137__dd3ccb74__p009__b01,10.3389_fmars.2023.1125137,10.3389_fmars.2023.1125137.pdf,Earth and Planetary Sciences,9,1,Earth and Planetary Sciences/10.3389_fmars.2023.1125137/crops/10.3389_fmars.2023.1125137__dd3ccb74__p009__b01.png
10.3389_fmars.2024.1481734__fdaf4518__p003__b00,crop,10.3389_fmars.2024.1481734__fdaf4518__p003__b00,10.3389_fmars.2024.1481734,10.3389_fmars.2024.1481734.pdf,Earth and Planetary Sciences,3,0,Earth and Planetary Sciences/10.3389_fmars.2024.1481734/crops/10.3389_fmars.2024.1481734__fdaf4518__p003__b00.png
10.3389_fmars.2024.1481734__fdaf4518__p004__b00,crop,10.3389_fmars.2024.1481734__fdaf4518__p004__b00,10.3389_fmars.2024.1481734,10.3389_fmars.2024.1481734.pdf,Earth and Planetary Sciences,4,0,Earth and Planetary Sciences/10.3389_fmars.2024.1481734/crops/10.3389_fmars.2024.1481734__fdaf4518__p004__b00.png
10.3389_fmars.2024.1481734__fdaf4518__p004__b01,crop,10.3389_fmars.2024.1481734__fdaf4518__p004__b01,10.3389_fmars.2024.1481734,10.3389_fmars.2024.1481734.pdf,Earth and Planetary Sciences,4,1,Earth and Planetary Sciences/10.3389_fmars.2024.1481734/crops/10.3389_fmars.2024.1481734__fdaf4518__p004__b01.png
10.3389_fmars.2024.1481734__fdaf4518__p005__b00,crop,10.3389_fmars.2024.1481734__fdaf4518__p005__b00,10.3389_fmars.2024.1481734,10.3389_fmars.2024.1481734.pdf,Earth and Planetary Sciences,5,0,Earth and Planetary Sciences/10.3389_fmars.2024.1481734/crops/10.3389_fmars.2024.1481734__fdaf4518__p005__b00.png
10.3389_fmars.2024.1481734__fdaf4518__p005__b01,crop,10.3389_fmars.2024.1481734__fdaf4518__p005__b01,10.3389_fmars.2024.1481734,10.3389_fmars.2024.1481734.pdf,Earth and Planetary Sciences,5,1,Earth and Planetary Sciences/10.3389_fmars.2024.1481734/crops/10.3389_fmars.2024.1481734__fdaf4518__p005__b01.png
10.3389_fmars.2024.1481734__fdaf4518__p006__b00,crop,10.3389_fmars.2024.1481734__fdaf4518__p006__b00,10.3389_fmars.2024.1481734,10.3389_fmars.2024.1481734.pdf,Earth and Planetary Sciences,6,0,Earth and Planetary Sciences/10.3389_fmars.2024.1481734/crops/10.3389_fmars.2024.1481734__fdaf4518__p006__b00.png
10.3389_fmars.2024.1481734__fdaf4518__p006__b01,crop,10.3389_fmars.2024.1481734__fdaf4518__p006__b01,10.3389_fmars.2024.1481734,10.3389_fmars.2024.1481734.pdf,Earth and Planetary Sciences,6,1,Earth and Planetary Sciences/10.3389_fmars.2024.1481734/crops/10.3389_fmars.2024.1481734__fdaf4518__p006__b01.png
10.3389_fmars.2024.1481734__fdaf4518__p006__b02,crop,10.3389_fmars.2024.1481734__fdaf4518__p006__b02,10.3389_fmars.2024.1481734,10.3389_fmars.2024.1481734.pdf,Earth and Planetary Sciences,6,2,Earth and Planetary Sciences/10.3389_fmars.2024.1481734/crops/10.3389_fmars.2024.1481734__fdaf4518__p006__b02.png
10.3389_fmars.2024.1481734__fdaf4518__p006__b03,crop,10.3389_fmars.2024.1481734__fdaf4518__p006__b03,10.3389_fmars.2024.1481734,10.3389_fmars.2024.1481734.pdf,Earth and Planetary Sciences,6,3,Earth and Planetary Sciences/10.3389_fmars.2024.1481734/crops/10.3389_fmars.2024.1481734__fdaf4518__p006__b03.png
10.3389_fmars.2024.1481734__fdaf4518__p007__b00,crop,10.3389_fmars.2024.1481734__fdaf4518__p007__b00,10.3389_fmars.2024.1481734,10.3389_fmars.2024.1481734.pdf,Earth and Planetary Sciences,7,0,Earth and Planetary Sciences/10.3389_fmars.2024.1481734/crops/10.3389_fmars.2024.1481734__fdaf4518__p007__b00.png
10.3389_fmars.2024.1481734__fdaf4518__p007__b01,crop,10.3389_fmars.2024.1481734__fdaf4518__p007__b01,10.3389_fmars.2024.1481734,10.3389_fmars.2024.1481734.pdf,Earth and Planetary Sciences,7,1,Earth and Planetary Sciences/10.3389_fmars.2024.1481734/crops/10.3389_fmars.2024.1481734__fdaf4518__p007__b01.png
10.3389_fmars.2024.1481734__fdaf4518__p007__b02,crop,10.3389_fmars.2024.1481734__fdaf4518__p007__b02,10.3389_fmars.2024.1481734,10.3389_fmars.2024.1481734.pdf,Earth and Planetary Sciences,7,2,Earth and Planetary Sciences/10.3389_fmars.2024.1481734/crops/10.3389_fmars.2024.1481734__fdaf4518__p007__b02.png
10.3389_fmars.2024.1481734__fdaf4518__p008__b00,crop,10.3389_fmars.2024.1481734__fdaf4518__p008__b00,10.3389_fmars.2024.1481734,10.3389_fmars.2024.1481734.pdf,Earth and Planetary Sciences,8,0,Earth and Planetary Sciences/10.3389_fmars.2024.1481734/crops/10.3389_fmars.2024.1481734__fdaf4518__p008__b00.png
10.3389_fmars.2024.1481734__fdaf4518__p008__b01,crop,10.3389_fmars.2024.1481734__fdaf4518__p008__b01,10.3389_fmars.2024.1481734,10.3389_fmars.2024.1481734.pdf,Earth and Planetary Sciences,8,1,Earth and Planetary Sciences/10.3389_fmars.2024.1481734/crops/10.3389_fmars.2024.1481734__fdaf4518__p008__b01.png
10.3389_fmars.2024.1481734__fdaf4518__p008__b02,crop,10.3389_fmars.2024.1481734__fdaf4518__p008__b02,10.3389_fmars.2024.1481734,10.3389_fmars.2024.1481734.pdf,Earth and Planetary Sciences,8,2,Earth and Planetary Sciences/10.3389_fmars.2024.1481734/crops/10.3389_fmars.2024.1481734__fdaf4518__p008__b02.png
Improving_topside_ionospheric_empirical_model_usin__p003__b00,crop,Improving_topside_ionospheric_empirical_model_usin__p003__b00,Improving_topside_ionospheric_empirical_model_usin,Improving_topside_ionospheric_empirical_model_usin.pdf,Earth and Planetary Sciences,3,0,Earth and Planetary Sciences/Improving_topside_ionospheric_empirical_model_usin/crops/Improving_topside_ionospheric_empirical_model_usin__p003__b00.png
Improving_topside_ionospheric_empirical_model_usin__p005__b00,crop,Improving_topside_ionospheric_empirical_model_usin__p005__b00,Improving_topside_ionospheric_empirical_model_usin,Improving_topside_ionospheric_empirical_model_usin.pdf,Earth and Planetary Sciences,5,0,Earth and Planetary Sciences/Improving_topside_ionospheric_empirical_model_usin/crops/Improving_topside_ionospheric_empirical_model_usin__p005__b00.png
Improving_topside_ionospheric_empirical_model_usin__p005__b01,crop,Improving_topside_ionospheric_empirical_model_usin__p005__b01,Improving_topside_ionospheric_empirical_model_usin,Improving_topside_ionospheric_empirical_model_usin.pdf,Earth and Planetary Sciences,5,1,Earth and Planetary Sciences/Improving_topside_ionospheric_empirical_model_usin/crops/Improving_topside_ionospheric_empirical_model_usin__p005__b01.png
Improving_topside_ionospheric_empirical_model_usin__p005__b02,crop,Improving_topside_ionospheric_empirical_model_usin__p005__b02,Improving_topside_ionospheric_empirical_model_usin,Improving_topside_ionospheric_empirical_model_usin.pdf,Earth and Planetary Sciences,5,2,Earth and Planetary Sciences/Improving_topside_ionospheric_empirical_model_usin/crops/Improving_topside_ionospheric_empirical_model_usin__p005__b02.png
Improving_topside_ionospheric_empirical_model_usin__p005__b03,crop,Improving_topside_ionospheric_empirical_model_usin__p005__b03,Improving_topside_ionospheric_empirical_model_usin,Improving_topside_ionospheric_empirical_model_usin.pdf,Earth and Planetary Sciences,5,3,Earth and Planetary Sciences/Improving_topside_ionospheric_empirical_model_usin/crops/Improving_topside_ionospheric_empirical_model_usin__p005__b03.png
Improving_topside_ionospheric_empirical_model_usin__p006__b00,crop,Improving_topside_ionospheric_empirical_model_usin__p006__b00,Improving_topside_ionospheric_empirical_model_usin,Improving_topside_ionospheric_empirical_model_usin.pdf,Earth and Planetary Sciences,6,0,Earth and Planetary Sciences/Improving_topside_ionospheric_empirical_model_usin/crops/Improving_topside_ionospheric_empirical_model_usin__p006__b00.png
Improving_topside_ionospheric_empirical_model_usin__p006__b01,crop,Improving_topside_ionospheric_empirical_model_usin__p006__b01,Improving_topside_ionospheric_empirical_model_usin,Improving_topside_ionospheric_empirical_model_usin.pdf,Earth and Planetary Sciences,6,1,Earth and Planetary Sciences/Improving_topside_ionospheric_empirical_model_usin/crops/Improving_topside_ionospheric_empirical_model_usin__p006__b01.png
Improving_topside_ionospheric_empirical_model_usin__p007__b00,crop,Improving_topside_ionospheric_empirical_model_usin__p007__b00,Improving_topside_ionospheric_empirical_model_usin,Improving_topside_ionospheric_empirical_model_usin.pdf,Earth and Planetary Sciences,7,0,Earth and Planetary Sciences/Improving_topside_ionospheric_empirical_model_usin/crops/Improving_topside_ionospheric_empirical_model_usin__p007__b00.png
Improving_topside_ionospheric_empirical_model_usin__p007__b01,crop,Improving_topside_ionospheric_empirical_model_usin__p007__b01,Improving_topside_ionospheric_empirical_model_usin,Improving_topside_ionospheric_empirical_model_usin.pdf,Earth and Planetary Sciences,7,1,Earth and Planetary Sciences/Improving_topside_ionospheric_empirical_model_usin/crops/Improving_topside_ionospheric_empirical_model_usin__p007__b01.png
Improving_topside_ionospheric_empirical_model_usin__p007__b02,crop,Improving_topside_ionospheric_empirical_model_usin__p007__b02,Improving_topside_ionospheric_empirical_model_usin,Improving_topside_ionospheric_empirical_model_usin.pdf,Earth and Planetary Sciences,7,2,Earth and Planetary Sciences/Improving_topside_ionospheric_empirical_model_usin/crops/Improving_topside_ionospheric_empirical_model_usin__p007__b02.png
Improving_topside_ionospheric_empirical_model_usin__p007__b03,crop,Improving_topside_ionospheric_empirical_model_usin__p007__b03,Improving_topside_ionospheric_empirical_model_usin,Improving_topside_ionospheric_empirical_model_usin.pdf,Earth and Planetary Sciences,7,3,Earth and Planetary Sciences/Improving_topside_ionospheric_empirical_model_usin/crops/Improving_topside_ionospheric_empirical_model_usin__p007__b03.png
Improving_topside_ionospheric_empirical_model_usin__p008__b00,crop,Improving_topside_ionospheric_empirical_model_usin__p008__b00,Improving_topside_ionospheric_empirical_model_usin,Improving_topside_ionospheric_empirical_model_usin.pdf,Earth and Planetary Sciences,8,0,Earth and Planetary Sciences/Improving_topside_ionospheric_empirical_model_usin/crops/Improving_topside_ionospheric_empirical_model_usin__p008__b00.png
Improving_topside_ionospheric_empirical_model_usin__p008__b01,crop,Improving_topside_ionospheric_empirical_model_usin__p008__b01,Improving_topside_ionospheric_empirical_model_usin,Improving_topside_ionospheric_empirical_model_usin.pdf,Earth and Planetary Sciences,8,1,Earth and Planetary Sciences/Improving_topside_ionospheric_empirical_model_usin/crops/Improving_topside_ionospheric_empirical_model_usin__p008__b01.png
Improving_topside_ionospheric_empirical_model_usin__p008__b02,crop,Improving_topside_ionospheric_empirical_model_usin__p008__b02,Improving_topside_ionospheric_empirical_model_usin,Improving_topside_ionospheric_empirical_model_usin.pdf,Earth and Planetary Sciences,8,2,Earth and Planetary Sciences/Improving_topside_ionospheric_empirical_model_usin/crops/Improving_topside_ionospheric_empirical_model_usin__p008__b02.png
Improving_topside_ionospheric_empirical_model_usin__p008__b03,crop,Improving_topside_ionospheric_empirical_model_usin__p008__b03,Improving_topside_ionospheric_empirical_model_usin,Improving_topside_ionospheric_empirical_model_usin.pdf,Earth and Planetary Sciences,8,3,Earth and Planetary Sciences/Improving_topside_ionospheric_empirical_model_usin/crops/Improving_topside_ionospheric_empirical_model_usin__p008__b03.png
Improving_topside_ionospheric_empirical_model_usin__p008__b04,crop,Improving_topside_ionospheric_empirical_model_usin__p008__b04,Improving_topside_ionospheric_empirical_model_usin,Improving_topside_ionospheric_empirical_model_usin.pdf,Earth and Planetary Sciences,8,4,Earth and Planetary Sciences/Improving_topside_ionospheric_empirical_model_usin/crops/Improving_topside_ionospheric_empirical_model_usin__p008__b04.png
Improving_topside_ionospheric_empirical_model_usin__p008__b05,crop,Improving_topside_ionospheric_empirical_model_usin__p008__b05,Improving_topside_ionospheric_empirical_model_usin,Improving_topside_ionospheric_empirical_model_usin.pdf,Earth and Planetary Sciences,8,5,Earth and Planetary Sciences/Improving_topside_ionospheric_empirical_model_usin/crops/Improving_topside_ionospheric_empirical_model_usin__p008__b05.png
Improving_topside_ionospheric_empirical_model_usin__p008__b06,crop,Improving_topside_ionospheric_empirical_model_usin__p008__b06,Improving_topside_ionospheric_empirical_model_usin,Improving_topside_ionospheric_empirical_model_usin.pdf,Earth and Planetary Sciences,8,6,Earth and Planetary Sciences/Improving_topside_ionospheric_empirical_model_usin/crops/Improving_topside_ionospheric_empirical_model_usin__p008__b06.png
Improving_topside_ionospheric_empirical_model_usin__p009__b00,crop,Improving_topside_ionospheric_empirical_model_usin__p009__b00,Improving_topside_ionospheric_empirical_model_usin,Improving_topside_ionospheric_empirical_model_usin.pdf,Earth and Planetary Sciences,9,0,Earth and Planetary Sciences/Improving_topside_ionospheric_empirical_model_usin/crops/Improving_topside_ionospheric_empirical_model_usin__p009__b00.png
Improving_topside_ionospheric_empirical_model_usin__p009__b01,crop,Improving_topside_ionospheric_empirical_model_usin__p009__b01,Improving_topside_ionospheric_empirical_model_usin,Improving_topside_ionospheric_empirical_model_usin.pdf,Earth and Planetary Sciences,9,1,Earth and Planetary Sciences/Improving_topside_ionospheric_empirical_model_usin/crops/Improving_topside_ionospheric_empirical_model_usin__p009__b01.png
Improving_topside_ionospheric_empirical_model_usin__p009__b02,crop,Improving_topside_ionospheric_empirical_model_usin__p009__b02,Improving_topside_ionospheric_empirical_model_usin,Improving_topside_ionospheric_empirical_model_usin.pdf,Earth and Planetary Sciences,9,2,Earth and Planetary Sciences/Improving_topside_ionospheric_empirical_model_usin/crops/Improving_topside_ionospheric_empirical_model_usin__p009__b02.png
Improving_topside_ionospheric_empirical_model_usin__p009__b03,crop,Improving_topside_ionospheric_empirical_model_usin__p009__b03,Improving_topside_ionospheric_empirical_model_usin,Improving_topside_ionospheric_empirical_model_usin.pdf,Earth and Planetary Sciences,9,3,Earth and Planetary Sciences/Improving_topside_ionospheric_empirical_model_usin/crops/Improving_topside_ionospheric_empirical_model_usin__p009__b03.png
Improving_topside_ionospheric_empirical_model_usin__p009__b04,crop,Improving_topside_ionospheric_empirical_model_usin__p009__b04,Improving_topside_ionospheric_empirical_model_usin,Improving_topside_ionospheric_empirical_model_usin.pdf,Earth and Planetary Sciences,9,4,Earth and Planetary Sciences/Improving_topside_ionospheric_empirical_model_usin/crops/Improving_topside_ionospheric_empirical_model_usin__p009__b04.png
Improving_topside_ionospheric_empirical_model_usin__p009__b05,crop,Improving_topside_ionospheric_empirical_model_usin__p009__b05,Improving_topside_ionospheric_empirical_model_usin,Improving_topside_ionospheric_empirical_model_usin.pdf,Earth and Planetary Sciences,9,5,Earth and Planetary Sciences/Improving_topside_ionospheric_empirical_model_usin/crops/Improving_topside_ionospheric_empirical_model_usin__p009__b05.png
Improving_topside_ionospheric_empirical_model_usin__p010__b00,crop,Improving_topside_ionospheric_empirical_model_usin__p010__b00,Improving_topside_ionospheric_empirical_model_usin,Improving_topside_ionospheric_empirical_model_usin.pdf,Earth and Planetary Sciences,10,0,Earth and Planetary Sciences/Improving_topside_ionospheric_empirical_model_usin/crops/Improving_topside_ionospheric_empirical_model_usin__p010__b00.png
Improving_topside_ionospheric_empirical_model_usin__p010__b01,crop,Improving_topside_ionospheric_empirical_model_usin__p010__b01,Improving_topside_ionospheric_empirical_model_usin,Improving_topside_ionospheric_empirical_model_usin.pdf,Earth and Planetary Sciences,10,1,Earth and Planetary Sciences/Improving_topside_ionospheric_empirical_model_usin/crops/Improving_topside_ionospheric_empirical_model_usin__p010__b01.png
Improving_topside_ionospheric_empirical_model_usin__p010__b02,crop,Improving_topside_ionospheric_empirical_model_usin__p010__b02,Improving_topside_ionospheric_empirical_model_usin,Improving_topside_ionospheric_empirical_model_usin.pdf,Earth and Planetary Sciences,10,2,Earth and Planetary Sciences/Improving_topside_ionospheric_empirical_model_usin/crops/Improving_topside_ionospheric_empirical_model_usin__p010__b02.png
Improving_topside_ionospheric_empirical_model_usin__p010__b03,crop,Improving_topside_ionospheric_empirical_model_usin__p010__b03,Improving_topside_ionospheric_empirical_model_usin,Improving_topside_ionospheric_empirical_model_usin.pdf,Earth and Planetary Sciences,10,3,Earth and Planetary Sciences/Improving_topside_ionospheric_empirical_model_usin/crops/Improving_topside_ionospheric_empirical_model_usin__p010__b03.png
Improving_topside_ionospheric_empirical_model_usin__p010__b04,crop,Improving_topside_ionospheric_empirical_model_usin__p010__b04,Improving_topside_ionospheric_empirical_model_usin,Improving_topside_ionospheric_empirical_model_usin.pdf,Earth and Planetary Sciences,10,4,Earth and Planetary Sciences/Improving_topside_ionospheric_empirical_model_usin/crops/Improving_topside_ionospheric_empirical_model_usin__p010__b04.png
Improving_topside_ionospheric_empirical_model_usin__p010__b05,crop,Improving_topside_ionospheric_empirical_model_usin__p010__b05,Improving_topside_ionospheric_empirical_model_usin,Improving_topside_ionospheric_empirical_model_usin.pdf,Earth and Planetary Sciences,10,5,Earth and Planetary Sciences/Improving_topside_ionospheric_empirical_model_usin/crops/Improving_topside_ionospheric_empirical_model_usin__p010__b05.png
Improving_topside_ionospheric_empirical_model_usin__p011__b00,crop,Improving_topside_ionospheric_empirical_model_usin__p011__b00,Improving_topside_ionospheric_empirical_model_usin,Improving_topside_ionospheric_empirical_model_usin.pdf,Earth and Planetary Sciences,11,0,Earth and Planetary Sciences/Improving_topside_ionospheric_empirical_model_usin/crops/Improving_topside_ionospheric_empirical_model_usin__p011__b00.png
Improving_topside_ionospheric_empirical_model_usin__p011__b01,crop,Improving_topside_ionospheric_empirical_model_usin__p011__b01,Improving_topside_ionospheric_empirical_model_usin,Improving_topside_ionospheric_empirical_model_usin.pdf,Earth and Planetary Sciences,11,1,Earth and Planetary Sciences/Improving_topside_ionospheric_empirical_model_usin/crops/Improving_topside_ionospheric_empirical_model_usin__p011__b01.png
Improving_topside_ionospheric_empirical_model_usin__p011__b02,crop,Improving_topside_ionospheric_empirical_model_usin__p011__b02,Improving_topside_ionospheric_empirical_model_usin,Improving_topside_ionospheric_empirical_model_usin.pdf,Earth and Planetary Sciences,11,2,Earth and Planetary Sciences/Improving_topside_ionospheric_empirical_model_usin/crops/Improving_topside_ionospheric_empirical_model_usin__p011__b02.png
Improving_topside_ionospheric_empirical_model_usin__p011__b03,crop,Improving_topside_ionospheric_empirical_model_usin__p011__b03,Improving_topside_ionospheric_empirical_model_usin,Improving_topside_ionospheric_empirical_model_usin.pdf,Earth and Planetary Sciences,11,3,Earth and Planetary Sciences/Improving_topside_ionospheric_empirical_model_usin/crops/Improving_topside_ionospheric_empirical_model_usin__p011__b03.png
Improving_topside_ionospheric_empirical_model_usin__p011__b04,crop,Improving_topside_ionospheric_empirical_model_usin__p011__b04,Improving_topside_ionospheric_empirical_model_usin,Improving_topside_ionospheric_empirical_model_usin.pdf,Earth and Planetary Sciences,11,4,Earth and Planetary Sciences/Improving_topside_ionospheric_empirical_model_usin/crops/Improving_topside_ionospheric_empirical_model_usin__p011__b04.png
Improving_topside_ionospheric_empirical_model_usin__p011__b05,crop,Improving_topside_ionospheric_empirical_model_usin__p011__b05,Improving_topside_ionospheric_empirical_model_usin,Improving_topside_ionospheric_empirical_model_usin.pdf,Earth and Planetary Sciences,11,5,Earth and Planetary Sciences/Improving_topside_ionospheric_empirical_model_usin/crops/Improving_topside_ionospheric_empirical_model_usin__p011__b05.png
10.1186_s40807-024-00120-4__dfed31ec__p003__b00,crop,10.1186_s40807-024-00120-4__dfed31ec__p003__b00,10.1186_s40807-024-00120-4,10.1186_s40807-024-00120-4.pdf,Energy,3,0,Energy/10.1186_s40807-024-00120-4/crops/10.1186_s40807-024-00120-4__dfed31ec__p003__b00.png
10.1186_s40807-024-00120-4__dfed31ec__p006__b00,crop,10.1186_s40807-024-00120-4__dfed31ec__p006__b00,10.1186_s40807-024-00120-4,10.1186_s40807-024-00120-4.pdf,Energy,6,0,Energy/10.1186_s40807-024-00120-4/crops/10.1186_s40807-024-00120-4__dfed31ec__p006__b00.png
10.1186_s40807-024-00120-4__dfed31ec__p008__b00,crop,10.1186_s40807-024-00120-4__dfed31ec__p008__b00,10.1186_s40807-024-00120-4,10.1186_s40807-024-00120-4.pdf,Energy,8,0,Energy/10.1186_s40807-024-00120-4/crops/10.1186_s40807-024-00120-4__dfed31ec__p008__b00.png
10.1186_s40807-024-00120-4__dfed31ec__p012__b00,crop,10.1186_s40807-024-00120-4__dfed31ec__p012__b00,10.1186_s40807-024-00120-4,10.1186_s40807-024-00120-4.pdf,Energy,12,0,Energy/10.1186_s40807-024-00120-4/crops/10.1186_s40807-024-00120-4__dfed31ec__p012__b00.png
10.1186_s40807-024-00120-4__dfed31ec__p012__b01,crop,10.1186_s40807-024-00120-4__dfed31ec__p012__b01,10.1186_s40807-024-00120-4,10.1186_s40807-024-00120-4.pdf,Energy,12,1,Energy/10.1186_s40807-024-00120-4/crops/10.1186_s40807-024-00120-4__dfed31ec__p012__b01.png
10.1186_s40807-024-00120-4__dfed31ec__p013__b00,crop,10.1186_s40807-024-00120-4__dfed31ec__p013__b00,10.1186_s40807-024-00120-4,10.1186_s40807-024-00120-4.pdf,Energy,13,0,Energy/10.1186_s40807-024-00120-4/crops/10.1186_s40807-024-00120-4__dfed31ec__p013__b00.png
10.1186_s40807-024-00120-4__dfed31ec__p018__b00,crop,10.1186_s40807-024-00120-4__dfed31ec__p018__b00,10.1186_s40807-024-00120-4,10.1186_s40807-024-00120-4.pdf,Energy,18,0,Energy/10.1186_s40807-024-00120-4/crops/10.1186_s40807-024-00120-4__dfed31ec__p018__b00.png
10.1038_s41597-023-02898-2__d6eb9a85__p001__b00,crop,10.1038_s41597-023-02898-2__d6eb9a85__p001__b00,10.1038_s41597-023-02898-2,10.1038_s41597-023-02898-2.pdf,Engineering,1,0,Engineering/10.1038_s41597-023-02898-2/crops/10.1038_s41597-023-02898-2__d6eb9a85__p001__b00.png
10.1038_s41597-023-02898-2__d6eb9a85__p006__b00,crop,10.1038_s41597-023-02898-2__d6eb9a85__p006__b00,10.1038_s41597-023-02898-2,10.1038_s41597-023-02898-2.pdf,Engineering,6,0,Engineering/10.1038_s41597-023-02898-2/crops/10.1038_s41597-023-02898-2__d6eb9a85__p006__b00.png
10.1109_led.2024.3356361__a42fcf40__p001__b00,crop,10.1109_led.2024.3356361__a42fcf40__p001__b00,10.1109_led.2024.3356361,10.1109_led.2024.3356361.pdf,Engineering,1,0,Engineering/10.1109_led.2024.3356361/crops/10.1109_led.2024.3356361__a42fcf40__p001__b00.png
10.48084_etasr.12744__3ac612ad__p004__b00,crop,10.48084_etasr.12744__3ac612ad__p004__b00,10.48084_etasr.12744,10.48084_etasr.12744.pdf,Engineering,4,0,Engineering/10.48084_etasr.12744/crops/10.48084_etasr.12744__3ac612ad__p004__b00.png
10.48084_etasr.12744__3ac612ad__p004__b01,crop,10.48084_etasr.12744__3ac612ad__p004__b01,10.48084_etasr.12744,10.48084_etasr.12744.pdf,Engineering,4,1,Engineering/10.48084_etasr.12744/crops/10.48084_etasr.12744__3ac612ad__p004__b01.png
10.48084_etasr.12744__3ac612ad__p004__b02,crop,10.48084_etasr.12744__3ac612ad__p004__b02,10.48084_etasr.12744,10.48084_etasr.12744.pdf,Engineering,4,2,Engineering/10.48084_etasr.12744/crops/10.48084_etasr.12744__3ac612ad__p004__b02.png
10.48084_etasr.12744__3ac612ad__p005__b00,crop,10.48084_etasr.12744__3ac612ad__p005__b00,10.48084_etasr.12744,10.48084_etasr.12744.pdf,Engineering,5,0,Engineering/10.48084_etasr.12744/crops/10.48084_etasr.12744__3ac612ad__p005__b00.png
10.48084_etasr.12744__3ac612ad__p005__b01,crop,10.48084_etasr.12744__3ac612ad__p005__b01,10.48084_etasr.12744,10.48084_etasr.12744.pdf,Engineering,5,1,Engineering/10.48084_etasr.12744/crops/10.48084_etasr.12744__3ac612ad__p005__b01.png
10.58257_ijprems40411__719dc846__p002__b00,crop,10.58257_ijprems40411__719dc846__p002__b00,10.58257_ijprems40411,10.58257_ijprems40411.pdf,Engineering,2,0,Engineering/10.58257_ijprems40411/crops/10.58257_ijprems40411__719dc846__p002__b00.png
10.58257_ijprems40411__719dc846__p003__b00,crop,10.58257_ijprems40411__719dc846__p003__b00,10.58257_ijprems40411,10.58257_ijprems40411.pdf,Engineering,3,0,Engineering/10.58257_ijprems40411/crops/10.58257_ijprems40411__719dc846__p003__b00.png
10.58257_ijprems40411__719dc846__p003__b01,crop,10.58257_ijprems40411__719dc846__p003__b01,10.58257_ijprems40411,10.58257_ijprems40411.pdf,Engineering,3,1,Engineering/10.58257_ijprems40411/crops/10.58257_ijprems40411__719dc846__p003__b01.png
10.58257_ijprems40411__719dc846__p003__b02,crop,10.58257_ijprems40411__719dc846__p003__b02,10.58257_ijprems40411,10.58257_ijprems40411.pdf,Engineering,3,2,Engineering/10.58257_ijprems40411/crops/10.58257_ijprems40411__719dc846__p003__b02.png
10.58257_ijprems40411__719dc846__p004__b00,crop,10.58257_ijprems40411__719dc846__p004__b00,10.58257_ijprems40411,10.58257_ijprems40411.pdf,Engineering,4,0,Engineering/10.58257_ijprems40411/crops/10.58257_ijprems40411__719dc846__p004__b00.png
10.58257_ijprems40411__719dc846__p004__b01,crop,10.58257_ijprems40411__719dc846__p004__b01,10.58257_ijprems40411,10.58257_ijprems40411.pdf,Engineering,4,1,Engineering/10.58257_ijprems40411/crops/10.58257_ijprems40411__719dc846__p004__b01.png
10.58257_ijprems40411__719dc846__p004__b02,crop,10.58257_ijprems40411__719dc846__p004__b02,10.58257_ijprems40411,10.58257_ijprems40411.pdf,Engineering,4,2,Engineering/10.58257_ijprems40411/crops/10.58257_ijprems40411__719dc846__p004__b02.png
10.1007_s00338-024-02504-w__4b386863__p002__b00,crop,10.1007_s00338-024-02504-w__4b386863__p002__b00,10.1007_s00338-024-02504-w,10.1007_s00338-024-02504-w.pdf,Environmental Science,2,0,Environmental Science/10.1007_s00338-024-02504-w/crops/10.1007_s00338-024-02504-w__4b386863__p002__b00.png
10.1007_s00338-024-02504-w__4b386863__p002__b01,crop,10.1007_s00338-024-02504-w__4b386863__p002__b01,10.1007_s00338-024-02504-w,10.1007_s00338-024-02504-w.pdf,Environmental Science,2,1,Environmental Science/10.1007_s00338-024-02504-w/crops/10.1007_s00338-024-02504-w__4b386863__p002__b01.png
10.1007_s00338-024-02504-w__4b386863__p002__b02,crop,10.1007_s00338-024-02504-w__4b386863__p002__b02,10.1007_s00338-024-02504-w,10.1007_s00338-024-02504-w.pdf,Environmental Science,2,2,Environmental Science/10.1007_s00338-024-02504-w/crops/10.1007_s00338-024-02504-w__4b386863__p002__b02.png
10.1007_s10346-024-02451-1__574b2592__p006__b00,crop,10.1007_s10346-024-02451-1__574b2592__p006__b00,10.1007_s10346-024-02451-1,10.1007_s10346-024-02451-1.pdf,Environmental Science,6,0,Environmental Science/10.1007_s10346-024-02451-1/crops/10.1007_s10346-024-02451-1__574b2592__p006__b00.png
10.1007_s10346-024-02451-1__574b2592__p007__b00,crop,10.1007_s10346-024-02451-1__574b2592__p007__b00,10.1007_s10346-024-02451-1,10.1007_s10346-024-02451-1.pdf,Environmental Science,7,0,Environmental Science/10.1007_s10346-024-02451-1/crops/10.1007_s10346-024-02451-1__574b2592__p007__b00.png
10.1007_s10346-024-02451-1__574b2592__p008__b00,crop,10.1007_s10346-024-02451-1__574b2592__p008__b00,10.1007_s10346-024-02451-1,10.1007_s10346-024-02451-1.pdf,Environmental Science,8,0,Environmental Science/10.1007_s10346-024-02451-1/crops/10.1007_s10346-024-02451-1__574b2592__p008__b00.png
10.1007_s10346-024-02451-1__574b2592__p008__b01,crop,10.1007_s10346-024-02451-1__574b2592__p008__b01,10.1007_s10346-024-02451-1,10.1007_s10346-024-02451-1.pdf,Environmental Science,8,1,Environmental Science/10.1007_s10346-024-02451-1/crops/10.1007_s10346-024-02451-1__574b2592__p008__b01.png
10.1007_s10346-024-02451-1__574b2592__p011__b00,crop,10.1007_s10346-024-02451-1__574b2592__p011__b00,10.1007_s10346-024-02451-1,10.1007_s10346-024-02451-1.pdf,Environmental Science,11,0,Environmental Science/10.1007_s10346-024-02451-1/crops/10.1007_s10346-024-02451-1__574b2592__p011__b00.png
10.1038_s41538-023-00245-8__bd4d0777__p003__b00,crop,10.1038_s41538-023-00245-8__bd4d0777__p003__b00,10.1038_s41538-023-00245-8,10.1038_s41538-023-00245-8.pdf,Environmental Science,3,0,Environmental Science/10.1038_s41538-023-00245-8/crops/10.1038_s41538-023-00245-8__bd4d0777__p003__b00.png
10.1038_s41538-023-00245-8__bd4d0777__p005__b00,crop,10.1038_s41538-023-00245-8__bd4d0777__p005__b00,10.1038_s41538-023-00245-8,10.1038_s41538-023-00245-8.pdf,Environmental Science,5,0,Environmental Science/10.1038_s41538-023-00245-8/crops/10.1038_s41538-023-00245-8__bd4d0777__p005__b00.png
10.1038_s41538-023-00245-8__bd4d0777__p006__b00,crop,10.1038_s41538-023-00245-8__bd4d0777__p006__b00,10.1038_s41538-023-00245-8,10.1038_s41538-023-00245-8.pdf,Environmental Science,6,0,Environmental Science/10.1038_s41538-023-00245-8/crops/10.1038_s41538-023-00245-8__bd4d0777__p006__b00.png
10.1038_s41538-023-00245-8__bd4d0777__p008__b00,crop,10.1038_s41538-023-00245-8__bd4d0777__p008__b00,10.1038_s41538-023-00245-8,10.1038_s41538-023-00245-8.pdf,Environmental Science,8,0,Environmental Science/10.1038_s41538-023-00245-8/crops/10.1038_s41538-023-00245-8__bd4d0777__p008__b00.png
10.1038_s41558-024-01925-3__f2b9ee76__p003__b00,crop,10.1038_s41558-024-01925-3__f2b9ee76__p003__b00,10.1038_s41558-024-01925-3,10.1038_s41558-024-01925-3.pdf,Environmental Science,3,0,Environmental Science/10.1038_s41558-024-01925-3/crops/10.1038_s41558-024-01925-3__f2b9ee76__p003__b00.png
10.1038_s41558-024-01925-3__f2b9ee76__p003__b01,crop,10.1038_s41558-024-01925-3__f2b9ee76__p003__b01,10.1038_s41558-024-01925-3,10.1038_s41558-024-01925-3.pdf,Environmental Science,3,1,Environmental Science/10.1038_s41558-024-01925-3/crops/10.1038_s41558-024-01925-3__f2b9ee76__p003__b01.png
10.1038_s41558-024-01925-3__f2b9ee76__p003__b02,crop,10.1038_s41558-024-01925-3__f2b9ee76__p003__b02,10.1038_s41558-024-01925-3,10.1038_s41558-024-01925-3.pdf,Environmental Science,3,2,Environmental Science/10.1038_s41558-024-01925-3/crops/10.1038_s41558-024-01925-3__f2b9ee76__p003__b02.png
10.1038_s41558-024-01925-3__f2b9ee76__p003__b03,crop,10.1038_s41558-024-01925-3__f2b9ee76__p003__b03,10.1038_s41558-024-01925-3,10.1038_s41558-024-01925-3.pdf,Environmental Science,3,3,Environmental Science/10.1038_s41558-024-01925-3/crops/10.1038_s41558-024-01925-3__f2b9ee76__p003__b03.png
10.1038_s41558-024-01925-3__f2b9ee76__p003__b04,crop,10.1038_s41558-024-01925-3__f2b9ee76__p003__b04,10.1038_s41558-024-01925-3,10.1038_s41558-024-01925-3.pdf,Environmental Science,3,4,Environmental Science/10.1038_s41558-024-01925-3/crops/10.1038_s41558-024-01925-3__f2b9ee76__p003__b04.png
10.1038_s41558-024-01925-3__f2b9ee76__p003__b05,crop,10.1038_s41558-024-01925-3__f2b9ee76__p003__b05,10.1038_s41558-024-01925-3,10.1038_s41558-024-01925-3.pdf,Environmental Science,3,5,Environmental Science/10.1038_s41558-024-01925-3/crops/10.1038_s41558-024-01925-3__f2b9ee76__p003__b05.png
10.1038_s41558-024-01925-3__f2b9ee76__p003__b06,crop,10.1038_s41558-024-01925-3__f2b9ee76__p003__b06,10.1038_s41558-024-01925-3,10.1038_s41558-024-01925-3.pdf,Environmental Science,3,6,Environmental Science/10.1038_s41558-024-01925-3/crops/10.1038_s41558-024-01925-3__f2b9ee76__p003__b06.png
10.1038_s41558-024-01925-3__f2b9ee76__p004__b00,crop,10.1038_s41558-024-01925-3__f2b9ee76__p004__b00,10.1038_s41558-024-01925-3,10.1038_s41558-024-01925-3.pdf,Environmental Science,4,0,Environmental Science/10.1038_s41558-024-01925-3/crops/10.1038_s41558-024-01925-3__f2b9ee76__p004__b00.png
10.1038_s41558-024-01925-3__f2b9ee76__p004__b01,crop,10.1038_s41558-024-01925-3__f2b9ee76__p004__b01,10.1038_s41558-024-01925-3,10.1038_s41558-024-01925-3.pdf,Environmental Science,4,1,Environmental Science/10.1038_s41558-024-01925-3/crops/10.1038_s41558-024-01925-3__f2b9ee76__p004__b01.png
10.1038_s41558-024-01925-3__f2b9ee76__p004__b02,crop,10.1038_s41558-024-01925-3__f2b9ee76__p004__b02,10.1038_s41558-024-01925-3,10.1038_s41558-024-01925-3.pdf,Environmental Science,4,2,Environmental Science/10.1038_s41558-024-01925-3/crops/10.1038_s41558-024-01925-3__f2b9ee76__p004__b02.png
10.1038_s41558-024-01925-3__f2b9ee76__p004__b03,crop,10.1038_s41558-024-01925-3__f2b9ee76__p004__b03,10.1038_s41558-024-01925-3,10.1038_s41558-024-01925-3.pdf,Environmental Science,4,3,Environmental Science/10.1038_s41558-024-01925-3/crops/10.1038_s41558-024-01925-3__f2b9ee76__p004__b03.png
10.1038_s41558-024-01925-3__f2b9ee76__p004__b04,crop,10.1038_s41558-024-01925-3__f2b9ee76__p004__b04,10.1038_s41558-024-01925-3,10.1038_s41558-024-01925-3.pdf,Environmental Science,4,4,Environmental Science/10.1038_s41558-024-01925-3/crops/10.1038_s41558-024-01925-3__f2b9ee76__p004__b04.png
10.1038_s41558-024-01925-3__f2b9ee76__p012__b00,crop,10.1038_s41558-024-01925-3__f2b9ee76__p012__b00,10.1038_s41558-024-01925-3,10.1038_s41558-024-01925-3.pdf,Environmental Science,12,0,Environmental Science/10.1038_s41558-024-01925-3/crops/10.1038_s41558-024-01925-3__f2b9ee76__p012__b00.png
10.1038_s41558-024-01925-3__f2b9ee76__p014__b00,crop,10.1038_s41558-024-01925-3__f2b9ee76__p014__b00,10.1038_s41558-024-01925-3,10.1038_s41558-024-01925-3.pdf,Environmental Science,14,0,Environmental Science/10.1038_s41558-024-01925-3/crops/10.1038_s41558-024-01925-3__f2b9ee76__p014__b00.png
10.1038_s41561-024-01402-8__be70dd42__p002__b00,crop,10.1038_s41561-024-01402-8__be70dd42__p002__b00,10.1038_s41561-024-01402-8,10.1038_s41561-024-01402-8.pdf,Environmental Science,2,0,Environmental Science/10.1038_s41561-024-01402-8/crops/10.1038_s41561-024-01402-8__be70dd42__p002__b00.png
10.1038_s41561-024-01402-8__be70dd42__p002__b01,crop,10.1038_s41561-024-01402-8__be70dd42__p002__b01,10.1038_s41561-024-01402-8,10.1038_s41561-024-01402-8.pdf,Environmental Science,2,1,Environmental Science/10.1038_s41561-024-01402-8/crops/10.1038_s41561-024-01402-8__be70dd42__p002__b01.png
10.1038_s41561-024-01402-8__be70dd42__p003__b00,crop,10.1038_s41561-024-01402-8__be70dd42__p003__b00,10.1038_s41561-024-01402-8,10.1038_s41561-024-01402-8.pdf,Environmental Science,3,0,Environmental Science/10.1038_s41561-024-01402-8/crops/10.1038_s41561-024-01402-8__be70dd42__p003__b00.png
10.1038_s41561-024-01402-8__be70dd42__p004__b00,crop,10.1038_s41561-024-01402-8__be70dd42__p004__b00,10.1038_s41561-024-01402-8,10.1038_s41561-024-01402-8.pdf,Environmental Science,4,0,Environmental Science/10.1038_s41561-024-01402-8/crops/10.1038_s41561-024-01402-8__be70dd42__p004__b00.png
10.1038_s41561-024-01402-8__be70dd42__p005__b00,crop,10.1038_s41561-024-01402-8__be70dd42__p005__b00,10.1038_s41561-024-01402-8,10.1038_s41561-024-01402-8.pdf,Environmental Science,5,0,Environmental Science/10.1038_s41561-024-01402-8/crops/10.1038_s41561-024-01402-8__be70dd42__p005__b00.png
10.1038_s41561-024-01402-8__be70dd42__p009__b00,crop,10.1038_s41561-024-01402-8__be70dd42__p009__b00,10.1038_s41561-024-01402-8,10.1038_s41561-024-01402-8.pdf,Environmental Science,9,0,Environmental Science/10.1038_s41561-024-01402-8/crops/10.1038_s41561-024-01402-8__be70dd42__p009__b00.png
10.1038_s41561-024-01402-8__be70dd42__p010__b00,crop,10.1038_s41561-024-01402-8__be70dd42__p010__b00,10.1038_s41561-024-01402-8,10.1038_s41561-024-01402-8.pdf,Environmental Science,10,0,Environmental Science/10.1038_s41561-024-01402-8/crops/10.1038_s41561-024-01402-8__be70dd42__p010__b00.png
10.1038_s41561-024-01402-8__be70dd42__p011__b00,crop,10.1038_s41561-024-01402-8__be70dd42__p011__b00,10.1038_s41561-024-01402-8,10.1038_s41561-024-01402-8.pdf,Environmental Science,11,0,Environmental Science/10.1038_s41561-024-01402-8/crops/10.1038_s41561-024-01402-8__be70dd42__p011__b00.png
10.1038_s41561-024-01402-8__be70dd42__p012__b00,crop,10.1038_s41561-024-01402-8__be70dd42__p012__b00,10.1038_s41561-024-01402-8,10.1038_s41561-024-01402-8.pdf,Environmental Science,12,0,Environmental Science/10.1038_s41561-024-01402-8/crops/10.1038_s41561-024-01402-8__be70dd42__p012__b00.png
10.1038_s41561-024-01402-8__be70dd42__p013__b00,crop,10.1038_s41561-024-01402-8__be70dd42__p013__b00,10.1038_s41561-024-01402-8,10.1038_s41561-024-01402-8.pdf,Environmental Science,13,0,Environmental Science/10.1038_s41561-024-01402-8/crops/10.1038_s41561-024-01402-8__be70dd42__p013__b00.png
10.1038_s41561-024-01402-8__be70dd42__p014__b00,crop,10.1038_s41561-024-01402-8__be70dd42__p014__b00,10.1038_s41561-024-01402-8,10.1038_s41561-024-01402-8.pdf,Environmental Science,14,0,Environmental Science/10.1038_s41561-024-01402-8/crops/10.1038_s41561-024-01402-8__be70dd42__p014__b00.png
10.1038_s41561-024-01402-8__be70dd42__p017__b00,crop,10.1038_s41561-024-01402-8__be70dd42__p017__b00,10.1038_s41561-024-01402-8,10.1038_s41561-024-01402-8.pdf,Environmental Science,17,0,Environmental Science/10.1038_s41561-024-01402-8/crops/10.1038_s41561-024-01402-8__be70dd42__p017__b00.png
10.1038_s41561-024-01402-8__be70dd42__p019__b00,crop,10.1038_s41561-024-01402-8__be70dd42__p019__b00,10.1038_s41561-024-01402-8,10.1038_s41561-024-01402-8.pdf,Environmental Science,19,0,Environmental Science/10.1038_s41561-024-01402-8/crops/10.1038_s41561-024-01402-8__be70dd42__p019__b00.png
10.1038_s44221-024-00206-9__4f25e316__p002__b00,crop,10.1038_s44221-024-00206-9__4f25e316__p002__b00,10.1038_s44221-024-00206-9,10.1038_s44221-024-00206-9.pdf,Environmental Science,2,0,Environmental Science/10.1038_s44221-024-00206-9/crops/10.1038_s44221-024-00206-9__4f25e316__p002__b00.png
10.1038_s44221-024-00206-9__4f25e316__p003__b00,crop,10.1038_s44221-024-00206-9__4f25e316__p003__b00,10.1038_s44221-024-00206-9,10.1038_s44221-024-00206-9.pdf,Environmental Science,3,0,Environmental Science/10.1038_s44221-024-00206-9/crops/10.1038_s44221-024-00206-9__4f25e316__p003__b00.png
10.1038_s44221-024-00206-9__4f25e316__p003__b01,crop,10.1038_s44221-024-00206-9__4f25e316__p003__b01,10.1038_s44221-024-00206-9,10.1038_s44221-024-00206-9.pdf,Environmental Science,3,1,Environmental Science/10.1038_s44221-024-00206-9/crops/10.1038_s44221-024-00206-9__4f25e316__p003__b01.png
10.1038_s44221-024-00206-9__4f25e316__p003__b02,crop,10.1038_s44221-024-00206-9__4f25e316__p003__b02,10.1038_s44221-024-00206-9,10.1038_s44221-024-00206-9.pdf,Environmental Science,3,2,Environmental Science/10.1038_s44221-024-00206-9/crops/10.1038_s44221-024-00206-9__4f25e316__p003__b02.png
10.1038_s44221-024-00206-9__4f25e316__p003__b03,crop,10.1038_s44221-024-00206-9__4f25e316__p003__b03,10.1038_s44221-024-00206-9,10.1038_s44221-024-00206-9.pdf,Environmental Science,3,3,Environmental Science/10.1038_s44221-024-00206-9/crops/10.1038_s44221-024-00206-9__4f25e316__p003__b03.png
10.1038_s44221-024-00206-9__4f25e316__p003__b04,crop,10.1038_s44221-024-00206-9__4f25e316__p003__b04,10.1038_s44221-024-00206-9,10.1038_s44221-024-00206-9.pdf,Environmental Science,3,4,Environmental Science/10.1038_s44221-024-00206-9/crops/10.1038_s44221-024-00206-9__4f25e316__p003__b04.png
10.1038_s44221-024-00206-9__4f25e316__p003__b05,crop,10.1038_s44221-024-00206-9__4f25e316__p003__b05,10.1038_s44221-024-00206-9,10.1038_s44221-024-00206-9.pdf,Environmental Science,3,5,Environmental Science/10.1038_s44221-024-00206-9/crops/10.1038_s44221-024-00206-9__4f25e316__p003__b05.png
10.1038_s44221-024-00206-9__4f25e316__p003__b06,crop,10.1038_s44221-024-00206-9__4f25e316__p003__b06,10.1038_s44221-024-00206-9,10.1038_s44221-024-00206-9.pdf,Environmental Science,3,6,Environmental Science/10.1038_s44221-024-00206-9/crops/10.1038_s44221-024-00206-9__4f25e316__p003__b06.png
10.1038_s44221-024-00206-9__4f25e316__p005__b00,crop,10.1038_s44221-024-00206-9__4f25e316__p005__b00,10.1038_s44221-024-00206-9,10.1038_s44221-024-00206-9.pdf,Environmental Science,5,0,Environmental Science/10.1038_s44221-024-00206-9/crops/10.1038_s44221-024-00206-9__4f25e316__p005__b00.png
10.1038_s44221-024-00206-9__4f25e316__p005__b01,crop,10.1038_s44221-024-00206-9__4f25e316__p005__b01,10.1038_s44221-024-00206-9,10.1038_s44221-024-00206-9.pdf,Environmental Science,5,1,Environmental Science/10.1038_s44221-024-00206-9/crops/10.1038_s44221-024-00206-9__4f25e316__p005__b01.png
10.1038_s44221-024-00206-9__4f25e316__p005__b02,crop,10.1038_s44221-024-00206-9__4f25e316__p005__b02,10.1038_s44221-024-00206-9,10.1038_s44221-024-00206-9.pdf,Environmental Science,5,2,Environmental Science/10.1038_s44221-024-00206-9/crops/10.1038_s44221-024-00206-9__4f25e316__p005__b02.png
10.32473_edis-ae459-2010__e629c6e2__p001__b00,crop,10.32473_edis-ae459-2010__e629c6e2__p001__b00,10.32473_edis-ae459-2010,10.32473_edis-ae459-2010.pdf,Environmental Science,1,0,Environmental Science/10.32473_edis-ae459-2010/crops/10.32473_edis-ae459-2010__e629c6e2__p001__b00.png
10.3389_fenvs.2024.1336088__3f779a48__p003__b00,crop,10.3389_fenvs.2024.1336088__3f779a48__p003__b00,10.3389_fenvs.2024.1336088,10.3389_fenvs.2024.1336088.pdf,Environmental Science,3,0,Environmental Science/10.3389_fenvs.2024.1336088/crops/10.3389_fenvs.2024.1336088__3f779a48__p003__b00.png
10.3389_fenvs.2024.1336088__3f779a48__p003__b01,crop,10.3389_fenvs.2024.1336088__3f779a48__p003__b01,10.3389_fenvs.2024.1336088,10.3389_fenvs.2024.1336088.pdf,Environmental Science,3,1,Environmental Science/10.3389_fenvs.2024.1336088/crops/10.3389_fenvs.2024.1336088__3f779a48__p003__b01.png
10.3389_fenvs.2024.1336088__3f779a48__p003__b02,crop,10.3389_fenvs.2024.1336088__3f779a48__p003__b02,10.3389_fenvs.2024.1336088,10.3389_fenvs.2024.1336088.pdf,Environmental Science,3,2,Environmental Science/10.3389_fenvs.2024.1336088/crops/10.3389_fenvs.2024.1336088__3f779a48__p003__b02.png
10.3389_fenvs.2024.1336088__3f779a48__p011__b00,crop,10.3389_fenvs.2024.1336088__3f779a48__p011__b00,10.3389_fenvs.2024.1336088,10.3389_fenvs.2024.1336088.pdf,Environmental Science,11,0,Environmental Science/10.3389_fenvs.2024.1336088/crops/10.3389_fenvs.2024.1336088__3f779a48__p011__b00.png
10.3389_fenvs.2024.1336088__3f779a48__p013__b00,crop,10.3389_fenvs.2024.1336088__3f779a48__p013__b00,10.3389_fenvs.2024.1336088,10.3389_fenvs.2024.1336088.pdf,Environmental Science,13,0,Environmental Science/10.3389_fenvs.2024.1336088/crops/10.3389_fenvs.2024.1336088__3f779a48__p013__b00.png
10.1038_s41420-024-01815-9__92d37c5d__p003__b00,crop,10.1038_s41420-024-01815-9__92d37c5d__p003__b00,10.1038_s41420-024-01815-9,10.1038_s41420-024-01815-9.pdf,Immunology and Microbiology,3,0,Immunology and Microbiology/10.1038_s41420-024-01815-9/crops/10.1038_s41420-024-01815-9__92d37c5d__p003__b00.png
10.1038_s41420-024-01815-9__92d37c5d__p005__b00,crop,10.1038_s41420-024-01815-9__92d37c5d__p005__b00,10.1038_s41420-024-01815-9,10.1038_s41420-024-01815-9.pdf,Immunology and Microbiology,5,0,Immunology and Microbiology/10.1038_s41420-024-01815-9/crops/10.1038_s41420-024-01815-9__92d37c5d__p005__b00.png
10.1038_s41420-024-01815-9__92d37c5d__p006__b00,crop,10.1038_s41420-024-01815-9__92d37c5d__p006__b00,10.1038_s41420-024-01815-9,10.1038_s41420-024-01815-9.pdf,Immunology and Microbiology,6,0,Immunology and Microbiology/10.1038_s41420-024-01815-9/crops/10.1038_s41420-024-01815-9__92d37c5d__p006__b00.png
10.1038_s41420-024-01815-9__92d37c5d__p007__b00,crop,10.1038_s41420-024-01815-9__92d37c5d__p007__b00,10.1038_s41420-024-01815-9,10.1038_s41420-024-01815-9.pdf,Immunology and Microbiology,7,0,Immunology and Microbiology/10.1038_s41420-024-01815-9/crops/10.1038_s41420-024-01815-9__92d37c5d__p007__b00.png
10.1038_s41423-024-01145-x__e13ec0ae__p002__b00,crop,10.1038_s41423-024-01145-x__e13ec0ae__p002__b00,10.1038_s41423-024-01145-x,10.1038_s41423-024-01145-x.pdf,Immunology and Microbiology,2,0,Immunology and Microbiology/10.1038_s41423-024-01145-x/crops/10.1038_s41423-024-01145-x__e13ec0ae__p002__b00.png
10.1038_s41423-024-01145-x__e13ec0ae__p002__b01,crop,10.1038_s41423-024-01145-x__e13ec0ae__p002__b01,10.1038_s41423-024-01145-x,10.1038_s41423-024-01145-x.pdf,Immunology and Microbiology,2,1,Immunology and Microbiology/10.1038_s41423-024-01145-x/crops/10.1038_s41423-024-01145-x__e13ec0ae__p002__b01.png
10.1038_s41423-024-01145-x__e13ec0ae__p002__b02,crop,10.1038_s41423-024-01145-x__e13ec0ae__p002__b02,10.1038_s41423-024-01145-x,10.1038_s41423-024-01145-x.pdf,Immunology and Microbiology,2,2,Immunology and Microbiology/10.1038_s41423-024-01145-x/crops/10.1038_s41423-024-01145-x__e13ec0ae__p002__b02.png
10.1038_s41423-024-01145-x__e13ec0ae__p012__b00,crop,10.1038_s41423-024-01145-x__e13ec0ae__p012__b00,10.1038_s41423-024-01145-x,10.1038_s41423-024-01145-x.pdf,Immunology and Microbiology,12,0,Immunology and Microbiology/10.1038_s41423-024-01145-x/crops/10.1038_s41423-024-01145-x__e13ec0ae__p012__b00.png
10.1038_s41591-024-03130-3__d15554f8__p002__b00,crop,10.1038_s41591-024-03130-3__d15554f8__p002__b00,10.1038_s41591-024-03130-3,10.1038_s41591-024-03130-3.pdf,Immunology and Microbiology,2,0,Immunology and Microbiology/10.1038_s41591-024-03130-3/crops/10.1038_s41591-024-03130-3__d15554f8__p002__b00.png
10.1038_s41591-024-03130-3__d15554f8__p002__b01,crop,10.1038_s41591-024-03130-3__d15554f8__p002__b01,10.1038_s41591-024-03130-3,10.1038_s41591-024-03130-3.pdf,Immunology and Microbiology,2,1,Immunology and Microbiology/10.1038_s41591-024-03130-3/crops/10.1038_s41591-024-03130-3__d15554f8__p002__b01.png
10.1038_s41591-024-03130-3__d15554f8__p002__b02,crop,10.1038_s41591-024-03130-3__d15554f8__p002__b02,10.1038_s41591-024-03130-3,10.1038_s41591-024-03130-3.pdf,Immunology and Microbiology,2,2,Immunology and Microbiology/10.1038_s41591-024-03130-3/crops/10.1038_s41591-024-03130-3__d15554f8__p002__b02.png
10.1038_s41591-024-03130-3__d15554f8__p003__b00,crop,10.1038_s41591-024-03130-3__d15554f8__p003__b00,10.1038_s41591-024-03130-3,10.1038_s41591-024-03130-3.pdf,Immunology and Microbiology,3,0,Immunology and Microbiology/10.1038_s41591-024-03130-3/crops/10.1038_s41591-024-03130-3__d15554f8__p003__b00.png
10.1038_s41591-024-03130-3__d15554f8__p003__b01,crop,10.1038_s41591-024-03130-3__d15554f8__p003__b01,10.1038_s41591-024-03130-3,10.1038_s41591-024-03130-3.pdf,Immunology and Microbiology,3,1,Immunology and Microbiology/10.1038_s41591-024-03130-3/crops/10.1038_s41591-024-03130-3__d15554f8__p003__b01.png
10.1038_s41591-024-03130-3__d15554f8__p008__b00,crop,10.1038_s41591-024-03130-3__d15554f8__p008__b00,10.1038_s41591-024-03130-3,10.1038_s41591-024-03130-3.pdf,Immunology and Microbiology,8,0,Immunology and Microbiology/10.1038_s41591-024-03130-3/crops/10.1038_s41591-024-03130-3__d15554f8__p008__b00.png
10.1038_s41591-024-03130-3__d15554f8__p010__b00,crop,10.1038_s41591-024-03130-3__d15554f8__p010__b00,10.1038_s41591-024-03130-3,10.1038_s41591-024-03130-3.pdf,Immunology and Microbiology,10,0,Immunology and Microbiology/10.1038_s41591-024-03130-3/crops/10.1038_s41591-024-03130-3__d15554f8__p010__b00.png
10.1038_s41698-024-00522-z__004412a4__p002__b00,crop,10.1038_s41698-024-00522-z__004412a4__p002__b00,10.1038_s41698-024-00522-z,10.1038_s41698-024-00522-z.pdf,Immunology and Microbiology,2,0,Immunology and Microbiology/10.1038_s41698-024-00522-z/crops/10.1038_s41698-024-00522-z__004412a4__p002__b00.png
10.1038_s41698-024-00522-z__004412a4__p003__b00,crop,10.1038_s41698-024-00522-z__004412a4__p003__b00,10.1038_s41698-024-00522-z,10.1038_s41698-024-00522-z.pdf,Immunology and Microbiology,3,0,Immunology and Microbiology/10.1038_s41698-024-00522-z/crops/10.1038_s41698-024-00522-z__004412a4__p003__b00.png
10.1038_s41698-024-00522-z__004412a4__p012__b00,crop,10.1038_s41698-024-00522-z__004412a4__p012__b00,10.1038_s41698-024-00522-z,10.1038_s41698-024-00522-z.pdf,Immunology and Microbiology,12,0,Immunology and Microbiology/10.1038_s41698-024-00522-z/crops/10.1038_s41698-024-00522-z__004412a4__p012__b00.png
10.1038_s44385-025-00010-4__b000433e__p002__b00,crop,10.1038_s44385-025-00010-4__b000433e__p002__b00,10.1038_s44385-025-00010-4,10.1038_s44385-025-00010-4.pdf,Immunology and Microbiology,2,0,Immunology and Microbiology/10.1038_s44385-025-00010-4/crops/10.1038_s44385-025-00010-4__b000433e__p002__b00.png
10.1073_pnas.2411919121__6b8dfc20__p002__b00,crop,10.1073_pnas.2411919121__6b8dfc20__p002__b00,10.1073_pnas.2411919121,10.1073_pnas.2411919121.pdf,Immunology and Microbiology,2,0,Immunology and Microbiology/10.1073_pnas.2411919121/crops/10.1073_pnas.2411919121__6b8dfc20__p002__b00.png
10.1073_pnas.2411919121__6b8dfc20__p003__b00,crop,10.1073_pnas.2411919121__6b8dfc20__p003__b00,10.1073_pnas.2411919121,10.1073_pnas.2411919121.pdf,Immunology and Microbiology,3,0,Immunology and Microbiology/10.1073_pnas.2411919121/crops/10.1073_pnas.2411919121__6b8dfc20__p003__b00.png
10.1073_pnas.2411919121__6b8dfc20__p004__b00,crop,10.1073_pnas.2411919121__6b8dfc20__p004__b00,10.1073_pnas.2411919121,10.1073_pnas.2411919121.pdf,Immunology and Microbiology,4,0,Immunology and Microbiology/10.1073_pnas.2411919121/crops/10.1073_pnas.2411919121__6b8dfc20__p004__b00.png
10.1073_pnas.2411919121__6b8dfc20__p004__b01,crop,10.1073_pnas.2411919121__6b8dfc20__p004__b01,10.1073_pnas.2411919121,10.1073_pnas.2411919121.pdf,Immunology and Microbiology,4,1,Immunology and Microbiology/10.1073_pnas.2411919121/crops/10.1073_pnas.2411919121__6b8dfc20__p004__b01.png
10.1073_pnas.2411919121__6b8dfc20__p005__b00,crop,10.1073_pnas.2411919121__6b8dfc20__p005__b00,10.1073_pnas.2411919121,10.1073_pnas.2411919121.pdf,Immunology and Microbiology,5,0,Immunology and Microbiology/10.1073_pnas.2411919121/crops/10.1073_pnas.2411919121__6b8dfc20__p005__b00.png
10.1073_pnas.2411919121__6b8dfc20__p005__b01,crop,10.1073_pnas.2411919121__6b8dfc20__p005__b01,10.1073_pnas.2411919121,10.1073_pnas.2411919121.pdf,Immunology and Microbiology,5,1,Immunology and Microbiology/10.1073_pnas.2411919121/crops/10.1073_pnas.2411919121__6b8dfc20__p005__b01.png
10.1073_pnas.2411919121__6b8dfc20__p005__b02,crop,10.1073_pnas.2411919121__6b8dfc20__p005__b02,10.1073_pnas.2411919121,10.1073_pnas.2411919121.pdf,Immunology and Microbiology,5,2,Immunology and Microbiology/10.1073_pnas.2411919121/crops/10.1073_pnas.2411919121__6b8dfc20__p005__b02.png
10.1073_pnas.2411919121__6b8dfc20__p005__b03,crop,10.1073_pnas.2411919121__6b8dfc20__p005__b03,10.1073_pnas.2411919121,10.1073_pnas.2411919121.pdf,Immunology and Microbiology,5,3,Immunology and Microbiology/10.1073_pnas.2411919121/crops/10.1073_pnas.2411919121__6b8dfc20__p005__b03.png
10.1073_pnas.2411919121__6b8dfc20__p005__b04,crop,10.1073_pnas.2411919121__6b8dfc20__p005__b04,10.1073_pnas.2411919121,10.1073_pnas.2411919121.pdf,Immunology and Microbiology,5,4,Immunology and Microbiology/10.1073_pnas.2411919121/crops/10.1073_pnas.2411919121__6b8dfc20__p005__b04.png
10.1073_pnas.2411919121__6b8dfc20__p006__b00,crop,10.1073_pnas.2411919121__6b8dfc20__p006__b00,10.1073_pnas.2411919121,10.1073_pnas.2411919121.pdf,Immunology and Microbiology,6,0,Immunology and Microbiology/10.1073_pnas.2411919121/crops/10.1073_pnas.2411919121__6b8dfc20__p006__b00.png
10.1073_pnas.2411919121__6b8dfc20__p006__b01,crop,10.1073_pnas.2411919121__6b8dfc20__p006__b01,10.1073_pnas.2411919121,10.1073_pnas.2411919121.pdf,Immunology and Microbiology,6,1,Immunology and Microbiology/10.1073_pnas.2411919121/crops/10.1073_pnas.2411919121__6b8dfc20__p006__b01.png
10.1073_pnas.2411919121__6b8dfc20__p006__b02,crop,10.1073_pnas.2411919121__6b8dfc20__p006__b02,10.1073_pnas.2411919121,10.1073_pnas.2411919121.pdf,Immunology and Microbiology,6,2,Immunology and Microbiology/10.1073_pnas.2411919121/crops/10.1073_pnas.2411919121__6b8dfc20__p006__b02.png
10.1073_pnas.2411919121__6b8dfc20__p006__b03,crop,10.1073_pnas.2411919121__6b8dfc20__p006__b03,10.1073_pnas.2411919121,10.1073_pnas.2411919121.pdf,Immunology and Microbiology,6,3,Immunology and Microbiology/10.1073_pnas.2411919121/crops/10.1073_pnas.2411919121__6b8dfc20__p006__b03.png
10.1073_pnas.2411919121__6b8dfc20__p007__b00,crop,10.1073_pnas.2411919121__6b8dfc20__p007__b00,10.1073_pnas.2411919121,10.1073_pnas.2411919121.pdf,Immunology and Microbiology,7,0,Immunology and Microbiology/10.1073_pnas.2411919121/crops/10.1073_pnas.2411919121__6b8dfc20__p007__b00.png
10.1186_s12964-023-01466-w__7c71e803__p003__b00,crop,10.1186_s12964-023-01466-w__7c71e803__p003__b00,10.1186_s12964-023-01466-w,10.1186_s12964-023-01466-w.pdf,Immunology and Microbiology,3,0,Immunology and Microbiology/10.1186_s12964-023-01466-w/crops/10.1186_s12964-023-01466-w__7c71e803__p003__b00.png
10.1186_s12964-023-01466-w__7c71e803__p006__b00,crop,10.1186_s12964-023-01466-w__7c71e803__p006__b00,10.1186_s12964-023-01466-w,10.1186_s12964-023-01466-w.pdf,Immunology and Microbiology,6,0,Immunology and Microbiology/10.1186_s12964-023-01466-w/crops/10.1186_s12964-023-01466-w__7c71e803__p006__b00.png
10.1186_s12964-023-01466-w__7c71e803__p006__b01,crop,10.1186_s12964-023-01466-w__7c71e803__p006__b01,10.1186_s12964-023-01466-w,10.1186_s12964-023-01466-w.pdf,Immunology and Microbiology,6,1,Immunology and Microbiology/10.1186_s12964-023-01466-w/crops/10.1186_s12964-023-01466-w__7c71e803__p006__b01.png
10.1186_s12964-023-01466-w__7c71e803__p009__b00,crop,10.1186_s12964-023-01466-w__7c71e803__p009__b00,10.1186_s12964-023-01466-w,10.1186_s12964-023-01466-w.pdf,Immunology and Microbiology,9,0,Immunology and Microbiology/10.1186_s12964-023-01466-w/crops/10.1186_s12964-023-01466-w__7c71e803__p009__b00.png
10.1186_s12964-023-01466-w__7c71e803__p014__b00,crop,10.1186_s12964-023-01466-w__7c71e803__p014__b00,10.1186_s12964-023-01466-w,10.1186_s12964-023-01466-w.pdf,Immunology and Microbiology,14,0,Immunology and Microbiology/10.1186_s12964-023-01466-w/crops/10.1186_s12964-023-01466-w__7c71e803__p014__b00.png
10.15585_mmwr.mm7414a1__0d37aaeb__p001__b00,crop,10.15585_mmwr.mm7414a1__0d37aaeb__p001__b00,10.15585_mmwr.mm7414a1,10.15585_mmwr.mm7414a1.pdf,Immunology and Microbiology,1,0,Immunology and Microbiology/10.15585_mmwr.mm7414a1/crops/10.15585_mmwr.mm7414a1__0d37aaeb__p001__b00.png
10.15585_mmwr.mm7414a1__0d37aaeb__p001__b01,crop,10.15585_mmwr.mm7414a1__0d37aaeb__p001__b01,10.15585_mmwr.mm7414a1,10.15585_mmwr.mm7414a1.pdf,Immunology and Microbiology,1,1,Immunology and Microbiology/10.15585_mmwr.mm7414a1/crops/10.15585_mmwr.mm7414a1__0d37aaeb__p001__b01.png
10.15585_mmwr.mm7414a1__0d37aaeb__p002__b00,crop,10.15585_mmwr.mm7414a1__0d37aaeb__p002__b00,10.15585_mmwr.mm7414a1,10.15585_mmwr.mm7414a1.pdf,Immunology and Microbiology,2,0,Immunology and Microbiology/10.15585_mmwr.mm7414a1/crops/10.15585_mmwr.mm7414a1__0d37aaeb__p002__b00.png
10.15585_mmwr.mm7414a1__0d37aaeb__p003__b00,crop,10.15585_mmwr.mm7414a1__0d37aaeb__p003__b00,10.15585_mmwr.mm7414a1,10.15585_mmwr.mm7414a1.pdf,Immunology and Microbiology,3,0,Immunology and Microbiology/10.15585_mmwr.mm7414a1/crops/10.15585_mmwr.mm7414a1__0d37aaeb__p003__b00.png
10.15585_mmwr.mm7414a1__0d37aaeb__p004__b00,crop,10.15585_mmwr.mm7414a1__0d37aaeb__p004__b00,10.15585_mmwr.mm7414a1,10.15585_mmwr.mm7414a1.pdf,Immunology and Microbiology,4,0,Immunology and Microbiology/10.15585_mmwr.mm7414a1/crops/10.15585_mmwr.mm7414a1__0d37aaeb__p004__b00.png
10.15585_mmwr.mm7414a1__0d37aaeb__p005__b00,crop,10.15585_mmwr.mm7414a1__0d37aaeb__p005__b00,10.15585_mmwr.mm7414a1,10.15585_mmwr.mm7414a1.pdf,Immunology and Microbiology,5,0,Immunology and Microbiology/10.15585_mmwr.mm7414a1/crops/10.15585_mmwr.mm7414a1__0d37aaeb__p005__b00.png
10.15585_mmwr.mm7414a1__0d37aaeb__p005__b01,crop,10.15585_mmwr.mm7414a1__0d37aaeb__p005__b01,10.15585_mmwr.mm7414a1,10.15585_mmwr.mm7414a1.pdf,Immunology and Microbiology,5,1,Immunology and Microbiology/10.15585_mmwr.mm7414a1/crops/10.15585_mmwr.mm7414a1__0d37aaeb__p005__b01.png
10.2147_idr.s505311__323dcaad__p001__b00,crop,10.2147_idr.s505311__323dcaad__p001__b00,10.2147_idr.s505311,10.2147_idr.s505311.pdf,Immunology and Microbiology,1,0,Immunology and Microbiology/10.2147_idr.s505311/crops/10.2147_idr.s505311__323dcaad__p001__b00.png
10.2147_idr.s505311__323dcaad__p002__b00,crop,10.2147_idr.s505311__323dcaad__p002__b00,10.2147_idr.s505311,10.2147_idr.s505311.pdf,Immunology and Microbiology,2,0,Immunology and Microbiology/10.2147_idr.s505311/crops/10.2147_idr.s505311__323dcaad__p002__b00.png
10.2147_idr.s505311__323dcaad__p002__b01,crop,10.2147_idr.s505311__323dcaad__p002__b01,10.2147_idr.s505311,10.2147_idr.s505311.pdf,Immunology and Microbiology,2,1,Immunology and Microbiology/10.2147_idr.s505311/crops/10.2147_idr.s505311__323dcaad__p002__b01.png
10.2147_idr.s505311__323dcaad__p002__b02,crop,10.2147_idr.s505311__323dcaad__p002__b02,10.2147_idr.s505311,10.2147_idr.s505311.pdf,Immunology and Microbiology,2,2,Immunology and Microbiology/10.2147_idr.s505311/crops/10.2147_idr.s505311__323dcaad__p002__b02.png
10.2147_idr.s505311__323dcaad__p002__b03,crop,10.2147_idr.s505311__323dcaad__p002__b03,10.2147_idr.s505311,10.2147_idr.s505311.pdf,Immunology and Microbiology,2,3,Immunology and Microbiology/10.2147_idr.s505311/crops/10.2147_idr.s505311__323dcaad__p002__b03.png
10.2147_idr.s505311__323dcaad__p002__b04,crop,10.2147_idr.s505311__323dcaad__p002__b04,10.2147_idr.s505311,10.2147_idr.s505311.pdf,Immunology and Microbiology,2,4,Immunology and Microbiology/10.2147_idr.s505311/crops/10.2147_idr.s505311__323dcaad__p002__b04.png
10.2147_idr.s505311__323dcaad__p002__b05,crop,10.2147_idr.s505311__323dcaad__p002__b05,10.2147_idr.s505311,10.2147_idr.s505311.pdf,Immunology and Microbiology,2,5,Immunology and Microbiology/10.2147_idr.s505311/crops/10.2147_idr.s505311__323dcaad__p002__b05.png
10.2147_idr.s505311__323dcaad__p002__b06,crop,10.2147_idr.s505311__323dcaad__p002__b06,10.2147_idr.s505311,10.2147_idr.s505311.pdf,Immunology and Microbiology,2,6,Immunology and Microbiology/10.2147_idr.s505311/crops/10.2147_idr.s505311__323dcaad__p002__b06.png
10.2147_idr.s505311__323dcaad__p002__b07,crop,10.2147_idr.s505311__323dcaad__p002__b07,10.2147_idr.s505311,10.2147_idr.s505311.pdf,Immunology and Microbiology,2,7,Immunology and Microbiology/10.2147_idr.s505311/crops/10.2147_idr.s505311__323dcaad__p002__b07.png
10.2147_idr.s505311__323dcaad__p002__b08,crop,10.2147_idr.s505311__323dcaad__p002__b08,10.2147_idr.s505311,10.2147_idr.s505311.pdf,Immunology and Microbiology,2,8,Immunology and Microbiology/10.2147_idr.s505311/crops/10.2147_idr.s505311__323dcaad__p002__b08.png
10.2807_1560-7917.es.2024.29.11.2400106__a7485c06__p001__b00,crop,10.2807_1560-7917.es.2024.29.11.2400106__a7485c06__p001__b00,10.2807_1560-7917.es.2024.29.11.2400106,10.2807_1560-7917.es.2024.29.11.2400106.pdf,Immunology and Microbiology,1,0,Immunology and Microbiology/10.2807_1560-7917.es.2024.29.11.2400106/crops/10.2807_1560-7917.es.2024.29.11.2400106__a7485c06__p001__b00.png
10.2807_1560-7917.es.2024.29.11.2400106__a7485c06__p002__b00,crop,10.2807_1560-7917.es.2024.29.11.2400106__a7485c06__p002__b00,10.2807_1560-7917.es.2024.29.11.2400106,10.2807_1560-7917.es.2024.29.11.2400106.pdf,Immunology and Microbiology,2,0,Immunology and Microbiology/10.2807_1560-7917.es.2024.29.11.2400106/crops/10.2807_1560-7917.es.2024.29.11.2400106__a7485c06__p002__b00.png
10.2807_1560-7917.es.2024.29.11.2400106__a7485c06__p004__b00,crop,10.2807_1560-7917.es.2024.29.11.2400106__a7485c06__p004__b00,10.2807_1560-7917.es.2024.29.11.2400106,10.2807_1560-7917.es.2024.29.11.2400106.pdf,Immunology and Microbiology,4,0,Immunology and Microbiology/10.2807_1560-7917.es.2024.29.11.2400106/crops/10.2807_1560-7917.es.2024.29.11.2400106__a7485c06__p004__b00.png
10.2807_1560-7917.es.2024.29.11.2400106__a7485c06__p004__b01,crop,10.2807_1560-7917.es.2024.29.11.2400106__a7485c06__p004__b01,10.2807_1560-7917.es.2024.29.11.2400106,10.2807_1560-7917.es.2024.29.11.2400106.pdf,Immunology and Microbiology,4,1,Immunology and Microbiology/10.2807_1560-7917.es.2024.29.11.2400106/crops/10.2807_1560-7917.es.2024.29.11.2400106__a7485c06__p004__b01.png
10.2807_1560-7917.es.2024.29.11.2400106__a7485c06__p004__b02,crop,10.2807_1560-7917.es.2024.29.11.2400106__a7485c06__p004__b02,10.2807_1560-7917.es.2024.29.11.2400106,10.2807_1560-7917.es.2024.29.11.2400106.pdf,Immunology and Microbiology,4,2,Immunology and Microbiology/10.2807_1560-7917.es.2024.29.11.2400106/crops/10.2807_1560-7917.es.2024.29.11.2400106__a7485c06__p004__b02.png
10.2807_1560-7917.es.2024.29.11.2400106__a7485c06__p004__b03,crop,10.2807_1560-7917.es.2024.29.11.2400106__a7485c06__p004__b03,10.2807_1560-7917.es.2024.29.11.2400106,10.2807_1560-7917.es.2024.29.11.2400106.pdf,Immunology and Microbiology,4,3,Immunology and Microbiology/10.2807_1560-7917.es.2024.29.11.2400106/crops/10.2807_1560-7917.es.2024.29.11.2400106__a7485c06__p004__b03.png
10.2807_1560-7917.es.2024.29.11.2400106__a7485c06__p004__b04,crop,10.2807_1560-7917.es.2024.29.11.2400106__a7485c06__p004__b04,10.2807_1560-7917.es.2024.29.11.2400106,10.2807_1560-7917.es.2024.29.11.2400106.pdf,Immunology and Microbiology,4,4,Immunology and Microbiology/10.2807_1560-7917.es.2024.29.11.2400106/crops/10.2807_1560-7917.es.2024.29.11.2400106__a7485c06__p004__b04.png
10.3389_fimmu.2024.1352946__5d7428a6__p002__b00,crop,10.3389_fimmu.2024.1352946__5d7428a6__p002__b00,10.3389_fimmu.2024.1352946,10.3389_fimmu.2024.1352946.pdf,Immunology and Microbiology,2,0,Immunology and Microbiology/10.3389_fimmu.2024.1352946/crops/10.3389_fimmu.2024.1352946__5d7428a6__p002__b00.png
10.3389_fimmu.2024.1352946__5d7428a6__p002__b01,crop,10.3389_fimmu.2024.1352946__5d7428a6__p002__b01,10.3389_fimmu.2024.1352946,10.3389_fimmu.2024.1352946.pdf,Immunology and Microbiology,2,1,Immunology and Microbiology/10.3389_fimmu.2024.1352946/crops/10.3389_fimmu.2024.1352946__5d7428a6__p002__b01.png
10.3389_fimmu.2024.1352946__5d7428a6__p003__b00,crop,10.3389_fimmu.2024.1352946__5d7428a6__p003__b00,10.3389_fimmu.2024.1352946,10.3389_fimmu.2024.1352946.pdf,Immunology and Microbiology,3,0,Immunology and Microbiology/10.3389_fimmu.2024.1352946/crops/10.3389_fimmu.2024.1352946__5d7428a6__p003__b00.png
10.3389_fimmu.2024.1352946__5d7428a6__p004__b00,crop,10.3389_fimmu.2024.1352946__5d7428a6__p004__b00,10.3389_fimmu.2024.1352946,10.3389_fimmu.2024.1352946.pdf,Immunology and Microbiology,4,0,Immunology and Microbiology/10.3389_fimmu.2024.1352946/crops/10.3389_fimmu.2024.1352946__5d7428a6__p004__b00.png
10.3389_fimmu.2024.1352946__5d7428a6__p005__b00,crop,10.3389_fimmu.2024.1352946__5d7428a6__p005__b00,10.3389_fimmu.2024.1352946,10.3389_fimmu.2024.1352946.pdf,Immunology and Microbiology,5,0,Immunology and Microbiology/10.3389_fimmu.2024.1352946/crops/10.3389_fimmu.2024.1352946__5d7428a6__p005__b00.png
10.3389_fimmu.2024.1352946__5d7428a6__p007__b00,crop,10.3389_fimmu.2024.1352946__5d7428a6__p007__b00,10.3389_fimmu.2024.1352946,10.3389_fimmu.2024.1352946.pdf,Immunology and Microbiology,7,0,Immunology and Microbiology/10.3389_fimmu.2024.1352946/crops/10.3389_fimmu.2024.1352946__5d7428a6__p007__b00.png
10.3389_fimmu.2024.1352946__5d7428a6__p007__b01,crop,10.3389_fimmu.2024.1352946__5d7428a6__p007__b01,10.3389_fimmu.2024.1352946,10.3389_fimmu.2024.1352946.pdf,Immunology and Microbiology,7,1,Immunology and Microbiology/10.3389_fimmu.2024.1352946/crops/10.3389_fimmu.2024.1352946__5d7428a6__p007__b01.png
10.3389_fimmu.2024.1352946__5d7428a6__p010__b00,crop,10.3389_fimmu.2024.1352946__5d7428a6__p010__b00,10.3389_fimmu.2024.1352946,10.3389_fimmu.2024.1352946.pdf,Immunology and Microbiology,10,0,Immunology and Microbiology/10.3389_fimmu.2024.1352946/crops/10.3389_fimmu.2024.1352946__5d7428a6__p010__b00.png
10.3389_fimmu.2024.1352946__5d7428a6__p010__b01,crop,10.3389_fimmu.2024.1352946__5d7428a6__p010__b01,10.3389_fimmu.2024.1352946,10.3389_fimmu.2024.1352946.pdf,Immunology and Microbiology,10,1,Immunology and Microbiology/10.3389_fimmu.2024.1352946/crops/10.3389_fimmu.2024.1352946__5d7428a6__p010__b01.png
10.3389_fmicb.2024.1403168__2baed4e3__p001__b00,crop,10.3389_fmicb.2024.1403168__2baed4e3__p001__b00,10.3389_fmicb.2024.1403168,10.3389_fmicb.2024.1403168.pdf,Immunology and Microbiology,1,0,Immunology and Microbiology/10.3389_fmicb.2024.1403168/crops/10.3389_fmicb.2024.1403168__2baed4e3__p001__b00.png
10.3389_fmicb.2024.1403168__2baed4e3__p004__b00,crop,10.3389_fmicb.2024.1403168__2baed4e3__p004__b00,10.3389_fmicb.2024.1403168,10.3389_fmicb.2024.1403168.pdf,Immunology and Microbiology,4,0,Immunology and Microbiology/10.3389_fmicb.2024.1403168/crops/10.3389_fmicb.2024.1403168__2baed4e3__p004__b00.png
10.3389_fmicb.2024.1403168__2baed4e3__p004__b01,crop,10.3389_fmicb.2024.1403168__2baed4e3__p004__b01,10.3389_fmicb.2024.1403168,10.3389_fmicb.2024.1403168.pdf,Immunology and Microbiology,4,1,Immunology and Microbiology/10.3389_fmicb.2024.1403168/crops/10.3389_fmicb.2024.1403168__2baed4e3__p004__b01.png
10.3389_fmicb.2024.1403168__2baed4e3__p005__b00,crop,10.3389_fmicb.2024.1403168__2baed4e3__p005__b00,10.3389_fmicb.2024.1403168,10.3389_fmicb.2024.1403168.pdf,Immunology and Microbiology,5,0,Immunology and Microbiology/10.3389_fmicb.2024.1403168/crops/10.3389_fmicb.2024.1403168__2baed4e3__p005__b00.png
10.5551_jat.rv22015__7d75f3e5__p003__b00,crop,10.5551_jat.rv22015__7d75f3e5__p003__b00,10.5551_jat.rv22015,10.5551_jat.rv22015.pdf,Immunology and Microbiology,3,0,Immunology and Microbiology/10.5551_jat.rv22015/crops/10.5551_jat.rv22015__7d75f3e5__p003__b00.png
10.5551_jat.rv22015__7d75f3e5__p005__b00,crop,10.5551_jat.rv22015__7d75f3e5__p005__b00,10.5551_jat.rv22015,10.5551_jat.rv22015.pdf,Immunology and Microbiology,5,0,Immunology and Microbiology/10.5551_jat.rv22015/crops/10.5551_jat.rv22015__7d75f3e5__p005__b00.png
10.5551_jat.rv22015__7d75f3e5__p005__b01,crop,10.5551_jat.rv22015__7d75f3e5__p005__b01,10.5551_jat.rv22015,10.5551_jat.rv22015.pdf,Immunology and Microbiology,5,1,Immunology and Microbiology/10.5551_jat.rv22015/crops/10.5551_jat.rv22015__7d75f3e5__p005__b01.png
10.5551_jat.rv22015__7d75f3e5__p005__b02,crop,10.5551_jat.rv22015__7d75f3e5__p005__b02,10.5551_jat.rv22015,10.5551_jat.rv22015.pdf,Immunology and Microbiology,5,2,Immunology and Microbiology/10.5551_jat.rv22015/crops/10.5551_jat.rv22015__7d75f3e5__p005__b02.png
10.5551_jat.rv22015__7d75f3e5__p007__b00,crop,10.5551_jat.rv22015__7d75f3e5__p007__b00,10.5551_jat.rv22015,10.5551_jat.rv22015.pdf,Immunology and Microbiology,7,0,Immunology and Microbiology/10.5551_jat.rv22015/crops/10.5551_jat.rv22015__7d75f3e5__p007__b00.png
10.55927_ijis.v3i3.7337__ed210d11__p007__b00,crop,10.55927_ijis.v3i3.7337__ed210d11__p007__b00,10.55927_ijis.v3i3.7337,10.55927_ijis.v3i3.7337.pdf,Immunology and Microbiology,7,0,Immunology and Microbiology/10.55927_ijis.v3i3.7337/crops/10.55927_ijis.v3i3.7337__ed210d11__p007__b00.png
10.55927_ijis.v3i3.7337__ed210d11__p007__b01,crop,10.55927_ijis.v3i3.7337__ed210d11__p007__b01,10.55927_ijis.v3i3.7337,10.55927_ijis.v3i3.7337.pdf,Immunology and Microbiology,7,1,Immunology and Microbiology/10.55927_ijis.v3i3.7337/crops/10.55927_ijis.v3i3.7337__ed210d11__p007__b01.png
10.55927_ijis.v3i3.7337__ed210d11__p007__b02,crop,10.55927_ijis.v3i3.7337__ed210d11__p007__b02,10.55927_ijis.v3i3.7337,10.55927_ijis.v3i3.7337.pdf,Immunology and Microbiology,7,2,Immunology and Microbiology/10.55927_ijis.v3i3.7337/crops/10.55927_ijis.v3i3.7337__ed210d11__p007__b02.png
10.55927_ijis.v3i3.7337__ed210d11__p007__b03,crop,10.55927_ijis.v3i3.7337__ed210d11__p007__b03,10.55927_ijis.v3i3.7337,10.55927_ijis.v3i3.7337.pdf,Immunology and Microbiology,7,3,Immunology and Microbiology/10.55927_ijis.v3i3.7337/crops/10.55927_ijis.v3i3.7337__ed210d11__p007__b03.png
10.55927_ijis.v3i3.7337__ed210d11__p007__b04,crop,10.55927_ijis.v3i3.7337__ed210d11__p007__b04,10.55927_ijis.v3i3.7337,10.55927_ijis.v3i3.7337.pdf,Immunology and Microbiology,7,4,Immunology and Microbiology/10.55927_ijis.v3i3.7337/crops/10.55927_ijis.v3i3.7337__ed210d11__p007__b04.png
10.55927_ijis.v3i3.7337__ed210d11__p007__b05,crop,10.55927_ijis.v3i3.7337__ed210d11__p007__b05,10.55927_ijis.v3i3.7337,10.55927_ijis.v3i3.7337.pdf,Immunology and Microbiology,7,5,Immunology and Microbiology/10.55927_ijis.v3i3.7337/crops/10.55927_ijis.v3i3.7337__ed210d11__p007__b05.png
10.1038_s41524-024-01500-6__7b525269__p002__b00,crop,10.1038_s41524-024-01500-6__7b525269__p002__b00,10.1038_s41524-024-01500-6,10.1038_s41524-024-01500-6.pdf,Materials Science,2,0,Materials Science/10.1038_s41524-024-01500-6/crops/10.1038_s41524-024-01500-6__7b525269__p002__b00.png
10.1038_s41524-024-01500-6__7b525269__p002__b01,crop,10.1038_s41524-024-01500-6__7b525269__p002__b01,10.1038_s41524-024-01500-6,10.1038_s41524-024-01500-6.pdf,Materials Science,2,1,Materials Science/10.1038_s41524-024-01500-6/crops/10.1038_s41524-024-01500-6__7b525269__p002__b01.png
10.1038_s41524-024-01500-6__7b525269__p002__b02,crop,10.1038_s41524-024-01500-6__7b525269__p002__b02,10.1038_s41524-024-01500-6,10.1038_s41524-024-01500-6.pdf,Materials Science,2,2,Materials Science/10.1038_s41524-024-01500-6/crops/10.1038_s41524-024-01500-6__7b525269__p002__b02.png
10.1038_s41524-024-01500-6__7b525269__p003__b00,crop,10.1038_s41524-024-01500-6__7b525269__p003__b00,10.1038_s41524-024-01500-6,10.1038_s41524-024-01500-6.pdf,Materials Science,3,0,Materials Science/10.1038_s41524-024-01500-6/crops/10.1038_s41524-024-01500-6__7b525269__p003__b00.png
10.1038_s41524-024-01500-6__7b525269__p003__b01,crop,10.1038_s41524-024-01500-6__7b525269__p003__b01,10.1038_s41524-024-01500-6,10.1038_s41524-024-01500-6.pdf,Materials Science,3,1,Materials Science/10.1038_s41524-024-01500-6/crops/10.1038_s41524-024-01500-6__7b525269__p003__b01.png
10.1038_s41524-024-01500-6__7b525269__p003__b02,crop,10.1038_s41524-024-01500-6__7b525269__p003__b02,10.1038_s41524-024-01500-6,10.1038_s41524-024-01500-6.pdf,Materials Science,3,2,Materials Science/10.1038_s41524-024-01500-6/crops/10.1038_s41524-024-01500-6__7b525269__p003__b02.png
10.1038_s41524-024-01500-6__7b525269__p004__b00,crop,10.1038_s41524-024-01500-6__7b525269__p004__b00,10.1038_s41524-024-01500-6,10.1038_s41524-024-01500-6.pdf,Materials Science,4,0,Materials Science/10.1038_s41524-024-01500-6/crops/10.1038_s41524-024-01500-6__7b525269__p004__b00.png
10.1038_s41524-024-01500-6__7b525269__p004__b01,crop,10.1038_s41524-024-01500-6__7b525269__p004__b01,10.1038_s41524-024-01500-6,10.1038_s41524-024-01500-6.pdf,Materials Science,4,1,Materials Science/10.1038_s41524-024-01500-6/crops/10.1038_s41524-024-01500-6__7b525269__p004__b01.png
10.1038_s41524-024-01500-6__7b525269__p004__b02,crop,10.1038_s41524-024-01500-6__7b525269__p004__b02,10.1038_s41524-024-01500-6,10.1038_s41524-024-01500-6.pdf,Materials Science,4,2,Materials Science/10.1038_s41524-024-01500-6/crops/10.1038_s41524-024-01500-6__7b525269__p004__b02.png
10.1038_s41524-024-01500-6__7b525269__p004__b03,crop,10.1038_s41524-024-01500-6__7b525269__p004__b03,10.1038_s41524-024-01500-6,10.1038_s41524-024-01500-6.pdf,Materials Science,4,3,Materials Science/10.1038_s41524-024-01500-6/crops/10.1038_s41524-024-01500-6__7b525269__p004__b03.png
10.1038_s41524-024-01500-6__7b525269__p005__b00,crop,10.1038_s41524-024-01500-6__7b525269__p005__b00,10.1038_s41524-024-01500-6,10.1038_s41524-024-01500-6.pdf,Materials Science,5,0,Materials Science/10.1038_s41524-024-01500-6/crops/10.1038_s41524-024-01500-6__7b525269__p005__b00.png
10.1038_s41524-024-01500-6__7b525269__p005__b01,crop,10.1038_s41524-024-01500-6__7b525269__p005__b01,10.1038_s41524-024-01500-6,10.1038_s41524-024-01500-6.pdf,Materials Science,5,1,Materials Science/10.1038_s41524-024-01500-6/crops/10.1038_s41524-024-01500-6__7b525269__p005__b01.png
10.1038_s41524-024-01500-6__7b525269__p006__b00,crop,10.1038_s41524-024-01500-6__7b525269__p006__b00,10.1038_s41524-024-01500-6,10.1038_s41524-024-01500-6.pdf,Materials Science,6,0,Materials Science/10.1038_s41524-024-01500-6/crops/10.1038_s41524-024-01500-6__7b525269__p006__b00.png
10.1038_s41524-024-01500-6__7b525269__p006__b01,crop,10.1038_s41524-024-01500-6__7b525269__p006__b01,10.1038_s41524-024-01500-6,10.1038_s41524-024-01500-6.pdf,Materials Science,6,1,Materials Science/10.1038_s41524-024-01500-6/crops/10.1038_s41524-024-01500-6__7b525269__p006__b01.png
10.1111_jpy.13431__ad03a486__p001__b00,crop,10.1111_jpy.13431__ad03a486__p001__b00,10.1111_jpy.13431,10.1111_jpy.13431.pdf,Materials Science,1,0,Materials Science/10.1111_jpy.13431/crops/10.1111_jpy.13431__ad03a486__p001__b00.png
10.1111_jpy.13431__ad03a486__p003__b00,crop,10.1111_jpy.13431__ad03a486__p003__b00,10.1111_jpy.13431,10.1111_jpy.13431.pdf,Materials Science,3,0,Materials Science/10.1111_jpy.13431/crops/10.1111_jpy.13431__ad03a486__p003__b00.png
10.1111_jpy.13431__ad03a486__p011__b00,crop,10.1111_jpy.13431__ad03a486__p011__b00,10.1111_jpy.13431,10.1111_jpy.13431.pdf,Materials Science,11,0,Materials Science/10.1111_jpy.13431/crops/10.1111_jpy.13431__ad03a486__p011__b00.png
10.31032_ijbpas_2025_14.4.8878__e02b8933__p001__b00,crop,10.31032_ijbpas_2025_14.4.8878__e02b8933__p001__b00,10.31032_ijbpas_2025_14.4.8878,10.31032_ijbpas_2025_14.4.8878.pdf,Materials Science,1,0,Materials Science/10.31032_ijbpas_2025_14.4.8878/crops/10.31032_ijbpas_2025_14.4.8878__e02b8933__p001__b00.png
10.3389_fchem.2023.1327426__9db1a163__p001__b00,crop,10.3389_fchem.2023.1327426__9db1a163__p001__b00,10.3389_fchem.2023.1327426,10.3389_fchem.2023.1327426.pdf,Materials Science,1,0,Materials Science/10.3389_fchem.2023.1327426/crops/10.3389_fchem.2023.1327426__9db1a163__p001__b00.png
10.3389_fchem.2023.1327426__9db1a163__p002__b00,crop,10.3389_fchem.2023.1327426__9db1a163__p002__b00,10.3389_fchem.2023.1327426,10.3389_fchem.2023.1327426.pdf,Materials Science,2,0,Materials Science/10.3389_fchem.2023.1327426/crops/10.3389_fchem.2023.1327426__9db1a163__p002__b00.png
10.3389_fchem.2023.1327426__9db1a163__p002__b01,crop,10.3389_fchem.2023.1327426__9db1a163__p002__b01,10.3389_fchem.2023.1327426,10.3389_fchem.2023.1327426.pdf,Materials Science,2,1,Materials Science/10.3389_fchem.2023.1327426/crops/10.3389_fchem.2023.1327426__9db1a163__p002__b01.png
10.3389_fchem.2023.1327426__9db1a163__p002__b02,crop,10.3389_fchem.2023.1327426__9db1a163__p002__b02,10.3389_fchem.2023.1327426,10.3389_fchem.2023.1327426.pdf,Materials Science,2,2,Materials Science/10.3389_fchem.2023.1327426/crops/10.3389_fchem.2023.1327426__9db1a163__p002__b02.png
10.3389_fchem.2023.1327426__9db1a163__p002__b03,crop,10.3389_fchem.2023.1327426__9db1a163__p002__b03,10.3389_fchem.2023.1327426,10.3389_fchem.2023.1327426.pdf,Materials Science,2,3,Materials Science/10.3389_fchem.2023.1327426/crops/10.3389_fchem.2023.1327426__9db1a163__p002__b03.png
10.3389_fchem.2023.1327426__9db1a163__p002__b04,crop,10.3389_fchem.2023.1327426__9db1a163__p002__b04,10.3389_fchem.2023.1327426,10.3389_fchem.2023.1327426.pdf,Materials Science,2,4,Materials Science/10.3389_fchem.2023.1327426/crops/10.3389_fchem.2023.1327426__9db1a163__p002__b04.png
10.3389_fchem.2023.1327426__9db1a163__p002__b05,crop,10.3389_fchem.2023.1327426__9db1a163__p002__b05,10.3389_fchem.2023.1327426,10.3389_fchem.2023.1327426.pdf,Materials Science,2,5,Materials Science/10.3389_fchem.2023.1327426/crops/10.3389_fchem.2023.1327426__9db1a163__p002__b05.png
10.3389_fchem.2023.1327426__9db1a163__p002__b06,crop,10.3389_fchem.2023.1327426__9db1a163__p002__b06,10.3389_fchem.2023.1327426,10.3389_fchem.2023.1327426.pdf,Materials Science,2,6,Materials Science/10.3389_fchem.2023.1327426/crops/10.3389_fchem.2023.1327426__9db1a163__p002__b06.png
10.3389_fchem.2023.1327426__9db1a163__p002__b07,crop,10.3389_fchem.2023.1327426__9db1a163__p002__b07,10.3389_fchem.2023.1327426,10.3389_fchem.2023.1327426.pdf,Materials Science,2,7,Materials Science/10.3389_fchem.2023.1327426/crops/10.3389_fchem.2023.1327426__9db1a163__p002__b07.png
10.3389_fchem.2023.1327426__9db1a163__p004__b00,crop,10.3389_fchem.2023.1327426__9db1a163__p004__b00,10.3389_fchem.2023.1327426,10.3389_fchem.2023.1327426.pdf,Materials Science,4,0,Materials Science/10.3389_fchem.2023.1327426/crops/10.3389_fchem.2023.1327426__9db1a163__p004__b00.png
10.3389_fchem.2023.1327426__9db1a163__p005__b00,crop,10.3389_fchem.2023.1327426__9db1a163__p005__b00,10.3389_fchem.2023.1327426,10.3389_fchem.2023.1327426.pdf,Materials Science,5,0,Materials Science/10.3389_fchem.2023.1327426/crops/10.3389_fchem.2023.1327426__9db1a163__p005__b00.png
10.3389_fchem.2023.1327426__9db1a163__p008__b00,crop,10.3389_fchem.2023.1327426__9db1a163__p008__b00,10.3389_fchem.2023.1327426,10.3389_fchem.2023.1327426.pdf,Materials Science,8,0,Materials Science/10.3389_fchem.2023.1327426/crops/10.3389_fchem.2023.1327426__9db1a163__p008__b00.png
10.3389_fchem.2023.1327426__9db1a163__p009__b00,crop,10.3389_fchem.2023.1327426__9db1a163__p009__b00,10.3389_fchem.2023.1327426,10.3389_fchem.2023.1327426.pdf,Materials Science,9,0,Materials Science/10.3389_fchem.2023.1327426/crops/10.3389_fchem.2023.1327426__9db1a163__p009__b00.png
10.3389_fchem.2023.1327426__9db1a163__p009__b01,crop,10.3389_fchem.2023.1327426__9db1a163__p009__b01,10.3389_fchem.2023.1327426,10.3389_fchem.2023.1327426.pdf,Materials Science,9,1,Materials Science/10.3389_fchem.2023.1327426/crops/10.3389_fchem.2023.1327426__9db1a163__p009__b01.png
10.3389_fchem.2023.1327426__9db1a163__p012__b00,crop,10.3389_fchem.2023.1327426__9db1a163__p012__b00,10.3389_fchem.2023.1327426,10.3389_fchem.2023.1327426.pdf,Materials Science,12,0,Materials Science/10.3389_fchem.2023.1327426/crops/10.3389_fchem.2023.1327426__9db1a163__p012__b00.png
10.3389_fnano.2024.1456939__6e4c1890__p003__b00,crop,10.3389_fnano.2024.1456939__6e4c1890__p003__b00,10.3389_fnano.2024.1456939,10.3389_fnano.2024.1456939.pdf,Materials Science,3,0,Materials Science/10.3389_fnano.2024.1456939/crops/10.3389_fnano.2024.1456939__6e4c1890__p003__b00.png
10.3389_fnano.2024.1456939__6e4c1890__p004__b00,crop,10.3389_fnano.2024.1456939__6e4c1890__p004__b00,10.3389_fnano.2024.1456939,10.3389_fnano.2024.1456939.pdf,Materials Science,4,0,Materials Science/10.3389_fnano.2024.1456939/crops/10.3389_fnano.2024.1456939__6e4c1890__p004__b00.png
10.3389_fnano.2024.1456939__6e4c1890__p005__b00,crop,10.3389_fnano.2024.1456939__6e4c1890__p005__b00,10.3389_fnano.2024.1456939,10.3389_fnano.2024.1456939.pdf,Materials Science,5,0,Materials Science/10.3389_fnano.2024.1456939/crops/10.3389_fnano.2024.1456939__6e4c1890__p005__b00.png
10.3389_fnano.2024.1456939__6e4c1890__p006__b00,crop,10.3389_fnano.2024.1456939__6e4c1890__p006__b00,10.3389_fnano.2024.1456939,10.3389_fnano.2024.1456939.pdf,Materials Science,6,0,Materials Science/10.3389_fnano.2024.1456939/crops/10.3389_fnano.2024.1456939__6e4c1890__p006__b00.png
10.3389_fnano.2024.1456939__6e4c1890__p010__b00,crop,10.3389_fnano.2024.1456939__6e4c1890__p010__b00,10.3389_fnano.2024.1456939,10.3389_fnano.2024.1456939.pdf,Materials Science,10,0,Materials Science/10.3389_fnano.2024.1456939/crops/10.3389_fnano.2024.1456939__6e4c1890__p010__b00.png
10.3389_fnano.2024.1456939__6e4c1890__p014__b00,crop,10.3389_fnano.2024.1456939__6e4c1890__p014__b00,10.3389_fnano.2024.1456939,10.3389_fnano.2024.1456939.pdf,Materials Science,14,0,Materials Science/10.3389_fnano.2024.1456939/crops/10.3389_fnano.2024.1456939__6e4c1890__p014__b00.png
10.1002_hsr2.2004__5a361945__p001__b00,crop,10.1002_hsr2.2004__5a361945__p001__b00,10.1002_hsr2.2004,10.1002_hsr2.2004.pdf,Medicine,1,0,Medicine/10.1002_hsr2.2004/crops/10.1002_hsr2.2004__5a361945__p001__b00.png
10.1002_hsr2.2004__5a361945__p002__b00,crop,10.1002_hsr2.2004__5a361945__p002__b00,10.1002_hsr2.2004,10.1002_hsr2.2004.pdf,Medicine,2,0,Medicine/10.1002_hsr2.2004/crops/10.1002_hsr2.2004__5a361945__p002__b00.png
10.1016_s0140-6736_24_01296-0__26579088__p001__b00,crop,10.1016_s0140-6736_24_01296-0__26579088__p001__b00,10.1016_s0140-6736(24)01296-0,10.1016_s0140-6736(24)01296-0.pdf,Medicine,1,0,Medicine/10.1016_s0140-6736(24)01296-0/crops/10.1016_s0140-6736_24_01296-0__26579088__p001__b00.png
10.1016_s0140-6736_24_01296-0__26579088__p001__b01,crop,10.1016_s0140-6736_24_01296-0__26579088__p001__b01,10.1016_s0140-6736(24)01296-0,10.1016_s0140-6736(24)01296-0.pdf,Medicine,1,1,Medicine/10.1016_s0140-6736(24)01296-0/crops/10.1016_s0140-6736_24_01296-0__26579088__p001__b01.png
10.1016_s0140-6736_24_01296-0__26579088__p002__b00,crop,10.1016_s0140-6736_24_01296-0__26579088__p002__b00,10.1016_s0140-6736(24)01296-0,10.1016_s0140-6736(24)01296-0.pdf,Medicine,2,0,Medicine/10.1016_s0140-6736(24)01296-0/crops/10.1016_s0140-6736_24_01296-0__26579088__p002__b00.png
10.1038_s41598-024-56706-x__b8a75bcc__p003__b00,crop,10.1038_s41598-024-56706-x__b8a75bcc__p003__b00,10.1038_s41598-024-56706-x,10.1038_s41598-024-56706-x.pdf,Medicine,3,0,Medicine/10.1038_s41598-024-56706-x/crops/10.1038_s41598-024-56706-x__b8a75bcc__p003__b00.png
10.1038_s41598-024-56706-x__b8a75bcc__p005__b00,crop,10.1038_s41598-024-56706-x__b8a75bcc__p005__b00,10.1038_s41598-024-56706-x,10.1038_s41598-024-56706-x.pdf,Medicine,5,0,Medicine/10.1038_s41598-024-56706-x/crops/10.1038_s41598-024-56706-x__b8a75bcc__p005__b00.png
10.1038_s41598-024-56706-x__b8a75bcc__p007__b00,crop,10.1038_s41598-024-56706-x__b8a75bcc__p007__b00,10.1038_s41598-024-56706-x,10.1038_s41598-024-56706-x.pdf,Medicine,7,0,Medicine/10.1038_s41598-024-56706-x/crops/10.1038_s41598-024-56706-x__b8a75bcc__p007__b00.png
10.1038_s41598-024-56706-x__b8a75bcc__p007__b01,crop,10.1038_s41598-024-56706-x__b8a75bcc__p007__b01,10.1038_s41598-024-56706-x,10.1038_s41598-024-56706-x.pdf,Medicine,7,1,Medicine/10.1038_s41598-024-56706-x/crops/10.1038_s41598-024-56706-x__b8a75bcc__p007__b01.png
10.1038_s41598-024-56706-x__b8a75bcc__p011__b00,crop,10.1038_s41598-024-56706-x__b8a75bcc__p011__b00,10.1038_s41598-024-56706-x,10.1038_s41598-024-56706-x.pdf,Medicine,11,0,Medicine/10.1038_s41598-024-56706-x/crops/10.1038_s41598-024-56706-x__b8a75bcc__p011__b00.png
10.1056_nejmoa2312117__c2ac0eeb__p001__b00,crop,10.1056_nejmoa2312117__c2ac0eeb__p001__b00,10.1056_nejmoa2312117,10.1056_nejmoa2312117.pdf,Medicine,1,0,Medicine/10.1056_nejmoa2312117/crops/10.1056_nejmoa2312117__c2ac0eeb__p001__b00.png
10.1056_nejmoa2312117__c2ac0eeb__p008__b00,crop,10.1056_nejmoa2312117__c2ac0eeb__p008__b00,10.1056_nejmoa2312117,10.1056_nejmoa2312117.pdf,Medicine,8,0,Medicine/10.1056_nejmoa2312117/crops/10.1056_nejmoa2312117__c2ac0eeb__p008__b00.png
10.1056_nejmoa2312117__c2ac0eeb__p010__b00,crop,10.1056_nejmoa2312117__c2ac0eeb__p010__b00,10.1056_nejmoa2312117,10.1056_nejmoa2312117.pdf,Medicine,10,0,Medicine/10.1056_nejmoa2312117/crops/10.1056_nejmoa2312117__c2ac0eeb__p010__b00.png
10.1056_nejmoa2312117__c2ac0eeb__p014__b00,crop,10.1056_nejmoa2312117__c2ac0eeb__p014__b00,10.1056_nejmoa2312117,10.1056_nejmoa2312117.pdf,Medicine,14,0,Medicine/10.1056_nejmoa2312117/crops/10.1056_nejmoa2312117__c2ac0eeb__p014__b00.png
10.1056_nejmoa2312117__c2ac0eeb__p014__b01,crop,10.1056_nejmoa2312117__c2ac0eeb__p014__b01,10.1056_nejmoa2312117,10.1056_nejmoa2312117.pdf,Medicine,14,1,Medicine/10.1056_nejmoa2312117/crops/10.1056_nejmoa2312117__c2ac0eeb__p014__b01.png
10.1056_nejmoa2312117__c2ac0eeb__p014__b02,crop,10.1056_nejmoa2312117__c2ac0eeb__p014__b02,10.1056_nejmoa2312117,10.1056_nejmoa2312117.pdf,Medicine,14,2,Medicine/10.1056_nejmoa2312117/crops/10.1056_nejmoa2312117__c2ac0eeb__p014__b02.png
10.1056_nejmoa2312117__c2ac0eeb__p014__b03,crop,10.1056_nejmoa2312117__c2ac0eeb__p014__b03,10.1056_nejmoa2312117,10.1056_nejmoa2312117.pdf,Medicine,14,3,Medicine/10.1056_nejmoa2312117/crops/10.1056_nejmoa2312117__c2ac0eeb__p014__b03.png
10.1056_nejmoa2312117__c2ac0eeb__p014__b04,crop,10.1056_nejmoa2312117__c2ac0eeb__p014__b04,10.1056_nejmoa2312117,10.1056_nejmoa2312117.pdf,Medicine,14,4,Medicine/10.1056_nejmoa2312117/crops/10.1056_nejmoa2312117__c2ac0eeb__p014__b04.png
10.1056_nejmoa2312117__c2ac0eeb__p014__b05,crop,10.1056_nejmoa2312117__c2ac0eeb__p014__b05,10.1056_nejmoa2312117,10.1056_nejmoa2312117.pdf,Medicine,14,5,Medicine/10.1056_nejmoa2312117/crops/10.1056_nejmoa2312117__c2ac0eeb__p014__b05.png
10.1056_nejmoa2312117__c2ac0eeb__p014__b06,crop,10.1056_nejmoa2312117__c2ac0eeb__p014__b06,10.1056_nejmoa2312117,10.1056_nejmoa2312117.pdf,Medicine,14,6,Medicine/10.1056_nejmoa2312117/crops/10.1056_nejmoa2312117__c2ac0eeb__p014__b06.png
10.1186_s13195-024-01666-7__d3b3295c__p003__b00,crop,10.1186_s13195-024-01666-7__d3b3295c__p003__b00,10.1186_s13195-024-01666-7,10.1186_s13195-024-01666-7.pdf,Medicine,3,0,Medicine/10.1186_s13195-024-01666-7/crops/10.1186_s13195-024-01666-7__d3b3295c__p003__b00.png
10.1186_s13195-024-01666-7__d3b3295c__p007__b00,crop,10.1186_s13195-024-01666-7__d3b3295c__p007__b00,10.1186_s13195-024-01666-7,10.1186_s13195-024-01666-7.pdf,Medicine,7,0,Medicine/10.1186_s13195-024-01666-7/crops/10.1186_s13195-024-01666-7__d3b3295c__p007__b00.png
10.1186_s13195-024-01666-7__d3b3295c__p008__b00,crop,10.1186_s13195-024-01666-7__d3b3295c__p008__b00,10.1186_s13195-024-01666-7,10.1186_s13195-024-01666-7.pdf,Medicine,8,0,Medicine/10.1186_s13195-024-01666-7/crops/10.1186_s13195-024-01666-7__d3b3295c__p008__b00.png
10.3126_jmcjms.v12i02.69143__4feaff8e__p002__b00,crop,10.3126_jmcjms.v12i02.69143__4feaff8e__p002__b00,10.3126_jmcjms.v12i02.69143,10.3126_jmcjms.v12i02.69143.pdf,Medicine,2,0,Medicine/10.3126_jmcjms.v12i02.69143/crops/10.3126_jmcjms.v12i02.69143__4feaff8e__p002__b00.png
10.1038_s41398-024-02921-z__d7c13379__p002__b00,crop,10.1038_s41398-024-02921-z__d7c13379__p002__b00,10.1038_s41398-024-02921-z,10.1038_s41398-024-02921-z.pdf,Neuroscience,2,0,Neuroscience/10.1038_s41398-024-02921-z/crops/10.1038_s41398-024-02921-z__d7c13379__p002__b00.png
10.1038_s41398-024-02921-z__d7c13379__p002__b01,crop,10.1038_s41398-024-02921-z__d7c13379__p002__b01,10.1038_s41398-024-02921-z,10.1038_s41398-024-02921-z.pdf,Neuroscience,2,1,Neuroscience/10.1038_s41398-024-02921-z/crops/10.1038_s41398-024-02921-z__d7c13379__p002__b01.png
10.1038_s41398-024-02921-z__d7c13379__p005__b00,crop,10.1038_s41398-024-02921-z__d7c13379__p005__b00,10.1038_s41398-024-02921-z,10.1038_s41398-024-02921-z.pdf,Neuroscience,5,0,Neuroscience/10.1038_s41398-024-02921-z/crops/10.1038_s41398-024-02921-z__d7c13379__p005__b00.png
10.1038_s41398-024-02921-z__d7c13379__p008__b00,crop,10.1038_s41398-024-02921-z__d7c13379__p008__b00,10.1038_s41398-024-02921-z,10.1038_s41398-024-02921-z.pdf,Neuroscience,8,0,Neuroscience/10.1038_s41398-024-02921-z/crops/10.1038_s41398-024-02921-z__d7c13379__p008__b00.png
10.1038_s41398-024-02921-z__d7c13379__p008__b01,crop,10.1038_s41398-024-02921-z__d7c13379__p008__b01,10.1038_s41398-024-02921-z,10.1038_s41398-024-02921-z.pdf,Neuroscience,8,1,Neuroscience/10.1038_s41398-024-02921-z/crops/10.1038_s41398-024-02921-z__d7c13379__p008__b01.png
10.1038_s41398-024-02921-z__d7c13379__p008__b02,crop,10.1038_s41398-024-02921-z__d7c13379__p008__b02,10.1038_s41398-024-02921-z,10.1038_s41398-024-02921-z.pdf,Neuroscience,8,2,Neuroscience/10.1038_s41398-024-02921-z/crops/10.1038_s41398-024-02921-z__d7c13379__p008__b02.png
10.1038_s41420-024-01960-1__39c0b1b4__p001__b00,crop,10.1038_s41420-024-01960-1__39c0b1b4__p001__b00,10.1038_s41420-024-01960-1,10.1038_s41420-024-01960-1.pdf,Neuroscience,1,0,Neuroscience/10.1038_s41420-024-01960-1/crops/10.1038_s41420-024-01960-1__39c0b1b4__p001__b00.png
10.1038_s41420-024-01960-1__39c0b1b4__p002__b00,crop,10.1038_s41420-024-01960-1__39c0b1b4__p002__b00,10.1038_s41420-024-01960-1,10.1038_s41420-024-01960-1.pdf,Neuroscience,2,0,Neuroscience/10.1038_s41420-024-01960-1/crops/10.1038_s41420-024-01960-1__39c0b1b4__p002__b00.png
10.1038_s41420-024-01960-1__39c0b1b4__p006__b00,crop,10.1038_s41420-024-01960-1__39c0b1b4__p006__b00,10.1038_s41420-024-01960-1,10.1038_s41420-024-01960-1.pdf,Neuroscience,6,0,Neuroscience/10.1038_s41420-024-01960-1/crops/10.1038_s41420-024-01960-1__39c0b1b4__p006__b00.png
10.1038_s41420-024-01960-1__39c0b1b4__p008__b00,crop,10.1038_s41420-024-01960-1__39c0b1b4__p008__b00,10.1038_s41420-024-01960-1,10.1038_s41420-024-01960-1.pdf,Neuroscience,8,0,Neuroscience/10.1038_s41420-024-01960-1/crops/10.1038_s41420-024-01960-1__39c0b1b4__p008__b00.png
10.1038_s44323-025-00024-6__e4fd84c6__p002__b00,crop,10.1038_s44323-025-00024-6__e4fd84c6__p002__b00,10.1038_s44323-025-00024-6,10.1038_s44323-025-00024-6.pdf,Neuroscience,2,0,Neuroscience/10.1038_s44323-025-00024-6/crops/10.1038_s44323-025-00024-6__e4fd84c6__p002__b00.png
10.1038_s44323-025-00024-6__e4fd84c6__p002__b01,crop,10.1038_s44323-025-00024-6__e4fd84c6__p002__b01,10.1038_s44323-025-00024-6,10.1038_s44323-025-00024-6.pdf,Neuroscience,2,1,Neuroscience/10.1038_s44323-025-00024-6/crops/10.1038_s44323-025-00024-6__e4fd84c6__p002__b01.png
10.1056_nejmoa2314132__69e8a3c5__p002__b00,crop,10.1056_nejmoa2314132__69e8a3c5__p002__b00,10.1056_nejmoa2314132,10.1056_nejmoa2314132.pdf,Neuroscience,2,0,Neuroscience/10.1056_nejmoa2314132/crops/10.1056_nejmoa2314132__69e8a3c5__p002__b00.png
10.1056_nejmoa2314132__69e8a3c5__p002__b01,crop,10.1056_nejmoa2314132__69e8a3c5__p002__b01,10.1056_nejmoa2314132,10.1056_nejmoa2314132.pdf,Neuroscience,2,1,Neuroscience/10.1056_nejmoa2314132/crops/10.1056_nejmoa2314132__69e8a3c5__p002__b01.png
10.1056_nejmoa2314132__69e8a3c5__p012__b00,crop,10.1056_nejmoa2314132__69e8a3c5__p012__b00,10.1056_nejmoa2314132,10.1056_nejmoa2314132.pdf,Neuroscience,12,0,Neuroscience/10.1056_nejmoa2314132/crops/10.1056_nejmoa2314132__69e8a3c5__p012__b00.png
10.1056_nejmoa2314132__69e8a3c5__p012__b01,crop,10.1056_nejmoa2314132__69e8a3c5__p012__b01,10.1056_nejmoa2314132,10.1056_nejmoa2314132.pdf,Neuroscience,12,1,Neuroscience/10.1056_nejmoa2314132/crops/10.1056_nejmoa2314132__69e8a3c5__p012__b01.png
10.1056_nejmoa2314132__69e8a3c5__p013__b00,crop,10.1056_nejmoa2314132__69e8a3c5__p013__b00,10.1056_nejmoa2314132,10.1056_nejmoa2314132.pdf,Neuroscience,13,0,Neuroscience/10.1056_nejmoa2314132/crops/10.1056_nejmoa2314132__69e8a3c5__p013__b00.png
10.1056_nejmoa2314132__69e8a3c5__p013__b01,crop,10.1056_nejmoa2314132__69e8a3c5__p013__b01,10.1056_nejmoa2314132,10.1056_nejmoa2314132.pdf,Neuroscience,13,1,Neuroscience/10.1056_nejmoa2314132/crops/10.1056_nejmoa2314132__69e8a3c5__p013__b01.png
10.1056_nejmoa2314132__69e8a3c5__p014__b00,crop,10.1056_nejmoa2314132__69e8a3c5__p014__b00,10.1056_nejmoa2314132,10.1056_nejmoa2314132.pdf,Neuroscience,14,0,Neuroscience/10.1056_nejmoa2314132/crops/10.1056_nejmoa2314132__69e8a3c5__p014__b00.png
10.1056_nejmoa2314132__69e8a3c5__p015__b00,crop,10.1056_nejmoa2314132__69e8a3c5__p015__b00,10.1056_nejmoa2314132,10.1056_nejmoa2314132.pdf,Neuroscience,15,0,Neuroscience/10.1056_nejmoa2314132/crops/10.1056_nejmoa2314132__69e8a3c5__p015__b00.png
10.1056_nejmoa2314132__69e8a3c5__p015__b01,crop,10.1056_nejmoa2314132__69e8a3c5__p015__b01,10.1056_nejmoa2314132,10.1056_nejmoa2314132.pdf,Neuroscience,15,1,Neuroscience/10.1056_nejmoa2314132/crops/10.1056_nejmoa2314132__69e8a3c5__p015__b01.png
10.3389_fnagi.2024.1347987__ed93ad14__p003__b00,crop,10.3389_fnagi.2024.1347987__ed93ad14__p003__b00,10.3389_fnagi.2024.1347987,10.3389_fnagi.2024.1347987.pdf,Neuroscience,3,0,Neuroscience/10.3389_fnagi.2024.1347987/crops/10.3389_fnagi.2024.1347987__ed93ad14__p003__b00.png
10.3389_fnagi.2024.1347987__ed93ad14__p005__b00,crop,10.3389_fnagi.2024.1347987__ed93ad14__p005__b00,10.3389_fnagi.2024.1347987,10.3389_fnagi.2024.1347987.pdf,Neuroscience,5,0,Neuroscience/10.3389_fnagi.2024.1347987/crops/10.3389_fnagi.2024.1347987__ed93ad14__p005__b00.png
10.3389_fnagi.2024.1347987__ed93ad14__p007__b00,crop,10.3389_fnagi.2024.1347987__ed93ad14__p007__b00,10.3389_fnagi.2024.1347987,10.3389_fnagi.2024.1347987.pdf,Neuroscience,7,0,Neuroscience/10.3389_fnagi.2024.1347987/crops/10.3389_fnagi.2024.1347987__ed93ad14__p007__b00.png
10.3389_fnagi.2024.1347987__ed93ad14__p008__b00,crop,10.3389_fnagi.2024.1347987__ed93ad14__p008__b00,10.3389_fnagi.2024.1347987,10.3389_fnagi.2024.1347987.pdf,Neuroscience,8,0,Neuroscience/10.3389_fnagi.2024.1347987/crops/10.3389_fnagi.2024.1347987__ed93ad14__p008__b00.png
10.3389_fnagi.2024.1347987__ed93ad14__p013__b00,crop,10.3389_fnagi.2024.1347987__ed93ad14__p013__b00,10.3389_fnagi.2024.1347987,10.3389_fnagi.2024.1347987.pdf,Neuroscience,13,0,Neuroscience/10.3389_fnagi.2024.1347987/crops/10.3389_fnagi.2024.1347987__ed93ad14__p013__b00.png
10.1007_s13346-024-01558-1__8d5d3839__p005__b00,crop,10.1007_s13346-024-01558-1__8d5d3839__p005__b00,10.1007_s13346-024-01558-1,10.1007_s13346-024-01558-1.pdf,"Pharmacology, Toxicology and Pharmaceutics",5,0,"Pharmacology, Toxicology and Pharmaceutics/10.1007_s13346-024-01558-1/crops/10.1007_s13346-024-01558-1__8d5d3839__p005__b00.png"
10.1007_s13346-024-01558-1__8d5d3839__p011__b00,crop,10.1007_s13346-024-01558-1__8d5d3839__p011__b00,10.1007_s13346-024-01558-1,10.1007_s13346-024-01558-1.pdf,"Pharmacology, Toxicology and Pharmaceutics",11,0,"Pharmacology, Toxicology and Pharmaceutics/10.1007_s13346-024-01558-1/crops/10.1007_s13346-024-01558-1__8d5d3839__p011__b00.png"
10.1007_s13346-024-01558-1__8d5d3839__p011__b01,crop,10.1007_s13346-024-01558-1__8d5d3839__p011__b01,10.1007_s13346-024-01558-1,10.1007_s13346-024-01558-1.pdf,"Pharmacology, Toxicology and Pharmaceutics",11,1,"Pharmacology, Toxicology and Pharmaceutics/10.1007_s13346-024-01558-1/crops/10.1007_s13346-024-01558-1__8d5d3839__p011__b01.png"
10.1007_s13346-024-01558-1__8d5d3839__p011__b02,crop,10.1007_s13346-024-01558-1__8d5d3839__p011__b02,10.1007_s13346-024-01558-1,10.1007_s13346-024-01558-1.pdf,"Pharmacology, Toxicology and Pharmaceutics",11,2,"Pharmacology, Toxicology and Pharmaceutics/10.1007_s13346-024-01558-1/crops/10.1007_s13346-024-01558-1__8d5d3839__p011__b02.png"
10.1007_s13346-024-01558-1__8d5d3839__p011__b03,crop,10.1007_s13346-024-01558-1__8d5d3839__p011__b03,10.1007_s13346-024-01558-1,10.1007_s13346-024-01558-1.pdf,"Pharmacology, Toxicology and Pharmaceutics",11,3,"Pharmacology, Toxicology and Pharmaceutics/10.1007_s13346-024-01558-1/crops/10.1007_s13346-024-01558-1__8d5d3839__p011__b03.png"
10.1007_s13346-024-01558-1__8d5d3839__p011__b04,crop,10.1007_s13346-024-01558-1__8d5d3839__p011__b04,10.1007_s13346-024-01558-1,10.1007_s13346-024-01558-1.pdf,"Pharmacology, Toxicology and Pharmaceutics",11,4,"Pharmacology, Toxicology and Pharmaceutics/10.1007_s13346-024-01558-1/crops/10.1007_s13346-024-01558-1__8d5d3839__p011__b04.png"
10.1007_s13346-024-01558-1__8d5d3839__p011__b05,crop,10.1007_s13346-024-01558-1__8d5d3839__p011__b05,10.1007_s13346-024-01558-1,10.1007_s13346-024-01558-1.pdf,"Pharmacology, Toxicology and Pharmaceutics",11,5,"Pharmacology, Toxicology and Pharmaceutics/10.1007_s13346-024-01558-1/crops/10.1007_s13346-024-01558-1__8d5d3839__p011__b05.png"
10.1007_s40264-025-01548-3__831effa3__p002__b00,crop,10.1007_s40264-025-01548-3__831effa3__p002__b00,10.1007_s40264-025-01548-3,10.1007_s40264-025-01548-3.pdf,"Pharmacology, Toxicology and Pharmaceutics",2,0,"Pharmacology, Toxicology and Pharmaceutics/10.1007_s40264-025-01548-3/crops/10.1007_s40264-025-01548-3__831effa3__p002__b00.png"
10.1007_s40264-025-01548-3__831effa3__p006__b00,crop,10.1007_s40264-025-01548-3__831effa3__p006__b00,10.1007_s40264-025-01548-3,10.1007_s40264-025-01548-3.pdf,"Pharmacology, Toxicology and Pharmaceutics",6,0,"Pharmacology, Toxicology and Pharmaceutics/10.1007_s40264-025-01548-3/crops/10.1007_s40264-025-01548-3__831effa3__p006__b00.png"
10.1007_s40264-025-01548-3__831effa3__p008__b00,crop,10.1007_s40264-025-01548-3__831effa3__p008__b00,10.1007_s40264-025-01548-3,10.1007_s40264-025-01548-3.pdf,"Pharmacology, Toxicology and Pharmaceutics",8,0,"Pharmacology, Toxicology and Pharmaceutics/10.1007_s40264-025-01548-3/crops/10.1007_s40264-025-01548-3__831effa3__p008__b00.png"
10.1021_jacs.3c11515__bd25d692__p002__b00,crop,10.1021_jacs.3c11515__bd25d692__p002__b00,10.1021_jacs.3c11515,10.1021_jacs.3c11515.pdf,"Pharmacology, Toxicology and Pharmaceutics",2,0,"Pharmacology, Toxicology and Pharmaceutics/10.1021_jacs.3c11515/crops/10.1021_jacs.3c11515__bd25d692__p002__b00.png"
10.1021_jacs.3c11515__bd25d692__p003__b00,crop,10.1021_jacs.3c11515__bd25d692__p003__b00,10.1021_jacs.3c11515,10.1021_jacs.3c11515.pdf,"Pharmacology, Toxicology and Pharmaceutics",3,0,"Pharmacology, Toxicology and Pharmaceutics/10.1021_jacs.3c11515/crops/10.1021_jacs.3c11515__bd25d692__p003__b00.png"
10.1021_jacs.3c11515__bd25d692__p012__b00,crop,10.1021_jacs.3c11515__bd25d692__p012__b00,10.1021_jacs.3c11515,10.1021_jacs.3c11515.pdf,"Pharmacology, Toxicology and Pharmaceutics",12,0,"Pharmacology, Toxicology and Pharmaceutics/10.1021_jacs.3c11515/crops/10.1021_jacs.3c11515__bd25d692__p012__b00.png"
10.1021_jacs.3c11515__bd25d692__p013__b00,crop,10.1021_jacs.3c11515__bd25d692__p013__b00,10.1021_jacs.3c11515,10.1021_jacs.3c11515.pdf,"Pharmacology, Toxicology and Pharmaceutics",13,0,"Pharmacology, Toxicology and Pharmaceutics/10.1021_jacs.3c11515/crops/10.1021_jacs.3c11515__bd25d692__p013__b00.png"
10.1021_jacs.3c11515__bd25d692__p013__b01,crop,10.1021_jacs.3c11515__bd25d692__p013__b01,10.1021_jacs.3c11515,10.1021_jacs.3c11515.pdf,"Pharmacology, Toxicology and Pharmaceutics",13,1,"Pharmacology, Toxicology and Pharmaceutics/10.1021_jacs.3c11515/crops/10.1021_jacs.3c11515__bd25d692__p013__b01.png"
10.1021_jacs.3c11515__bd25d692__p014__b00,crop,10.1021_jacs.3c11515__bd25d692__p014__b00,10.1021_jacs.3c11515,10.1021_jacs.3c11515.pdf,"Pharmacology, Toxicology and Pharmaceutics",14,0,"Pharmacology, Toxicology and Pharmaceutics/10.1021_jacs.3c11515/crops/10.1021_jacs.3c11515__bd25d692__p014__b00.png"
10.1021_jacs.3c11515__bd25d692__p015__b00,crop,10.1021_jacs.3c11515__bd25d692__p015__b00,10.1021_jacs.3c11515,10.1021_jacs.3c11515.pdf,"Pharmacology, Toxicology and Pharmaceutics",15,0,"Pharmacology, Toxicology and Pharmaceutics/10.1021_jacs.3c11515/crops/10.1021_jacs.3c11515__bd25d692__p015__b00.png"
10.1021_jacs.3c11515__bd25d692__p015__b01,crop,10.1021_jacs.3c11515__bd25d692__p015__b01,10.1021_jacs.3c11515,10.1021_jacs.3c11515.pdf,"Pharmacology, Toxicology and Pharmaceutics",15,1,"Pharmacology, Toxicology and Pharmaceutics/10.1021_jacs.3c11515/crops/10.1021_jacs.3c11515__bd25d692__p015__b01.png"
10.1021_jacs.3c11515__bd25d692__p016__b00,crop,10.1021_jacs.3c11515__bd25d692__p016__b00,10.1021_jacs.3c11515,10.1021_jacs.3c11515.pdf,"Pharmacology, Toxicology and Pharmaceutics",16,0,"Pharmacology, Toxicology and Pharmaceutics/10.1021_jacs.3c11515/crops/10.1021_jacs.3c11515__bd25d692__p016__b00.png"
10.1021_jacs.3c11515__bd25d692__p016__b01,crop,10.1021_jacs.3c11515__bd25d692__p016__b01,10.1021_jacs.3c11515,10.1021_jacs.3c11515.pdf,"Pharmacology, Toxicology and Pharmaceutics",16,1,"Pharmacology, Toxicology and Pharmaceutics/10.1021_jacs.3c11515/crops/10.1021_jacs.3c11515__bd25d692__p016__b01.png"
10.1021_jacs.3c11515__bd25d692__p016__b02,crop,10.1021_jacs.3c11515__bd25d692__p016__b02,10.1021_jacs.3c11515,10.1021_jacs.3c11515.pdf,"Pharmacology, Toxicology and Pharmaceutics",16,2,"Pharmacology, Toxicology and Pharmaceutics/10.1021_jacs.3c11515/crops/10.1021_jacs.3c11515__bd25d692__p016__b02.png"
10.1021_jacs.3c11515__bd25d692__p016__b03,crop,10.1021_jacs.3c11515__bd25d692__p016__b03,10.1021_jacs.3c11515,10.1021_jacs.3c11515.pdf,"Pharmacology, Toxicology and Pharmaceutics",16,3,"Pharmacology, Toxicology and Pharmaceutics/10.1021_jacs.3c11515/crops/10.1021_jacs.3c11515__bd25d692__p016__b03.png"
10.1021_jacs.3c11515__bd25d692__p017__b00,crop,10.1021_jacs.3c11515__bd25d692__p017__b00,10.1021_jacs.3c11515,10.1021_jacs.3c11515.pdf,"Pharmacology, Toxicology and Pharmaceutics",17,0,"Pharmacology, Toxicology and Pharmaceutics/10.1021_jacs.3c11515/crops/10.1021_jacs.3c11515__bd25d692__p017__b00.png"
10.1038_s41586-024-08342-8__d9afc8ff__p002__b00,crop,10.1038_s41586-024-08342-8__d9afc8ff__p002__b00,10.1038_s41586-024-08342-8,10.1038_s41586-024-08342-8.pdf,"Pharmacology, Toxicology and Pharmaceutics",2,0,"Pharmacology, Toxicology and Pharmaceutics/10.1038_s41586-024-08342-8/crops/10.1038_s41586-024-08342-8__d9afc8ff__p002__b00.png"
10.1038_s41586-024-08342-8__d9afc8ff__p003__b00,crop,10.1038_s41586-024-08342-8__d9afc8ff__p003__b00,10.1038_s41586-024-08342-8,10.1038_s41586-024-08342-8.pdf,"Pharmacology, Toxicology and Pharmaceutics",3,0,"Pharmacology, Toxicology and Pharmaceutics/10.1038_s41586-024-08342-8/crops/10.1038_s41586-024-08342-8__d9afc8ff__p003__b00.png"
10.1038_s41586-024-08342-8__d9afc8ff__p003__b01,crop,10.1038_s41586-024-08342-8__d9afc8ff__p003__b01,10.1038_s41586-024-08342-8,10.1038_s41586-024-08342-8.pdf,"Pharmacology, Toxicology and Pharmaceutics",3,1,"Pharmacology, Toxicology and Pharmaceutics/10.1038_s41586-024-08342-8/crops/10.1038_s41586-024-08342-8__d9afc8ff__p003__b01.png"
10.1038_s41586-024-08342-8__d9afc8ff__p003__b02,crop,10.1038_s41586-024-08342-8__d9afc8ff__p003__b02,10.1038_s41586-024-08342-8,10.1038_s41586-024-08342-8.pdf,"Pharmacology, Toxicology and Pharmaceutics",3,2,"Pharmacology, Toxicology and Pharmaceutics/10.1038_s41586-024-08342-8/crops/10.1038_s41586-024-08342-8__d9afc8ff__p003__b02.png"
10.1038_s41586-024-08342-8__d9afc8ff__p003__b03,crop,10.1038_s41586-024-08342-8__d9afc8ff__p003__b03,10.1038_s41586-024-08342-8,10.1038_s41586-024-08342-8.pdf,"Pharmacology, Toxicology and Pharmaceutics",3,3,"Pharmacology, Toxicology and Pharmaceutics/10.1038_s41586-024-08342-8/crops/10.1038_s41586-024-08342-8__d9afc8ff__p003__b03.png"
10.1038_s41586-024-08342-8__d9afc8ff__p003__b04,crop,10.1038_s41586-024-08342-8__d9afc8ff__p003__b04,10.1038_s41586-024-08342-8,10.1038_s41586-024-08342-8.pdf,"Pharmacology, Toxicology and Pharmaceutics",3,4,"Pharmacology, Toxicology and Pharmaceutics/10.1038_s41586-024-08342-8/crops/10.1038_s41586-024-08342-8__d9afc8ff__p003__b04.png"
10.1038_s41586-024-08342-8__d9afc8ff__p003__b05,crop,10.1038_s41586-024-08342-8__d9afc8ff__p003__b05,10.1038_s41586-024-08342-8,10.1038_s41586-024-08342-8.pdf,"Pharmacology, Toxicology and Pharmaceutics",3,5,"Pharmacology, Toxicology and Pharmaceutics/10.1038_s41586-024-08342-8/crops/10.1038_s41586-024-08342-8__d9afc8ff__p003__b05.png"
10.1038_s41586-024-08342-8__d9afc8ff__p005__b00,crop,10.1038_s41586-024-08342-8__d9afc8ff__p005__b00,10.1038_s41586-024-08342-8,10.1038_s41586-024-08342-8.pdf,"Pharmacology, Toxicology and Pharmaceutics",5,0,"Pharmacology, Toxicology and Pharmaceutics/10.1038_s41586-024-08342-8/crops/10.1038_s41586-024-08342-8__d9afc8ff__p005__b00.png"
10.1038_s41586-024-08342-8__d9afc8ff__p005__b01,crop,10.1038_s41586-024-08342-8__d9afc8ff__p005__b01,10.1038_s41586-024-08342-8,10.1038_s41586-024-08342-8.pdf,"Pharmacology, Toxicology and Pharmaceutics",5,1,"Pharmacology, Toxicology and Pharmaceutics/10.1038_s41586-024-08342-8/crops/10.1038_s41586-024-08342-8__d9afc8ff__p005__b01.png"
10.1038_s41586-024-08342-8__d9afc8ff__p005__b02,crop,10.1038_s41586-024-08342-8__d9afc8ff__p005__b02,10.1038_s41586-024-08342-8,10.1038_s41586-024-08342-8.pdf,"Pharmacology, Toxicology and Pharmaceutics",5,2,"Pharmacology, Toxicology and Pharmaceutics/10.1038_s41586-024-08342-8/crops/10.1038_s41586-024-08342-8__d9afc8ff__p005__b02.png"
10.1038_s41586-024-08342-8__d9afc8ff__p006__b00,crop,10.1038_s41586-024-08342-8__d9afc8ff__p006__b00,10.1038_s41586-024-08342-8,10.1038_s41586-024-08342-8.pdf,"Pharmacology, Toxicology and Pharmaceutics",6,0,"Pharmacology, Toxicology and Pharmaceutics/10.1038_s41586-024-08342-8/crops/10.1038_s41586-024-08342-8__d9afc8ff__p006__b00.png"
10.1038_s41586-024-08342-8__d9afc8ff__p006__b01,crop,10.1038_s41586-024-08342-8__d9afc8ff__p006__b01,10.1038_s41586-024-08342-8,10.1038_s41586-024-08342-8.pdf,"Pharmacology, Toxicology and Pharmaceutics",6,1,"Pharmacology, Toxicology and Pharmaceutics/10.1038_s41586-024-08342-8/crops/10.1038_s41586-024-08342-8__d9afc8ff__p006__b01.png"
10.1038_s41586-024-08342-8__d9afc8ff__p007__b00,crop,10.1038_s41586-024-08342-8__d9afc8ff__p007__b00,10.1038_s41586-024-08342-8,10.1038_s41586-024-08342-8.pdf,"Pharmacology, Toxicology and Pharmaceutics",7,0,"Pharmacology, Toxicology and Pharmaceutics/10.1038_s41586-024-08342-8/crops/10.1038_s41586-024-08342-8__d9afc8ff__p007__b00.png"
10.1038_s41586-024-08342-8__d9afc8ff__p007__b01,crop,10.1038_s41586-024-08342-8__d9afc8ff__p007__b01,10.1038_s41586-024-08342-8,10.1038_s41586-024-08342-8.pdf,"Pharmacology, Toxicology and Pharmaceutics",7,1,"Pharmacology, Toxicology and Pharmaceutics/10.1038_s41586-024-08342-8/crops/10.1038_s41586-024-08342-8__d9afc8ff__p007__b01.png"
10.1039_d4sc02998d__ded2c896__p002__b00,crop,10.1039_d4sc02998d__ded2c896__p002__b00,10.1039_d4sc02998d,10.1039_d4sc02998d.pdf,"Pharmacology, Toxicology and Pharmaceutics",2,0,"Pharmacology, Toxicology and Pharmaceutics/10.1039_d4sc02998d/crops/10.1039_d4sc02998d__ded2c896__p002__b00.png"
10.1039_d4sc02998d__ded2c896__p002__b01,crop,10.1039_d4sc02998d__ded2c896__p002__b01,10.1039_d4sc02998d,10.1039_d4sc02998d.pdf,"Pharmacology, Toxicology and Pharmaceutics",2,1,"Pharmacology, Toxicology and Pharmaceutics/10.1039_d4sc02998d/crops/10.1039_d4sc02998d__ded2c896__p002__b01.png"
10.1039_d4sc02998d__ded2c896__p003__b00,crop,10.1039_d4sc02998d__ded2c896__p003__b00,10.1039_d4sc02998d,10.1039_d4sc02998d.pdf,"Pharmacology, Toxicology and Pharmaceutics",3,0,"Pharmacology, Toxicology and Pharmaceutics/10.1039_d4sc02998d/crops/10.1039_d4sc02998d__ded2c896__p003__b00.png"
10.1039_d4sc02998d__ded2c896__p004__b00,crop,10.1039_d4sc02998d__ded2c896__p004__b00,10.1039_d4sc02998d,10.1039_d4sc02998d.pdf,"Pharmacology, Toxicology and Pharmaceutics",4,0,"Pharmacology, Toxicology and Pharmaceutics/10.1039_d4sc02998d/crops/10.1039_d4sc02998d__ded2c896__p004__b00.png"
10.1039_d4sc02998d__ded2c896__p004__b01,crop,10.1039_d4sc02998d__ded2c896__p004__b01,10.1039_d4sc02998d,10.1039_d4sc02998d.pdf,"Pharmacology, Toxicology and Pharmaceutics",4,1,"Pharmacology, Toxicology and Pharmaceutics/10.1039_d4sc02998d/crops/10.1039_d4sc02998d__ded2c896__p004__b01.png"
10.1039_d4sc02998d__ded2c896__p004__b02,crop,10.1039_d4sc02998d__ded2c896__p004__b02,10.1039_d4sc02998d,10.1039_d4sc02998d.pdf,"Pharmacology, Toxicology and Pharmaceutics",4,2,"Pharmacology, Toxicology and Pharmaceutics/10.1039_d4sc02998d/crops/10.1039_d4sc02998d__ded2c896__p004__b02.png"
10.1039_d4sc02998d__ded2c896__p004__b03,crop,10.1039_d4sc02998d__ded2c896__p004__b03,10.1039_d4sc02998d,10.1039_d4sc02998d.pdf,"Pharmacology, Toxicology and Pharmaceutics",4,3,"Pharmacology, Toxicology and Pharmaceutics/10.1039_d4sc02998d/crops/10.1039_d4sc02998d__ded2c896__p004__b03.png"
10.1039_d4sc02998d__ded2c896__p004__b04,crop,10.1039_d4sc02998d__ded2c896__p004__b04,10.1039_d4sc02998d,10.1039_d4sc02998d.pdf,"Pharmacology, Toxicology and Pharmaceutics",4,4,"Pharmacology, Toxicology and Pharmaceutics/10.1039_d4sc02998d/crops/10.1039_d4sc02998d__ded2c896__p004__b04.png"
10.1039_d4sc02998d__ded2c896__p004__b05,crop,10.1039_d4sc02998d__ded2c896__p004__b05,10.1039_d4sc02998d,10.1039_d4sc02998d.pdf,"Pharmacology, Toxicology and Pharmaceutics",4,5,"Pharmacology, Toxicology and Pharmaceutics/10.1039_d4sc02998d/crops/10.1039_d4sc02998d__ded2c896__p004__b05.png"
10.1039_d4su00152d__5cf953ce__p001__b00,crop,10.1039_d4su00152d__5cf953ce__p001__b00,10.1039_d4su00152d,10.1039_d4su00152d.pdf,"Pharmacology, Toxicology and Pharmaceutics",1,0,"Pharmacology, Toxicology and Pharmaceutics/10.1039_d4su00152d/crops/10.1039_d4su00152d__5cf953ce__p001__b00.png"
10.1039_d4su00152d__5cf953ce__p001__b01,crop,10.1039_d4su00152d__5cf953ce__p001__b01,10.1039_d4su00152d,10.1039_d4su00152d.pdf,"Pharmacology, Toxicology and Pharmaceutics",1,1,"Pharmacology, Toxicology and Pharmaceutics/10.1039_d4su00152d/crops/10.1039_d4su00152d__5cf953ce__p001__b01.png"
10.1039_d4su00152d__5cf953ce__p001__b02,crop,10.1039_d4su00152d__5cf953ce__p001__b02,10.1039_d4su00152d,10.1039_d4su00152d.pdf,"Pharmacology, Toxicology and Pharmaceutics",1,2,"Pharmacology, Toxicology and Pharmaceutics/10.1039_d4su00152d/crops/10.1039_d4su00152d__5cf953ce__p001__b02.png"
10.1039_d4su00152d__5cf953ce__p003__b00,crop,10.1039_d4su00152d__5cf953ce__p003__b00,10.1039_d4su00152d,10.1039_d4su00152d.pdf,"Pharmacology, Toxicology and Pharmaceutics",3,0,"Pharmacology, Toxicology and Pharmaceutics/10.1039_d4su00152d/crops/10.1039_d4su00152d__5cf953ce__p003__b00.png"
10.1039_d4su00152d__5cf953ce__p003__b01,crop,10.1039_d4su00152d__5cf953ce__p003__b01,10.1039_d4su00152d,10.1039_d4su00152d.pdf,"Pharmacology, Toxicology and Pharmaceutics",3,1,"Pharmacology, Toxicology and Pharmaceutics/10.1039_d4su00152d/crops/10.1039_d4su00152d__5cf953ce__p003__b01.png"
10.1039_d4su00152d__5cf953ce__p005__b00,crop,10.1039_d4su00152d__5cf953ce__p005__b00,10.1039_d4su00152d,10.1039_d4su00152d.pdf,"Pharmacology, Toxicology and Pharmaceutics",5,0,"Pharmacology, Toxicology and Pharmaceutics/10.1039_d4su00152d/crops/10.1039_d4su00152d__5cf953ce__p005__b00.png"
10.1039_d4su00152d__5cf953ce__p006__b00,crop,10.1039_d4su00152d__5cf953ce__p006__b00,10.1039_d4su00152d,10.1039_d4su00152d.pdf,"Pharmacology, Toxicology and Pharmaceutics",6,0,"Pharmacology, Toxicology and Pharmaceutics/10.1039_d4su00152d/crops/10.1039_d4su00152d__5cf953ce__p006__b00.png"
10.1039_d4su00152d__5cf953ce__p007__b00,crop,10.1039_d4su00152d__5cf953ce__p007__b00,10.1039_d4su00152d,10.1039_d4su00152d.pdf,"Pharmacology, Toxicology and Pharmaceutics",7,0,"Pharmacology, Toxicology and Pharmaceutics/10.1039_d4su00152d/crops/10.1039_d4su00152d__5cf953ce__p007__b00.png"
10.1039_d4su00152d__5cf953ce__p013__b00,crop,10.1039_d4su00152d__5cf953ce__p013__b00,10.1039_d4su00152d,10.1039_d4su00152d.pdf,"Pharmacology, Toxicology and Pharmaceutics",13,0,"Pharmacology, Toxicology and Pharmaceutics/10.1039_d4su00152d/crops/10.1039_d4su00152d__5cf953ce__p013__b00.png"
10.1186_s12916-024-03274-6__13762b03__p001__b00,crop,10.1186_s12916-024-03274-6__13762b03__p001__b00,10.1186_s12916-024-03274-6,10.1186_s12916-024-03274-6.pdf,"Pharmacology, Toxicology and Pharmaceutics",1,0,"Pharmacology, Toxicology and Pharmaceutics/10.1186_s12916-024-03274-6/crops/10.1186_s12916-024-03274-6__13762b03__p001__b00.png"
10.1186_s12916-024-03274-6__13762b03__p002__b00,crop,10.1186_s12916-024-03274-6__13762b03__p002__b00,10.1186_s12916-024-03274-6,10.1186_s12916-024-03274-6.pdf,"Pharmacology, Toxicology and Pharmaceutics",2,0,"Pharmacology, Toxicology and Pharmaceutics/10.1186_s12916-024-03274-6/crops/10.1186_s12916-024-03274-6__13762b03__p002__b00.png"
10.1186_s12916-024-03274-6__13762b03__p006__b00,crop,10.1186_s12916-024-03274-6__13762b03__p006__b00,10.1186_s12916-024-03274-6,10.1186_s12916-024-03274-6.pdf,"Pharmacology, Toxicology and Pharmaceutics",6,0,"Pharmacology, Toxicology and Pharmaceutics/10.1186_s12916-024-03274-6/crops/10.1186_s12916-024-03274-6__13762b03__p006__b00.png"
10.1186_s12916-024-03274-6__13762b03__p007__b00,crop,10.1186_s12916-024-03274-6__13762b03__p007__b00,10.1186_s12916-024-03274-6,10.1186_s12916-024-03274-6.pdf,"Pharmacology, Toxicology and Pharmaceutics",7,0,"Pharmacology, Toxicology and Pharmaceutics/10.1186_s12916-024-03274-6/crops/10.1186_s12916-024-03274-6__13762b03__p007__b00.png"
10.1186_s12916-024-03274-6__13762b03__p007__b01,crop,10.1186_s12916-024-03274-6__13762b03__p007__b01,10.1186_s12916-024-03274-6,10.1186_s12916-024-03274-6.pdf,"Pharmacology, Toxicology and Pharmaceutics",7,1,"Pharmacology, Toxicology and Pharmaceutics/10.1186_s12916-024-03274-6/crops/10.1186_s12916-024-03274-6__13762b03__p007__b01.png"
10.1186_s12916-024-03274-6__13762b03__p007__b02,crop,10.1186_s12916-024-03274-6__13762b03__p007__b02,10.1186_s12916-024-03274-6,10.1186_s12916-024-03274-6.pdf,"Pharmacology, Toxicology and Pharmaceutics",7,2,"Pharmacology, Toxicology and Pharmaceutics/10.1186_s12916-024-03274-6/crops/10.1186_s12916-024-03274-6__13762b03__p007__b02.png"
10.1186_s12916-024-03274-6__13762b03__p007__b03,crop,10.1186_s12916-024-03274-6__13762b03__p007__b03,10.1186_s12916-024-03274-6,10.1186_s12916-024-03274-6.pdf,"Pharmacology, Toxicology and Pharmaceutics",7,3,"Pharmacology, Toxicology and Pharmaceutics/10.1186_s12916-024-03274-6/crops/10.1186_s12916-024-03274-6__13762b03__p007__b03.png"
10.1186_s12916-024-03274-6__13762b03__p007__b04,crop,10.1186_s12916-024-03274-6__13762b03__p007__b04,10.1186_s12916-024-03274-6,10.1186_s12916-024-03274-6.pdf,"Pharmacology, Toxicology and Pharmaceutics",7,4,"Pharmacology, Toxicology and Pharmaceutics/10.1186_s12916-024-03274-6/crops/10.1186_s12916-024-03274-6__13762b03__p007__b04.png"
10.1186_s12916-024-03274-6__13762b03__p007__b05,crop,10.1186_s12916-024-03274-6__13762b03__p007__b05,10.1186_s12916-024-03274-6,10.1186_s12916-024-03274-6.pdf,"Pharmacology, Toxicology and Pharmaceutics",7,5,"Pharmacology, Toxicology and Pharmaceutics/10.1186_s12916-024-03274-6/crops/10.1186_s12916-024-03274-6__13762b03__p007__b05.png"
10.1186_s12916-024-03274-6__13762b03__p007__b06,crop,10.1186_s12916-024-03274-6__13762b03__p007__b06,10.1186_s12916-024-03274-6,10.1186_s12916-024-03274-6.pdf,"Pharmacology, Toxicology and Pharmaceutics",7,6,"Pharmacology, Toxicology and Pharmaceutics/10.1186_s12916-024-03274-6/crops/10.1186_s12916-024-03274-6__13762b03__p007__b06.png"
10.1186_s12916-024-03274-6__13762b03__p007__b07,crop,10.1186_s12916-024-03274-6__13762b03__p007__b07,10.1186_s12916-024-03274-6,10.1186_s12916-024-03274-6.pdf,"Pharmacology, Toxicology and Pharmaceutics",7,7,"Pharmacology, Toxicology and Pharmaceutics/10.1186_s12916-024-03274-6/crops/10.1186_s12916-024-03274-6__13762b03__p007__b07.png"
10.1186_s12916-024-03274-6__13762b03__p008__b00,crop,10.1186_s12916-024-03274-6__13762b03__p008__b00,10.1186_s12916-024-03274-6,10.1186_s12916-024-03274-6.pdf,"Pharmacology, Toxicology and Pharmaceutics",8,0,"Pharmacology, Toxicology and Pharmaceutics/10.1186_s12916-024-03274-6/crops/10.1186_s12916-024-03274-6__13762b03__p008__b00.png"
10.1186_s12951-023-02253-y__b4ec0e5e__p002__b00,crop,10.1186_s12951-023-02253-y__b4ec0e5e__p002__b00,10.1186_s12951-023-02253-y,10.1186_s12951-023-02253-y.pdf,"Pharmacology, Toxicology and Pharmaceutics",2,0,"Pharmacology, Toxicology and Pharmaceutics/10.1186_s12951-023-02253-y/crops/10.1186_s12951-023-02253-y__b4ec0e5e__p002__b00.png"
10.1186_s12951-023-02253-y__b4ec0e5e__p002__b01,crop,10.1186_s12951-023-02253-y__b4ec0e5e__p002__b01,10.1186_s12951-023-02253-y,10.1186_s12951-023-02253-y.pdf,"Pharmacology, Toxicology and Pharmaceutics",2,1,"Pharmacology, Toxicology and Pharmaceutics/10.1186_s12951-023-02253-y/crops/10.1186_s12951-023-02253-y__b4ec0e5e__p002__b01.png"
10.1186_s12951-023-02253-y__b4ec0e5e__p003__b00,crop,10.1186_s12951-023-02253-y__b4ec0e5e__p003__b00,10.1186_s12951-023-02253-y,10.1186_s12951-023-02253-y.pdf,"Pharmacology, Toxicology and Pharmaceutics",3,0,"Pharmacology, Toxicology and Pharmaceutics/10.1186_s12951-023-02253-y/crops/10.1186_s12951-023-02253-y__b4ec0e5e__p003__b00.png"
10.1186_s12951-023-02253-y__b4ec0e5e__p003__b01,crop,10.1186_s12951-023-02253-y__b4ec0e5e__p003__b01,10.1186_s12951-023-02253-y,10.1186_s12951-023-02253-y.pdf,"Pharmacology, Toxicology and Pharmaceutics",3,1,"Pharmacology, Toxicology and Pharmaceutics/10.1186_s12951-023-02253-y/crops/10.1186_s12951-023-02253-y__b4ec0e5e__p003__b01.png"
10.1186_s12951-023-02253-y__b4ec0e5e__p005__b00,crop,10.1186_s12951-023-02253-y__b4ec0e5e__p005__b00,10.1186_s12951-023-02253-y,10.1186_s12951-023-02253-y.pdf,"Pharmacology, Toxicology and Pharmaceutics",5,0,"Pharmacology, Toxicology and Pharmaceutics/10.1186_s12951-023-02253-y/crops/10.1186_s12951-023-02253-y__b4ec0e5e__p005__b00.png"
10.1186_s12951-023-02253-y__b4ec0e5e__p010__b00,crop,10.1186_s12951-023-02253-y__b4ec0e5e__p010__b00,10.1186_s12951-023-02253-y,10.1186_s12951-023-02253-y.pdf,"Pharmacology, Toxicology and Pharmaceutics",10,0,"Pharmacology, Toxicology and Pharmaceutics/10.1186_s12951-023-02253-y/crops/10.1186_s12951-023-02253-y__b4ec0e5e__p010__b00.png"
10.1186_s12951-023-02253-y__b4ec0e5e__p013__b00,crop,10.1186_s12951-023-02253-y__b4ec0e5e__p013__b00,10.1186_s12951-023-02253-y,10.1186_s12951-023-02253-y.pdf,"Pharmacology, Toxicology and Pharmaceutics",13,0,"Pharmacology, Toxicology and Pharmaceutics/10.1186_s12951-023-02253-y/crops/10.1186_s12951-023-02253-y__b4ec0e5e__p013__b00.png"
10.1186_s12951-023-02253-y__b4ec0e5e__p015__b00,crop,10.1186_s12951-023-02253-y__b4ec0e5e__p015__b00,10.1186_s12951-023-02253-y,10.1186_s12951-023-02253-y.pdf,"Pharmacology, Toxicology and Pharmaceutics",15,0,"Pharmacology, Toxicology and Pharmaceutics/10.1186_s12951-023-02253-y/crops/10.1186_s12951-023-02253-y__b4ec0e5e__p015__b00.png"
10.1186_s12951-023-02253-y__b4ec0e5e__p015__b01,crop,10.1186_s12951-023-02253-y__b4ec0e5e__p015__b01,10.1186_s12951-023-02253-y,10.1186_s12951-023-02253-y.pdf,"Pharmacology, Toxicology and Pharmaceutics",15,1,"Pharmacology, Toxicology and Pharmaceutics/10.1186_s12951-023-02253-y/crops/10.1186_s12951-023-02253-y__b4ec0e5e__p015__b01.png"
10.1186_s12951-023-02253-y__b4ec0e5e__p017__b00,crop,10.1186_s12951-023-02253-y__b4ec0e5e__p017__b00,10.1186_s12951-023-02253-y,10.1186_s12951-023-02253-y.pdf,"Pharmacology, Toxicology and Pharmaceutics",17,0,"Pharmacology, Toxicology and Pharmaceutics/10.1186_s12951-023-02253-y/crops/10.1186_s12951-023-02253-y__b4ec0e5e__p017__b00.png"
10.1371_journal.pmed.1004565__df52bea2__p006__b00,crop,10.1371_journal.pmed.1004565__df52bea2__p006__b00,10.1371_journal.pmed.1004565,10.1371_journal.pmed.1004565.pdf,"Pharmacology, Toxicology and Pharmaceutics",6,0,"Pharmacology, Toxicology and Pharmaceutics/10.1371_journal.pmed.1004565/crops/10.1371_journal.pmed.1004565__df52bea2__p006__b00.png"
10.1371_journal.pmed.1004565__df52bea2__p007__b00,crop,10.1371_journal.pmed.1004565__df52bea2__p007__b00,10.1371_journal.pmed.1004565,10.1371_journal.pmed.1004565.pdf,"Pharmacology, Toxicology and Pharmaceutics",7,0,"Pharmacology, Toxicology and Pharmaceutics/10.1371_journal.pmed.1004565/crops/10.1371_journal.pmed.1004565__df52bea2__p007__b00.png"
10.1371_journal.pmed.1004565__df52bea2__p007__b01,crop,10.1371_journal.pmed.1004565__df52bea2__p007__b01,10.1371_journal.pmed.1004565,10.1371_journal.pmed.1004565.pdf,"Pharmacology, Toxicology and Pharmaceutics",7,1,"Pharmacology, Toxicology and Pharmaceutics/10.1371_journal.pmed.1004565/crops/10.1371_journal.pmed.1004565__df52bea2__p007__b01.png"
10.1371_journal.pmed.1004565__df52bea2__p007__b02,crop,10.1371_journal.pmed.1004565__df52bea2__p007__b02,10.1371_journal.pmed.1004565,10.1371_journal.pmed.1004565.pdf,"Pharmacology, Toxicology and Pharmaceutics",7,2,"Pharmacology, Toxicology and Pharmaceutics/10.1371_journal.pmed.1004565/crops/10.1371_journal.pmed.1004565__df52bea2__p007__b02.png"
10.1371_journal.pmed.1004565__df52bea2__p009__b00,crop,10.1371_journal.pmed.1004565__df52bea2__p009__b00,10.1371_journal.pmed.1004565,10.1371_journal.pmed.1004565.pdf,"Pharmacology, Toxicology and Pharmaceutics",9,0,"Pharmacology, Toxicology and Pharmaceutics/10.1371_journal.pmed.1004565/crops/10.1371_journal.pmed.1004565__df52bea2__p009__b00.png"
10.1371_journal.pmed.1004565__df52bea2__p010__b00,crop,10.1371_journal.pmed.1004565__df52bea2__p010__b00,10.1371_journal.pmed.1004565,10.1371_journal.pmed.1004565.pdf,"Pharmacology, Toxicology and Pharmaceutics",10,0,"Pharmacology, Toxicology and Pharmaceutics/10.1371_journal.pmed.1004565/crops/10.1371_journal.pmed.1004565__df52bea2__p010__b00.png"
10.1371_journal.pmed.1004565__df52bea2__p011__b00,crop,10.1371_journal.pmed.1004565__df52bea2__p011__b00,10.1371_journal.pmed.1004565,10.1371_journal.pmed.1004565.pdf,"Pharmacology, Toxicology and Pharmaceutics",11,0,"Pharmacology, Toxicology and Pharmaceutics/10.1371_journal.pmed.1004565/crops/10.1371_journal.pmed.1004565__df52bea2__p011__b00.png"
10.1371_journal.pmed.1004565__df52bea2__p011__b01,crop,10.1371_journal.pmed.1004565__df52bea2__p011__b01,10.1371_journal.pmed.1004565,10.1371_journal.pmed.1004565.pdf,"Pharmacology, Toxicology and Pharmaceutics",11,1,"Pharmacology, Toxicology and Pharmaceutics/10.1371_journal.pmed.1004565/crops/10.1371_journal.pmed.1004565__df52bea2__p011__b01.png"
10.1371_journal.pmed.1004565__df52bea2__p011__b02,crop,10.1371_journal.pmed.1004565__df52bea2__p011__b02,10.1371_journal.pmed.1004565,10.1371_journal.pmed.1004565.pdf,"Pharmacology, Toxicology and Pharmaceutics",11,2,"Pharmacology, Toxicology and Pharmaceutics/10.1371_journal.pmed.1004565/crops/10.1371_journal.pmed.1004565__df52bea2__p011__b02.png"
10.1371_journal.pmed.1004565__df52bea2__p012__b00,crop,10.1371_journal.pmed.1004565__df52bea2__p012__b00,10.1371_journal.pmed.1004565,10.1371_journal.pmed.1004565.pdf,"Pharmacology, Toxicology and Pharmaceutics",12,0,"Pharmacology, Toxicology and Pharmaceutics/10.1371_journal.pmed.1004565/crops/10.1371_journal.pmed.1004565__df52bea2__p012__b00.png"
10.14218_fim.2023.00086__08cb2143__p003__b00,crop,10.14218_fim.2023.00086__08cb2143__p003__b00,10.14218_fim.2023.00086,10.14218_fim.2023.00086.pdf,"Pharmacology, Toxicology and Pharmaceutics",3,0,"Pharmacology, Toxicology and Pharmaceutics/10.14218_fim.2023.00086/crops/10.14218_fim.2023.00086__08cb2143__p003__b00.png"
10.14218_fim.2023.00086__08cb2143__p006__b00,crop,10.14218_fim.2023.00086__08cb2143__p006__b00,10.14218_fim.2023.00086,10.14218_fim.2023.00086.pdf,"Pharmacology, Toxicology and Pharmaceutics",6,0,"Pharmacology, Toxicology and Pharmaceutics/10.14218_fim.2023.00086/crops/10.14218_fim.2023.00086__08cb2143__p006__b00.png"
10.14218_fim.2023.00086__08cb2143__p007__b00,crop,10.14218_fim.2023.00086__08cb2143__p007__b00,10.14218_fim.2023.00086,10.14218_fim.2023.00086.pdf,"Pharmacology, Toxicology and Pharmaceutics",7,0,"Pharmacology, Toxicology and Pharmaceutics/10.14218_fim.2023.00086/crops/10.14218_fim.2023.00086__08cb2143__p007__b00.png"
10.14218_fim.2023.00086__08cb2143__p009__b00,crop,10.14218_fim.2023.00086__08cb2143__p009__b00,10.14218_fim.2023.00086,10.14218_fim.2023.00086.pdf,"Pharmacology, Toxicology and Pharmaceutics",9,0,"Pharmacology, Toxicology and Pharmaceutics/10.14218_fim.2023.00086/crops/10.14218_fim.2023.00086__08cb2143__p009__b00.png"
10.14218_fim.2023.00086__08cb2143__p009__b01,crop,10.14218_fim.2023.00086__08cb2143__p009__b01,10.14218_fim.2023.00086,10.14218_fim.2023.00086.pdf,"Pharmacology, Toxicology and Pharmaceutics",9,1,"Pharmacology, Toxicology and Pharmaceutics/10.14218_fim.2023.00086/crops/10.14218_fim.2023.00086__08cb2143__p009__b01.png"
10.15585_mmwr.mm7348a2__28e4f625__p001__b00,crop,10.15585_mmwr.mm7348a2__28e4f625__p001__b00,10.15585_mmwr.mm7348a2,10.15585_mmwr.mm7348a2.pdf,"Pharmacology, Toxicology and Pharmaceutics",1,0,"Pharmacology, Toxicology and Pharmaceutics/10.15585_mmwr.mm7348a2/crops/10.15585_mmwr.mm7348a2__28e4f625__p001__b00.png"
10.15585_mmwr.mm7348a2__28e4f625__p003__b00,crop,10.15585_mmwr.mm7348a2__28e4f625__p003__b00,10.15585_mmwr.mm7348a2,10.15585_mmwr.mm7348a2.pdf,"Pharmacology, Toxicology and Pharmaceutics",3,0,"Pharmacology, Toxicology and Pharmaceutics/10.15585_mmwr.mm7348a2/crops/10.15585_mmwr.mm7348a2__28e4f625__p003__b00.png"
10.15585_mmwr.mm7348a2__28e4f625__p004__b00,crop,10.15585_mmwr.mm7348a2__28e4f625__p004__b00,10.15585_mmwr.mm7348a2,10.15585_mmwr.mm7348a2.pdf,"Pharmacology, Toxicology and Pharmaceutics",4,0,"Pharmacology, Toxicology and Pharmaceutics/10.15585_mmwr.mm7348a2/crops/10.15585_mmwr.mm7348a2__28e4f625__p004__b00.png"
10.15585_mmwr.mm7348a2__28e4f625__p004__b01,crop,10.15585_mmwr.mm7348a2__28e4f625__p004__b01,10.15585_mmwr.mm7348a2,10.15585_mmwr.mm7348a2.pdf,"Pharmacology, Toxicology and Pharmaceutics",4,1,"Pharmacology, Toxicology and Pharmaceutics/10.15585_mmwr.mm7348a2/crops/10.15585_mmwr.mm7348a2__28e4f625__p004__b01.png"
10.15585_mmwr.mm7348a2__28e4f625__p004__b02,crop,10.15585_mmwr.mm7348a2__28e4f625__p004__b02,10.15585_mmwr.mm7348a2,10.15585_mmwr.mm7348a2.pdf,"Pharmacology, Toxicology and Pharmaceutics",4,2,"Pharmacology, Toxicology and Pharmaceutics/10.15585_mmwr.mm7348a2/crops/10.15585_mmwr.mm7348a2__28e4f625__p004__b02.png"
10.15585_mmwr.mm7348a2__28e4f625__p004__b03,crop,10.15585_mmwr.mm7348a2__28e4f625__p004__b03,10.15585_mmwr.mm7348a2,10.15585_mmwr.mm7348a2.pdf,"Pharmacology, Toxicology and Pharmaceutics",4,3,"Pharmacology, Toxicology and Pharmaceutics/10.15585_mmwr.mm7348a2/crops/10.15585_mmwr.mm7348a2__28e4f625__p004__b03.png"
10.15585_mmwr.mm7348a2__28e4f625__p005__b00,crop,10.15585_mmwr.mm7348a2__28e4f625__p005__b00,10.15585_mmwr.mm7348a2,10.15585_mmwr.mm7348a2.pdf,"Pharmacology, Toxicology and Pharmaceutics",5,0,"Pharmacology, Toxicology and Pharmaceutics/10.15585_mmwr.mm7348a2/crops/10.15585_mmwr.mm7348a2__28e4f625__p005__b00.png"
10.15585_mmwr.mm7348a2__28e4f625__p005__b01,crop,10.15585_mmwr.mm7348a2__28e4f625__p005__b01,10.15585_mmwr.mm7348a2,10.15585_mmwr.mm7348a2.pdf,"Pharmacology, Toxicology and Pharmaceutics",5,1,"Pharmacology, Toxicology and Pharmaceutics/10.15585_mmwr.mm7348a2/crops/10.15585_mmwr.mm7348a2__28e4f625__p005__b01.png"
10.15585_mmwr.mm7348a2__28e4f625__p006__b00,crop,10.15585_mmwr.mm7348a2__28e4f625__p006__b00,10.15585_mmwr.mm7348a2,10.15585_mmwr.mm7348a2.pdf,"Pharmacology, Toxicology and Pharmaceutics",6,0,"Pharmacology, Toxicology and Pharmaceutics/10.15585_mmwr.mm7348a2/crops/10.15585_mmwr.mm7348a2__28e4f625__p006__b00.png"
10.25040_ntsh2025.01.16__38f0305e__p001__b00,crop,10.25040_ntsh2025.01.16__38f0305e__p001__b00,10.25040_ntsh2025.01.16,10.25040_ntsh2025.01.16.pdf,"Pharmacology, Toxicology and Pharmaceutics",1,0,"Pharmacology, Toxicology and Pharmaceutics/10.25040_ntsh2025.01.16/crops/10.25040_ntsh2025.01.16__38f0305e__p001__b00.png"
10.25040_ntsh2025.01.16__38f0305e__p001__b01,crop,10.25040_ntsh2025.01.16__38f0305e__p001__b01,10.25040_ntsh2025.01.16,10.25040_ntsh2025.01.16.pdf,"Pharmacology, Toxicology and Pharmaceutics",1,1,"Pharmacology, Toxicology and Pharmaceutics/10.25040_ntsh2025.01.16/crops/10.25040_ntsh2025.01.16__38f0305e__p001__b01.png"
10.25040_ntsh2025.01.16__38f0305e__p004__b00,crop,10.25040_ntsh2025.01.16__38f0305e__p004__b00,10.25040_ntsh2025.01.16,10.25040_ntsh2025.01.16.pdf,"Pharmacology, Toxicology and Pharmaceutics",4,0,"Pharmacology, Toxicology and Pharmaceutics/10.25040_ntsh2025.01.16/crops/10.25040_ntsh2025.01.16__38f0305e__p004__b00.png"
10.25040_ntsh2025.01.16__38f0305e__p006__b00,crop,10.25040_ntsh2025.01.16__38f0305e__p006__b00,10.25040_ntsh2025.01.16,10.25040_ntsh2025.01.16.pdf,"Pharmacology, Toxicology and Pharmaceutics",6,0,"Pharmacology, Toxicology and Pharmaceutics/10.25040_ntsh2025.01.16/crops/10.25040_ntsh2025.01.16__38f0305e__p006__b00.png"
10.25040_ntsh2025.01.16__38f0305e__p007__b00,crop,10.25040_ntsh2025.01.16__38f0305e__p007__b00,10.25040_ntsh2025.01.16,10.25040_ntsh2025.01.16.pdf,"Pharmacology, Toxicology and Pharmaceutics",7,0,"Pharmacology, Toxicology and Pharmaceutics/10.25040_ntsh2025.01.16/crops/10.25040_ntsh2025.01.16__38f0305e__p007__b00.png"
10.25040_ntsh2025.01.16__38f0305e__p008__b00,crop,10.25040_ntsh2025.01.16__38f0305e__p008__b00,10.25040_ntsh2025.01.16,10.25040_ntsh2025.01.16.pdf,"Pharmacology, Toxicology and Pharmaceutics",8,0,"Pharmacology, Toxicology and Pharmaceutics/10.25040_ntsh2025.01.16/crops/10.25040_ntsh2025.01.16__38f0305e__p008__b00.png"
10.25040_ntsh2025.01.16__38f0305e__p009__b00,crop,10.25040_ntsh2025.01.16__38f0305e__p009__b00,10.25040_ntsh2025.01.16,10.25040_ntsh2025.01.16.pdf,"Pharmacology, Toxicology and Pharmaceutics",9,0,"Pharmacology, Toxicology and Pharmaceutics/10.25040_ntsh2025.01.16/crops/10.25040_ntsh2025.01.16__38f0305e__p009__b00.png"
10.25040_ntsh2025.01.16__38f0305e__p010__b00,crop,10.25040_ntsh2025.01.16__38f0305e__p010__b00,10.25040_ntsh2025.01.16,10.25040_ntsh2025.01.16.pdf,"Pharmacology, Toxicology and Pharmaceutics",10,0,"Pharmacology, Toxicology and Pharmaceutics/10.25040_ntsh2025.01.16/crops/10.25040_ntsh2025.01.16__38f0305e__p010__b00.png"
10.25040_ntsh2025.01.16__38f0305e__p011__b00,crop,10.25040_ntsh2025.01.16__38f0305e__p011__b00,10.25040_ntsh2025.01.16,10.25040_ntsh2025.01.16.pdf,"Pharmacology, Toxicology and Pharmaceutics",11,0,"Pharmacology, Toxicology and Pharmaceutics/10.25040_ntsh2025.01.16/crops/10.25040_ntsh2025.01.16__38f0305e__p011__b00.png"
10.25040_ntsh2025.01.16__38f0305e__p011__b01,crop,10.25040_ntsh2025.01.16__38f0305e__p011__b01,10.25040_ntsh2025.01.16,10.25040_ntsh2025.01.16.pdf,"Pharmacology, Toxicology and Pharmaceutics",11,1,"Pharmacology, Toxicology and Pharmaceutics/10.25040_ntsh2025.01.16/crops/10.25040_ntsh2025.01.16__38f0305e__p011__b01.png"
10.25040_ntsh2025.01.16__38f0305e__p011__b02,crop,10.25040_ntsh2025.01.16__38f0305e__p011__b02,10.25040_ntsh2025.01.16,10.25040_ntsh2025.01.16.pdf,"Pharmacology, Toxicology and Pharmaceutics",11,2,"Pharmacology, Toxicology and Pharmaceutics/10.25040_ntsh2025.01.16/crops/10.25040_ntsh2025.01.16__38f0305e__p011__b02.png"
10.3389_fchem.2024.1336717__7fe56570__p003__b00,crop,10.3389_fchem.2024.1336717__7fe56570__p003__b00,10.3389_fchem.2024.1336717,10.3389_fchem.2024.1336717.pdf,"Pharmacology, Toxicology and Pharmaceutics",3,0,"Pharmacology, Toxicology and Pharmaceutics/10.3389_fchem.2024.1336717/crops/10.3389_fchem.2024.1336717__7fe56570__p003__b00.png"
10.3389_fchem.2024.1336717__7fe56570__p003__b01,crop,10.3389_fchem.2024.1336717__7fe56570__p003__b01,10.3389_fchem.2024.1336717,10.3389_fchem.2024.1336717.pdf,"Pharmacology, Toxicology and Pharmaceutics",3,1,"Pharmacology, Toxicology and Pharmaceutics/10.3389_fchem.2024.1336717/crops/10.3389_fchem.2024.1336717__7fe56570__p003__b01.png"
10.3389_fchem.2024.1336717__7fe56570__p003__b02,crop,10.3389_fchem.2024.1336717__7fe56570__p003__b02,10.3389_fchem.2024.1336717,10.3389_fchem.2024.1336717.pdf,"Pharmacology, Toxicology and Pharmaceutics",3,2,"Pharmacology, Toxicology and Pharmaceutics/10.3389_fchem.2024.1336717/crops/10.3389_fchem.2024.1336717__7fe56570__p003__b02.png"
10.3389_fchem.2024.1336717__7fe56570__p004__b00,crop,10.3389_fchem.2024.1336717__7fe56570__p004__b00,10.3389_fchem.2024.1336717,10.3389_fchem.2024.1336717.pdf,"Pharmacology, Toxicology and Pharmaceutics",4,0,"Pharmacology, Toxicology and Pharmaceutics/10.3389_fchem.2024.1336717/crops/10.3389_fchem.2024.1336717__7fe56570__p004__b00.png"
10.3389_fchem.2024.1336717__7fe56570__p004__b01,crop,10.3389_fchem.2024.1336717__7fe56570__p004__b01,10.3389_fchem.2024.1336717,10.3389_fchem.2024.1336717.pdf,"Pharmacology, Toxicology and Pharmaceutics",4,1,"Pharmacology, Toxicology and Pharmaceutics/10.3389_fchem.2024.1336717/crops/10.3389_fchem.2024.1336717__7fe56570__p004__b01.png"
10.3389_fchem.2024.1336717__7fe56570__p004__b02,crop,10.3389_fchem.2024.1336717__7fe56570__p004__b02,10.3389_fchem.2024.1336717,10.3389_fchem.2024.1336717.pdf,"Pharmacology, Toxicology and Pharmaceutics",4,2,"Pharmacology, Toxicology and Pharmaceutics/10.3389_fchem.2024.1336717/crops/10.3389_fchem.2024.1336717__7fe56570__p004__b02.png"
10.3389_fchem.2024.1336717__7fe56570__p004__b03,crop,10.3389_fchem.2024.1336717__7fe56570__p004__b03,10.3389_fchem.2024.1336717,10.3389_fchem.2024.1336717.pdf,"Pharmacology, Toxicology and Pharmaceutics",4,3,"Pharmacology, Toxicology and Pharmaceutics/10.3389_fchem.2024.1336717/crops/10.3389_fchem.2024.1336717__7fe56570__p004__b03.png"
10.3389_fchem.2024.1336717__7fe56570__p005__b00,crop,10.3389_fchem.2024.1336717__7fe56570__p005__b00,10.3389_fchem.2024.1336717,10.3389_fchem.2024.1336717.pdf,"Pharmacology, Toxicology and Pharmaceutics",5,0,"Pharmacology, Toxicology and Pharmaceutics/10.3389_fchem.2024.1336717/crops/10.3389_fchem.2024.1336717__7fe56570__p005__b00.png"
10.3389_fchem.2024.1336717__7fe56570__p006__b00,crop,10.3389_fchem.2024.1336717__7fe56570__p006__b00,10.3389_fchem.2024.1336717,10.3389_fchem.2024.1336717.pdf,"Pharmacology, Toxicology and Pharmaceutics",6,0,"Pharmacology, Toxicology and Pharmaceutics/10.3389_fchem.2024.1336717/crops/10.3389_fchem.2024.1336717__7fe56570__p006__b00.png"
10.3389_fchem.2024.1336717__7fe56570__p007__b00,crop,10.3389_fchem.2024.1336717__7fe56570__p007__b00,10.3389_fchem.2024.1336717,10.3389_fchem.2024.1336717.pdf,"Pharmacology, Toxicology and Pharmaceutics",7,0,"Pharmacology, Toxicology and Pharmaceutics/10.3389_fchem.2024.1336717/crops/10.3389_fchem.2024.1336717__7fe56570__p007__b00.png"
10.3389_fchem.2024.1336717__7fe56570__p007__b01,crop,10.3389_fchem.2024.1336717__7fe56570__p007__b01,10.3389_fchem.2024.1336717,10.3389_fchem.2024.1336717.pdf,"Pharmacology, Toxicology and Pharmaceutics",7,1,"Pharmacology, Toxicology and Pharmaceutics/10.3389_fchem.2024.1336717/crops/10.3389_fchem.2024.1336717__7fe56570__p007__b01.png"
10.3389_fchem.2024.1336717__7fe56570__p008__b00,crop,10.3389_fchem.2024.1336717__7fe56570__p008__b00,10.3389_fchem.2024.1336717,10.3389_fchem.2024.1336717.pdf,"Pharmacology, Toxicology and Pharmaceutics",8,0,"Pharmacology, Toxicology and Pharmaceutics/10.3389_fchem.2024.1336717/crops/10.3389_fchem.2024.1336717__7fe56570__p008__b00.png"
10.3389_fchem.2024.1336717__7fe56570__p009__b00,crop,10.3389_fchem.2024.1336717__7fe56570__p009__b00,10.3389_fchem.2024.1336717,10.3389_fchem.2024.1336717.pdf,"Pharmacology, Toxicology and Pharmaceutics",9,0,"Pharmacology, Toxicology and Pharmaceutics/10.3389_fchem.2024.1336717/crops/10.3389_fchem.2024.1336717__7fe56570__p009__b00.png"
10.3389_fchem.2024.1336717__7fe56570__p010__b00,crop,10.3389_fchem.2024.1336717__7fe56570__p010__b00,10.3389_fchem.2024.1336717,10.3389_fchem.2024.1336717.pdf,"Pharmacology, Toxicology and Pharmaceutics",10,0,"Pharmacology, Toxicology and Pharmaceutics/10.3389_fchem.2024.1336717/crops/10.3389_fchem.2024.1336717__7fe56570__p010__b00.png"
10.3389_fchem.2024.1336717__7fe56570__p011__b00,crop,10.3389_fchem.2024.1336717__7fe56570__p011__b00,10.3389_fchem.2024.1336717,10.3389_fchem.2024.1336717.pdf,"Pharmacology, Toxicology and Pharmaceutics",11,0,"Pharmacology, Toxicology and Pharmaceutics/10.3389_fchem.2024.1336717/crops/10.3389_fchem.2024.1336717__7fe56570__p011__b00.png"
10.3389_fendo.2024.1330936__4df52967__p004__b00,crop,10.3389_fendo.2024.1330936__4df52967__p004__b00,10.3389_fendo.2024.1330936,10.3389_fendo.2024.1330936.pdf,"Pharmacology, Toxicology and Pharmaceutics",4,0,"Pharmacology, Toxicology and Pharmaceutics/10.3389_fendo.2024.1330936/crops/10.3389_fendo.2024.1330936__4df52967__p004__b00.png"
10.3389_fendo.2024.1330936__4df52967__p005__b00,crop,10.3389_fendo.2024.1330936__4df52967__p005__b00,10.3389_fendo.2024.1330936,10.3389_fendo.2024.1330936.pdf,"Pharmacology, Toxicology and Pharmaceutics",5,0,"Pharmacology, Toxicology and Pharmaceutics/10.3389_fendo.2024.1330936/crops/10.3389_fendo.2024.1330936__4df52967__p005__b00.png"
10.3389_fendo.2024.1330936__4df52967__p005__b01,crop,10.3389_fendo.2024.1330936__4df52967__p005__b01,10.3389_fendo.2024.1330936,10.3389_fendo.2024.1330936.pdf,"Pharmacology, Toxicology and Pharmaceutics",5,1,"Pharmacology, Toxicology and Pharmaceutics/10.3389_fendo.2024.1330936/crops/10.3389_fendo.2024.1330936__4df52967__p005__b01.png"
10.3389_fendo.2024.1330936__4df52967__p005__b02,crop,10.3389_fendo.2024.1330936__4df52967__p005__b02,10.3389_fendo.2024.1330936,10.3389_fendo.2024.1330936.pdf,"Pharmacology, Toxicology and Pharmaceutics",5,2,"Pharmacology, Toxicology and Pharmaceutics/10.3389_fendo.2024.1330936/crops/10.3389_fendo.2024.1330936__4df52967__p005__b02.png"
10.3389_fendo.2024.1330936__4df52967__p007__b00,crop,10.3389_fendo.2024.1330936__4df52967__p007__b00,10.3389_fendo.2024.1330936,10.3389_fendo.2024.1330936.pdf,"Pharmacology, Toxicology and Pharmaceutics",7,0,"Pharmacology, Toxicology and Pharmaceutics/10.3389_fendo.2024.1330936/crops/10.3389_fendo.2024.1330936__4df52967__p007__b00.png"
10.3389_fendo.2024.1330936__4df52967__p008__b00,crop,10.3389_fendo.2024.1330936__4df52967__p008__b00,10.3389_fendo.2024.1330936,10.3389_fendo.2024.1330936.pdf,"Pharmacology, Toxicology and Pharmaceutics",8,0,"Pharmacology, Toxicology and Pharmaceutics/10.3389_fendo.2024.1330936/crops/10.3389_fendo.2024.1330936__4df52967__p008__b00.png"
10.3389_fendo.2024.1330936__4df52967__p009__b00,crop,10.3389_fendo.2024.1330936__4df52967__p009__b00,10.3389_fendo.2024.1330936,10.3389_fendo.2024.1330936.pdf,"Pharmacology, Toxicology and Pharmaceutics",9,0,"Pharmacology, Toxicology and Pharmaceutics/10.3389_fendo.2024.1330936/crops/10.3389_fendo.2024.1330936__4df52967__p009__b00.png"
10.3389_fendo.2024.1330936__4df52967__p009__b01,crop,10.3389_fendo.2024.1330936__4df52967__p009__b01,10.3389_fendo.2024.1330936,10.3389_fendo.2024.1330936.pdf,"Pharmacology, Toxicology and Pharmaceutics",9,1,"Pharmacology, Toxicology and Pharmaceutics/10.3389_fendo.2024.1330936/crops/10.3389_fendo.2024.1330936__4df52967__p009__b01.png"
10.1103_physrevd.111.023532__cbb7d7e6__p008__b00,crop,10.1103_physrevd.111.023532__cbb7d7e6__p008__b00,10.1103_physrevd.111.023532,10.1103_physrevd.111.023532.pdf,Physics and Astronomy,8,0,Physics and Astronomy/10.1103_physrevd.111.023532/crops/10.1103_physrevd.111.023532__cbb7d7e6__p008__b00.png
10.1103_physrevd.111.023532__cbb7d7e6__p008__b01,crop,10.1103_physrevd.111.023532__cbb7d7e6__p008__b01,10.1103_physrevd.111.023532,10.1103_physrevd.111.023532.pdf,Physics and Astronomy,8,1,Physics and Astronomy/10.1103_physrevd.111.023532/crops/10.1103_physrevd.111.023532__cbb7d7e6__p008__b01.png
10.1103_physrevd.111.023532__cbb7d7e6__p008__b02,crop,10.1103_physrevd.111.023532__cbb7d7e6__p008__b02,10.1103_physrevd.111.023532,10.1103_physrevd.111.023532.pdf,Physics and Astronomy,8,2,Physics and Astronomy/10.1103_physrevd.111.023532/crops/10.1103_physrevd.111.023532__cbb7d7e6__p008__b02.png
10.1103_physrevd.111.023532__cbb7d7e6__p009__b00,crop,10.1103_physrevd.111.023532__cbb7d7e6__p009__b00,10.1103_physrevd.111.023532,10.1103_physrevd.111.023532.pdf,Physics and Astronomy,9,0,Physics and Astronomy/10.1103_physrevd.111.023532/crops/10.1103_physrevd.111.023532__cbb7d7e6__p009__b00.png
10.1103_physrevd.111.023532__cbb7d7e6__p009__b01,crop,10.1103_physrevd.111.023532__cbb7d7e6__p009__b01,10.1103_physrevd.111.023532,10.1103_physrevd.111.023532.pdf,Physics and Astronomy,9,1,Physics and Astronomy/10.1103_physrevd.111.023532/crops/10.1103_physrevd.111.023532__cbb7d7e6__p009__b01.png
10.1103_physrevd.111.023532__cbb7d7e6__p009__b02,crop,10.1103_physrevd.111.023532__cbb7d7e6__p009__b02,10.1103_physrevd.111.023532,10.1103_physrevd.111.023532.pdf,Physics and Astronomy,9,2,Physics and Astronomy/10.1103_physrevd.111.023532/crops/10.1103_physrevd.111.023532__cbb7d7e6__p009__b02.png
10.1103_physrevd.111.023532__cbb7d7e6__p009__b03,crop,10.1103_physrevd.111.023532__cbb7d7e6__p009__b03,10.1103_physrevd.111.023532,10.1103_physrevd.111.023532.pdf,Physics and Astronomy,9,3,Physics and Astronomy/10.1103_physrevd.111.023532/crops/10.1103_physrevd.111.023532__cbb7d7e6__p009__b03.png
10.1103_physrevd.111.023532__cbb7d7e6__p010__b00,crop,10.1103_physrevd.111.023532__cbb7d7e6__p010__b00,10.1103_physrevd.111.023532,10.1103_physrevd.111.023532.pdf,Physics and Astronomy,10,0,Physics and Astronomy/10.1103_physrevd.111.023532/crops/10.1103_physrevd.111.023532__cbb7d7e6__p010__b00.png
10.1103_physrevd.111.023532__cbb7d7e6__p011__b00,crop,10.1103_physrevd.111.023532__cbb7d7e6__p011__b00,10.1103_physrevd.111.023532,10.1103_physrevd.111.023532.pdf,Physics and Astronomy,11,0,Physics and Astronomy/10.1103_physrevd.111.023532/crops/10.1103_physrevd.111.023532__cbb7d7e6__p011__b00.png
10.1103_physrevd.111.023532__cbb7d7e6__p011__b01,crop,10.1103_physrevd.111.023532__cbb7d7e6__p011__b01,10.1103_physrevd.111.023532,10.1103_physrevd.111.023532.pdf,Physics and Astronomy,11,1,Physics and Astronomy/10.1103_physrevd.111.023532/crops/10.1103_physrevd.111.023532__cbb7d7e6__p011__b01.png
10.1103_physrevd.111.023532__cbb7d7e6__p011__b02,crop,10.1103_physrevd.111.023532__cbb7d7e6__p011__b02,10.1103_physrevd.111.023532,10.1103_physrevd.111.023532.pdf,Physics and Astronomy,11,2,Physics and Astronomy/10.1103_physrevd.111.023532/crops/10.1103_physrevd.111.023532__cbb7d7e6__p011__b02.png
10.1103_physrevd.111.023532__cbb7d7e6__p012__b00,crop,10.1103_physrevd.111.023532__cbb7d7e6__p012__b00,10.1103_physrevd.111.023532,10.1103_physrevd.111.023532.pdf,Physics and Astronomy,12,0,Physics and Astronomy/10.1103_physrevd.111.023532/crops/10.1103_physrevd.111.023532__cbb7d7e6__p012__b00.png
10.1103_physrevd.111.023532__cbb7d7e6__p015__b00,crop,10.1103_physrevd.111.023532__cbb7d7e6__p015__b00,10.1103_physrevd.111.023532,10.1103_physrevd.111.023532.pdf,Physics and Astronomy,15,0,Physics and Astronomy/10.1103_physrevd.111.023532/crops/10.1103_physrevd.111.023532__cbb7d7e6__p015__b00.png
10.1103_physrevd.111.023532__cbb7d7e6__p016__b00,crop,10.1103_physrevd.111.023532__cbb7d7e6__p016__b00,10.1103_physrevd.111.023532,10.1103_physrevd.111.023532.pdf,Physics and Astronomy,16,0,Physics and Astronomy/10.1103_physrevd.111.023532/crops/10.1103_physrevd.111.023532__cbb7d7e6__p016__b00.png
10.1103_physrevd.111.023532__cbb7d7e6__p016__b01,crop,10.1103_physrevd.111.023532__cbb7d7e6__p016__b01,10.1103_physrevd.111.023532,10.1103_physrevd.111.023532.pdf,Physics and Astronomy,16,1,Physics and Astronomy/10.1103_physrevd.111.023532/crops/10.1103_physrevd.111.023532__cbb7d7e6__p016__b01.png
10.1103_physrevlett.132.182501__9fd38bf0__p002__b00,crop,10.1103_physrevlett.132.182501__9fd38bf0__p002__b00,10.1103_physrevlett.132.182501,10.1103_physrevlett.132.182501.pdf,Physics and Astronomy,2,0,Physics and Astronomy/10.1103_physrevlett.132.182501/crops/10.1103_physrevlett.132.182501__9fd38bf0__p002__b00.png
10.1103_physrevlett.132.182501__9fd38bf0__p002__b01,crop,10.1103_physrevlett.132.182501__9fd38bf0__p002__b01,10.1103_physrevlett.132.182501,10.1103_physrevlett.132.182501.pdf,Physics and Astronomy,2,1,Physics and Astronomy/10.1103_physrevlett.132.182501/crops/10.1103_physrevlett.132.182501__9fd38bf0__p002__b01.png
10.1103_physrevlett.132.182501__9fd38bf0__p002__b02,crop,10.1103_physrevlett.132.182501__9fd38bf0__p002__b02,10.1103_physrevlett.132.182501,10.1103_physrevlett.132.182501.pdf,Physics and Astronomy,2,2,Physics and Astronomy/10.1103_physrevlett.132.182501/crops/10.1103_physrevlett.132.182501__9fd38bf0__p002__b02.png
10.1103_physrevlett.132.182501__9fd38bf0__p002__b03,crop,10.1103_physrevlett.132.182501__9fd38bf0__p002__b03,10.1103_physrevlett.132.182501,10.1103_physrevlett.132.182501.pdf,Physics and Astronomy,2,3,Physics and Astronomy/10.1103_physrevlett.132.182501/crops/10.1103_physrevlett.132.182501__9fd38bf0__p002__b03.png
10.1103_physrevlett.132.182501__9fd38bf0__p002__b04,crop,10.1103_physrevlett.132.182501__9fd38bf0__p002__b04,10.1103_physrevlett.132.182501,10.1103_physrevlett.132.182501.pdf,Physics and Astronomy,2,4,Physics and Astronomy/10.1103_physrevlett.132.182501/crops/10.1103_physrevlett.132.182501__9fd38bf0__p002__b04.png
10.1103_physrevlett.132.182501__9fd38bf0__p003__b00,crop,10.1103_physrevlett.132.182501__9fd38bf0__p003__b00,10.1103_physrevlett.132.182501,10.1103_physrevlett.132.182501.pdf,Physics and Astronomy,3,0,Physics and Astronomy/10.1103_physrevlett.132.182501/crops/10.1103_physrevlett.132.182501__9fd38bf0__p003__b00.png
10.1103_physrevlett.132.182501__9fd38bf0__p004__b00,crop,10.1103_physrevlett.132.182501__9fd38bf0__p004__b00,10.1103_physrevlett.132.182501,10.1103_physrevlett.132.182501.pdf,Physics and Astronomy,4,0,Physics and Astronomy/10.1103_physrevlett.132.182501/crops/10.1103_physrevlett.132.182501__9fd38bf0__p004__b00.png
10.25088_complexsystems.14.3.269__24a24dae__p002__b00,crop,10.25088_complexsystems.14.3.269__24a24dae__p002__b00,10.25088_complexsystems.14.3.269,10.25088_complexsystems.14.3.269.pdf,Physics and Astronomy,2,0,Physics and Astronomy/10.25088_complexsystems.14.3.269/crops/10.25088_complexsystems.14.3.269__24a24dae__p002__b00.png
10.25088_complexsystems.14.3.269__24a24dae__p003__b00,crop,10.25088_complexsystems.14.3.269__24a24dae__p003__b00,10.25088_complexsystems.14.3.269,10.25088_complexsystems.14.3.269.pdf,Physics and Astronomy,3,0,Physics and Astronomy/10.25088_complexsystems.14.3.269/crops/10.25088_complexsystems.14.3.269__24a24dae__p003__b00.png
