atomic_id,crop_id,pdf_id,pdf_name,page,bbox_index,image_path,is_figure,classification,accessibility,source,contrast_verdict,contrast_score,contrast_n_colors,contrast_reason
10.1007_s13762-024-05818-y__924e750f__p001__b00,10.1007_s13762-024-05818-y__924e750f__p001__b00,10.1007_s13762-024-05818-y,10.1007_s13762-024-05818-y.pdf,1,0,Agricultural and Biological Sciences/10.1007_s13762-024-05818-y/crops/10.1007_s13762-024-05818-y__924e750f__p001__b00.png,yes,discrete,problematic,model,PROBLEMATIC,0.436,8,"V4 score=0.436 (thr=0.08, cluster_loss=0); komponenten: pair=0.20 + cluster_loss=0.00 + complexity=0.24 + cvd=0.00 + legend=0.00; 3 kollabierte Paare; RGB(83, 129, 55) vs RGB(190, 2, 5) (ΔE00=57.13, ΔL*=9.69, adj=1.00, leg=True); RGB(83, 129, 55) vs RGB(196, 91, 91) (ΔE00=52.57, ΔL*=2.22, adj=1.00, "
10.1007_s13762-024-05818-y__924e750f__p004__b00,10.1007_s13762-024-05818-y__924e750f__p004__b00,10.1007_s13762-024-05818-y,10.1007_s13762-024-05818-y.pdf,4,0,Agricultural and Biological Sciences/10.1007_s13762-024-05818-y/crops/10.1007_s13762-024-05818-y__924e750f__p004__b00.png,yes,discrete,problematic,model,PROBLEMATIC,0.239,5,"V4 score=0.239 (thr=0.16, cluster_loss=0); komponenten: pair=0.20 + cluster_loss=0.00 + complexity=0.04 + cvd=0.00 + legend=0.00; 2 kollabierte Paare; RGB(237, 220, 220) vs RGB(237, 220, 139) (ΔE00=24.91, ΔL*=1.49, adj=1.00, leg=True); RGB(0, 174, 81) vs RGB(172, 168, 177) (ΔE00=32.32, ΔL*=6.99, adj"
10.1007_s13762-024-05818-y__924e750f__p009__b00,10.1007_s13762-024-05818-y__924e750f__p009__b00,10.1007_s13762-024-05818-y,10.1007_s13762-024-05818-y.pdf,9,0,Agricultural and Biological Sciences/10.1007_s13762-024-05818-y/crops/10.1007_s13762-024-05818-y__924e750f__p009__b00.png,yes,rainbow_gradient,n/a,model,,,,
10.1007_s13762-024-05818-y__924e750f__p015__b00,10.1007_s13762-024-05818-y__924e750f__p015__b00,10.1007_s13762-024-05818-y,10.1007_s13762-024-05818-y.pdf,15,0,Agricultural and Biological Sciences/10.1007_s13762-024-05818-y/crops/10.1007_s13762-024-05818-y__924e750f__p015__b00.png,yes,discrete,problematic,model,PROBLEMATIC,1.0,8,"V4 score=1.000 (thr=0.06, cluster_loss=2); komponenten: pair=0.75 + cluster_loss=0.08 + complexity=0.28 + cvd=0.06 + legend=0.00; 8 kollabierte Paare; RGB(237, 243, 241) vs RGB(250, 216, 102) (ΔE00=26.03, ΔL*=8.32, adj=1.00, leg=True); RGB(65, 114, 191) vs RGB(234, 15, 18) (ΔE00=46.32, ΔL*=1.2, adj="
10.1007_s43994-024-00177-3__baf39e9e__p003__b00,10.1007_s43994-024-00177-3__baf39e9e__p003__b00,10.1007_s43994-024-00177-3,10.1007_s43994-024-00177-3.pdf,3,0,Agricultural and Biological Sciences/10.1007_s43994-024-00177-3/crops/10.1007_s43994-024-00177-3__baf39e9e__p003__b00.png,yes,rainbow_gradient,n/a,model,,,,
10.1007_s43994-024-00177-3__baf39e9e__p008__b00,10.1007_s43994-024-00177-3__baf39e9e__p008__b00,10.1007_s43994-024-00177-3,10.1007_s43994-024-00177-3.pdf,8,0,Agricultural and Biological Sciences/10.1007_s43994-024-00177-3/crops/10.1007_s43994-024-00177-3__baf39e9e__p008__b00.png,yes,discrete,problematic,model,PROBLEMATIC,0.389,7,"V4 score=0.389 (thr=0.16, cluster_loss=0); komponenten: pair=0.27 + cluster_loss=0.00 + complexity=0.12 + cvd=0.00 + legend=0.00; 4 kollabierte Paare; RGB(235, 242, 251) vs RGB(235, 219, 184) (ΔE00=18.79, ΔL*=7.6, adj=1.00, leg=True); RGB(162, 193, 226) vs RGB(99, 176, 211) (ΔE00=10.92, ΔL*=8.71, ad"
10.1007_s43994-024-00177-3__baf39e9e__p008__b01,10.1007_s43994-024-00177-3__baf39e9e__p008__b01,10.1007_s43994-024-00177-3,10.1007_s43994-024-00177-3.pdf,8,1,Agricultural and Biological Sciences/10.1007_s43994-024-00177-3/crops/10.1007_s43994-024-00177-3__baf39e9e__p008__b01.png,yes,discrete,problematic,model,PROBLEMATIC,0.208,6,"V4 score=0.208 (thr=0.16, cluster_loss=0); komponenten: pair=0.13 + cluster_loss=0.00 + complexity=0.08 + cvd=0.00 + legend=0.00; 2 kollabierte Paare; RGB(187, 202, 223) vs RGB(161, 200, 134) (ΔE00=31.62, ΔL*=4.34, adj=1.00, leg=True); RGB(162, 176, 184) vs RGB(161, 200, 134) (ΔE00=26.47, ΔL*=5.43, "
10.1007_s43994-024-00177-3__baf39e9e__p008__b02,10.1007_s43994-024-00177-3__baf39e9e__p008__b02,10.1007_s43994-024-00177-3,10.1007_s43994-024-00177-3.pdf,8,2,Agricultural and Biological Sciences/10.1007_s43994-024-00177-3/crops/10.1007_s43994-024-00177-3__baf39e9e__p008__b02.png,yes,discrete,problematic,model,PROBLEMATIC,0.432,8,"V4 score=0.432 (thr=0.08, cluster_loss=0); komponenten: pair=0.23 + cluster_loss=0.00 + complexity=0.20 + cvd=0.00 + legend=0.00; 5 kollabierte Paare; RGB(235, 242, 251) vs RGB(242, 223, 164) (ΔE00=24.14, ΔL*=6.5, adj=1.00, leg=True); RGB(150, 192, 229) vs RGB(248, 186, 31) (ΔE00=49.12, ΔL*=3.0, adj"
10.1007_s43994-024-00177-3__baf39e9e__p011__b00,10.1007_s43994-024-00177-3__baf39e9e__p011__b00,10.1007_s43994-024-00177-3,10.1007_s43994-024-00177-3.pdf,11,0,Agricultural and Biological Sciences/10.1007_s43994-024-00177-3/crops/10.1007_s43994-024-00177-3__baf39e9e__p011__b00.png,yes,discrete,accessible,model,ACCESSIBLE,0.0,1,Fast-Path: nur 1 Farb- / 1 Grayscale-Cluster.
10.1007_s44378-025-00041-8__4567c3a6__p002__b00,10.1007_s44378-025-00041-8__4567c3a6__p002__b00,10.1007_s44378-025-00041-8,10.1007_s44378-025-00041-8.pdf,2,0,Agricultural and Biological Sciences/10.1007_s44378-025-00041-8/crops/10.1007_s44378-025-00041-8__4567c3a6__p002__b00.png,yes,rainbow_gradient,n/a,model,,,,
10.1007_s44378-025-00041-8__4567c3a6__p004__b00,10.1007_s44378-025-00041-8__4567c3a6__p004__b00,10.1007_s44378-025-00041-8,10.1007_s44378-025-00041-8.pdf,4,0,Agricultural and Biological Sciences/10.1007_s44378-025-00041-8/crops/10.1007_s44378-025-00041-8__4567c3a6__p004__b00.png,yes,discrete,problematic,model,PROBLEMATIC,0.313,6,"V4 score=0.313 (thr=0.06, cluster_loss=3); komponenten: pair=0.11 + cluster_loss=0.12 + complexity=0.08 + cvd=0.00 + legend=0.00; 7 kollabierte Paare; RGB(243, 177, 133) vs RGB(179, 199, 230) (ΔE00=32.39, ΔL*=2.35, adj=1.00, leg=True); RGB(243, 177, 133) vs RGB(195, 224, 183) (ΔE00=29.83, ΔL*=8.81, "
10.1007_s44378-025-00041-8__4567c3a6__p005__b00,10.1007_s44378-025-00041-8__4567c3a6__p005__b00,10.1007_s44378-025-00041-8,10.1007_s44378-025-00041-8.pdf,5,0,Agricultural and Biological Sciences/10.1007_s44378-025-00041-8/crops/10.1007_s44378-025-00041-8__4567c3a6__p005__b00.png,yes,discrete,accessible,model,ACCESSIBLE,0.0,0,Zu wenige chromatische Pixel (0) — keine Farbcodierung.
10.3201_eid3104.240913__8b42af60__p001__b00,10.3201_eid3104.240913__8b42af60__p001__b00,10.3201_eid3104.240913,10.3201_eid3104.240913.pdf,1,0,Agricultural and Biological Sciences/10.3201_eid3104.240913/crops/10.3201_eid3104.240913__8b42af60__p001__b00.png,yes,rainbow_gradient,n/a,model,,,,
10.3201_eid3104.240913__8b42af60__p004__b00,10.3201_eid3104.240913__8b42af60__p004__b00,10.3201_eid3104.240913,10.3201_eid3104.240913.pdf,4,0,Agricultural and Biological Sciences/10.3201_eid3104.240913/crops/10.3201_eid3104.240913__8b42af60__p004__b00.png,yes,discrete,accessible,model,ACCESSIBLE,0.0,0,Zu wenige chromatische Pixel (0) — keine Farbcodierung.
10.3201_eid3104.240913__8b42af60__p005__b00,10.3201_eid3104.240913__8b42af60__p005__b00,10.3201_eid3104.240913,10.3201_eid3104.240913.pdf,5,0,Agricultural and Biological Sciences/10.3201_eid3104.240913/crops/10.3201_eid3104.240913__8b42af60__p005__b00.png,yes,discrete,accessible,model,ACCESSIBLE,0.0,0,Zu wenige chromatische Pixel (0) — keine Farbcodierung.
10.3201_eid3104.240913__8b42af60__p009__b00,10.3201_eid3104.240913__8b42af60__p009__b00,10.3201_eid3104.240913,10.3201_eid3104.240913.pdf,9,0,Agricultural and Biological Sciences/10.3201_eid3104.240913/crops/10.3201_eid3104.240913__8b42af60__p009__b00.png,yes,rainbow_gradient,n/a,model,,,,
10.3201_eid3104.240913__8b42af60__p009__b01,10.3201_eid3104.240913__8b42af60__p009__b01,10.3201_eid3104.240913,10.3201_eid3104.240913.pdf,9,1,Agricultural and Biological Sciences/10.3201_eid3104.240913/crops/10.3201_eid3104.240913__8b42af60__p009__b01.png,yes,rainbow_gradient,n/a,model,,,,
10.3201_eid3104.240913__8b42af60__p009__b02,10.3201_eid3104.240913__8b42af60__p009__b02,10.3201_eid3104.240913,10.3201_eid3104.240913.pdf,9,2,Agricultural and Biological Sciences/10.3201_eid3104.240913/crops/10.3201_eid3104.240913__8b42af60__p009__b02.png,yes,discrete,accessible,model,ACCESSIBLE,0.0,2,"V4 score=0.000 (thr=0.16); kein Pair kollabiert; globaler cluster_loss=0, n_color=2, komponenten: pair=0.00 + cluster_loss=0.00 + complexity=0.00 + cvd=0.00 + legend=0.00"
10.3201_eid3104.240913__8b42af60__p009__b03,10.3201_eid3104.240913__8b42af60__p009__b03,10.3201_eid3104.240913,10.3201_eid3104.240913.pdf,9,3,Agricultural and Biological Sciences/10.3201_eid3104.240913/crops/10.3201_eid3104.240913__8b42af60__p009__b03.png,yes,discrete,problematic,model,PROBLEMATIC,0.433,3,"V4 score=0.433 (thr=0.06, cluster_loss=2); komponenten: pair=0.35 + cluster_loss=0.08 + complexity=0.00 + cvd=0.00 + legend=0.00; 1 kollabierte Paare; RGB(27, 69, 141) vs RGB(35, 89, 93) (ΔE00=22.75, ΔL*=3.65, adj=1.00, leg=True)"
10.3389_fagro.2025.1578915__eff26506__p004__b00,10.3389_fagro.2025.1578915__eff26506__p004__b00,10.3389_fagro.2025.1578915,10.3389_fagro.2025.1578915.pdf,4,0,Agricultural and Biological Sciences/10.3389_fagro.2025.1578915/crops/10.3389_fagro.2025.1578915__eff26506__p004__b00.png,yes,discrete,accessible,model,ACCESSIBLE,0.04,2,"V4 score=0.040 (thr=0.16); kein Pair kollabiert; globaler cluster_loss=0, n_color=5, komponenten: pair=0.00 + cluster_loss=0.00 + complexity=0.04 + cvd=0.00 + legend=0.00"
10.3389_fagro.2025.1578915__eff26506__p005__b00,10.3389_fagro.2025.1578915__eff26506__p005__b00,10.3389_fagro.2025.1578915,10.3389_fagro.2025.1578915.pdf,5,0,Agricultural and Biological Sciences/10.3389_fagro.2025.1578915/crops/10.3389_fagro.2025.1578915__eff26506__p005__b00.png,yes,discrete,problematic,model,PROBLEMATIC,0.427,7,"V4 score=0.427 (thr=0.16, cluster_loss=0); komponenten: pair=0.31 + cluster_loss=0.00 + complexity=0.12 + cvd=0.00 + legend=0.00; 4 kollabierte Paare; RGB(111, 172, 92) vs RGB(163, 160, 149) (ΔE00=21.36, ΔL*=1.34, adj=1.00, leg=True); RGB(144, 111, 87) vs RGB(89, 138, 54) (ΔE00=29.83, ΔL*=3.11, adj="
10.3389_fagro.2025.1578915__eff26506__p005__b01,10.3389_fagro.2025.1578915__eff26506__p005__b01,10.3389_fagro.2025.1578915,10.3389_fagro.2025.1578915.pdf,5,1,Agricultural and Biological Sciences/10.3389_fagro.2025.1578915/crops/10.3389_fagro.2025.1578915__eff26506__p005__b01.png,yes,discrete,problematic,model,PROBLEMATIC,0.243,6,"V4 score=0.243 (thr=0.16, cluster_loss=0); komponenten: pair=0.16 + cluster_loss=0.00 + complexity=0.08 + cvd=0.00 + legend=0.00; 4 kollabierte Paare; RGB(111, 172, 92) vs RGB(171, 167, 155) (ΔE00=21.79, ΔL*=3.88, adj=1.00, leg=True); RGB(111, 172, 92) vs RGB(144, 133, 119) (ΔE00=24.84, ΔL*=8.73, ad"
10.3389_fagro.2025.1578915__eff26506__p006__b00,10.3389_fagro.2025.1578915__eff26506__p006__b00,10.3389_fagro.2025.1578915,10.3389_fagro.2025.1578915.pdf,6,0,Agricultural and Biological Sciences/10.3389_fagro.2025.1578915/crops/10.3389_fagro.2025.1578915__eff26506__p006__b00.png,yes,discrete,accessible,model,ACCESSIBLE,0.017,4,"V4 score=0.017 (thr=0.16, cluster_loss=0); komponenten: pair=0.02 + cluster_loss=0.00 + complexity=0.00 + cvd=0.00 + legend=0.00; 1 kollabierte Paare; RGB(241, 116, 41) vs RGB(245, 157, 104) (ΔE00=10.32, ΔL*=9.73, adj=1.00, leg=True)"
10.3389_fagro.2025.1578915__eff26506__p007__b00,10.3389_fagro.2025.1578915__eff26506__p007__b00,10.3389_fagro.2025.1578915,10.3389_fagro.2025.1578915.pdf,7,0,Agricultural and Biological Sciences/10.3389_fagro.2025.1578915/crops/10.3389_fagro.2025.1578915__eff26506__p007__b00.png,yes,discrete,accessible,model,ACCESSIBLE,0.04,3,"V4 score=0.040 (thr=0.06); kein Pair kollabiert; globaler cluster_loss=1, n_color=3, komponenten: pair=0.00 + cluster_loss=0.04 + complexity=0.00 + cvd=0.00 + legend=0.00"
10.3389_fmicb.2024.1383813__a9a566a1__p003__b00,10.3389_fmicb.2024.1383813__a9a566a1__p003__b00,10.3389_fmicb.2024.1383813,10.3389_fmicb.2024.1383813.pdf,3,0,Agricultural and Biological Sciences/10.3389_fmicb.2024.1383813/crops/10.3389_fmicb.2024.1383813__a9a566a1__p003__b00.png,yes,discrete,accessible,model,ACCESSIBLE,0.06,4,"V4 score=0.060 (thr=0.16); kein Pair kollabiert; globaler cluster_loss=0, n_color=4, komponenten: pair=0.00 + cluster_loss=0.00 + complexity=0.00 + cvd=0.06 + legend=0.00"
10.3389_fmicb.2024.1383813__a9a566a1__p004__b00,10.3389_fmicb.2024.1383813__a9a566a1__p004__b00,10.3389_fmicb.2024.1383813,10.3389_fmicb.2024.1383813.pdf,4,0,Agricultural and Biological Sciences/10.3389_fmicb.2024.1383813/crops/10.3389_fmicb.2024.1383813__a9a566a1__p004__b00.png,yes,discrete,problematic,model,PROBLEMATIC,0.592,6,"V4 score=0.592 (thr=0.16, cluster_loss=0); komponenten: pair=0.51 + cluster_loss=0.00 + complexity=0.08 + cvd=0.00 + legend=0.00; 6 kollabierte Paare; RGB(238, 226, 237) vs RGB(195, 223, 215) (ΔE00=22.1, ΔL*=4.5, adj=1.00, leg=True); RGB(195, 223, 215) vs RGB(225, 187, 154) (ΔE00=26.66, ΔL*=7.97, ad"
10.3389_fmicb.2024.1383813__a9a566a1__p005__b00,10.3389_fmicb.2024.1383813__a9a566a1__p005__b00,10.3389_fmicb.2024.1383813,10.3389_fmicb.2024.1383813.pdf,5,0,Agricultural and Biological Sciences/10.3389_fmicb.2024.1383813/crops/10.3389_fmicb.2024.1383813__a9a566a1__p005__b00.png,yes,discrete,problematic,model,PROBLEMATIC,1.0,8,"V4 score=1.000 (thr=0.06, cluster_loss=1); komponenten: pair=0.73 + cluster_loss=0.04 + complexity=0.24 + cvd=0.06 + legend=0.00; 9 kollabierte Paare; RGB(224, 238, 247) vs RGB(238, 206, 170) (ΔE00=22.51, ΔL*=8.47, adj=1.00, leg=True); RGB(160, 134, 109) vs RGB(100, 146, 90) (ΔE00=24.97, ΔL*=1.52, a"
10.3389_fmicb.2024.1383813__a9a566a1__p008__b00,10.3389_fmicb.2024.1383813__a9a566a1__p008__b00,10.3389_fmicb.2024.1383813,10.3389_fmicb.2024.1383813.pdf,8,0,Agricultural and Biological Sciences/10.3389_fmicb.2024.1383813/crops/10.3389_fmicb.2024.1383813__a9a566a1__p008__b00.png,yes,discrete,accessible,model,ACCESSIBLE,0.06,4,"V4 score=0.060 (thr=0.16); kein Pair kollabiert; globaler cluster_loss=0, n_color=4, komponenten: pair=0.00 + cluster_loss=0.00 + complexity=0.00 + cvd=0.06 + legend=0.00"
10.3389_fsufs.2025.1551460__59b432e7__p003__b00,10.3389_fsufs.2025.1551460__59b432e7__p003__b00,10.3389_fsufs.2025.1551460,10.3389_fsufs.2025.1551460.pdf,3,0,Agricultural and Biological Sciences/10.3389_fsufs.2025.1551460/crops/10.3389_fsufs.2025.1551460__59b432e7__p003__b00.png,yes,rainbow_gradient,n/a,model,,,,
10.3389_fsufs.2025.1551460__59b432e7__p005__b00,10.3389_fsufs.2025.1551460__59b432e7__p005__b00,10.3389_fsufs.2025.1551460,10.3389_fsufs.2025.1551460.pdf,5,0,Agricultural and Biological Sciences/10.3389_fsufs.2025.1551460/crops/10.3389_fsufs.2025.1551460__59b432e7__p005__b00.png,yes,discrete,problematic,model,PROBLEMATIC,0.542,5,"V4 score=0.542 (thr=0.08, cluster_loss=0); komponenten: pair=0.44 + cluster_loss=0.00 + complexity=0.04 + cvd=0.06 + legend=0.00; 3 kollabierte Paare; RGB(100, 222, 100) vs RGB(240, 179, 67) (ΔE00=36.94, ΔL*=2.8, adj=0.30, leg=False); RGB(240, 179, 67) vs RGB(163, 215, 129) (ΔE00=29.71, ΔL*=3.92, ad"
10.3389_fsufs.2025.1551460__59b432e7__p008__b00,10.3389_fsufs.2025.1551460__59b432e7__p008__b00,10.3389_fsufs.2025.1551460,10.3389_fsufs.2025.1551460.pdf,8,0,Agricultural and Biological Sciences/10.3389_fsufs.2025.1551460/crops/10.3389_fsufs.2025.1551460__59b432e7__p008__b00.png,yes,discrete,accessible,model,ACCESSIBLE,0.016,4,"V4 score=0.016 (thr=0.16, cluster_loss=0); komponenten: pair=0.02 + cluster_loss=0.00 + complexity=0.00 + cvd=0.00 + legend=0.00; 1 kollabierte Paare; RGB(222, 242, 223) vs RGB(180, 225, 181) (ΔE00=10.52, ΔL*=7.95, adj=1.00, leg=True)"
10.3389_fsufs.2025.1551460__59b432e7__p009__b00,10.3389_fsufs.2025.1551460__59b432e7__p009__b00,10.3389_fsufs.2025.1551460,10.3389_fsufs.2025.1551460.pdf,9,0,Agricultural and Biological Sciences/10.3389_fsufs.2025.1551460/crops/10.3389_fsufs.2025.1551460__59b432e7__p009__b00.png,yes,discrete,accessible,model,ACCESSIBLE,0.0,3,"V4 score=0.000 (thr=0.08); kein Pair kollabiert; globaler cluster_loss=0, n_color=4, komponenten: pair=0.00 + cluster_loss=0.00 + complexity=0.00 + cvd=0.00 + legend=0.00"
10.3389_fsufs.2025.1551460__59b432e7__p010__b00,10.3389_fsufs.2025.1551460__59b432e7__p010__b00,10.3389_fsufs.2025.1551460,10.3389_fsufs.2025.1551460.pdf,10,0,Agricultural and Biological Sciences/10.3389_fsufs.2025.1551460/crops/10.3389_fsufs.2025.1551460__59b432e7__p010__b00.png,yes,discrete,problematic,model,PROBLEMATIC,0.883,8,"V4 score=0.883 (thr=0.06, cluster_loss=3); komponenten: pair=0.52 + cluster_loss=0.12 + complexity=0.24 + cvd=0.00 + legend=0.00; 7 kollabierte Paare; RGB(240, 200, 137) vs RGB(150, 195, 128) (ΔE00=24.15, ΔL*=8.96, adj=1.00, leg=True); RGB(240, 200, 137) vs RGB(199, 217, 203) (ΔE00=22.17, ΔL*=2.36, "
10.3389_fsufs.2025.1551460__59b432e7__p011__b00,10.3389_fsufs.2025.1551460__59b432e7__p011__b00,10.3389_fsufs.2025.1551460,10.3389_fsufs.2025.1551460.pdf,11,0,Agricultural and Biological Sciences/10.3389_fsufs.2025.1551460/crops/10.3389_fsufs.2025.1551460__59b432e7__p011__b00.png,yes,discrete,problematic,model,PROBLEMATIC,0.294,8,"V4 score=0.294 (thr=0.08, cluster_loss=0); komponenten: pair=0.13 + cluster_loss=0.00 + complexity=0.16 + cvd=0.00 + legend=0.00; 4 kollabierte Paare; RGB(237, 224, 183) vs RGB(229, 236, 233) (ΔE00=14.68, ΔL*=3.59, adj=1.00, leg=True); RGB(52, 90, 78) vs RGB(117, 95, 71) (ΔE00=25.42, ΔL*=6.76, adj=1"
10.3389_fsufs.2025.1551460__59b432e7__p011__b01,10.3389_fsufs.2025.1551460__59b432e7__p011__b01,10.3389_fsufs.2025.1551460,10.3389_fsufs.2025.1551460.pdf,11,1,Agricultural and Biological Sciences/10.3389_fsufs.2025.1551460/crops/10.3389_fsufs.2025.1551460__59b432e7__p011__b01.png,yes,discrete,problematic,model,PROBLEMATIC,1.0,8,"V4 score=1.000 (thr=0.06, cluster_loss=2); komponenten: pair=0.67 + cluster_loss=0.08 + complexity=0.20 + cvd=0.06 + legend=0.00; 9 kollabierte Paare; RGB(237, 224, 183) vs RGB(234, 238, 235) (ΔE00=13.66, ΔL*=4.3, adj=1.00, leg=True); RGB(142, 98, 190) vs RGB(177, 60, 143) (ΔE00=14.92, ΔL*=4.79, adj"
10.54112_bbasr.v2024i1.66__cbe6800e__p001__b00,10.54112_bbasr.v2024i1.66__cbe6800e__p001__b00,10.54112_bbasr.v2024i1.66,10.54112_bbasr.v2024i1.66.pdf,1,0,Agricultural and Biological Sciences/10.54112_bbasr.v2024i1.66/crops/10.54112_bbasr.v2024i1.66__cbe6800e__p001__b00.png,yes,discrete,problematic,model,PROBLEMATIC,0.307,4,"V4 score=0.307 (thr=0.16, cluster_loss=0); komponenten: pair=0.25 + cluster_loss=0.00 + complexity=0.00 + cvd=0.06 + legend=0.00; 2 kollabierte Paare; RGB(0, 99, 5) vs RGB(0, 9, 255) (ΔE00=58.97, ΔL*=3.08, adj=1.00, leg=True); RGB(16, 132, 29) vs RGB(225, 110, 17) (ΔE00=53.58, ΔL*=11.29, adj=1.00, l"
10.54112_bbasr.v2024i1.66__cbe6800e__p002__b00,10.54112_bbasr.v2024i1.66__cbe6800e__p002__b00,10.54112_bbasr.v2024i1.66,10.54112_bbasr.v2024i1.66.pdf,2,0,Agricultural and Biological Sciences/10.54112_bbasr.v2024i1.66/crops/10.54112_bbasr.v2024i1.66__cbe6800e__p002__b00.png,yes,discrete,problematic,model,PROBLEMATIC,0.52,6,Fast-Path: cluster_loss=4 (≥4) — 6 Farb-Cluster kollabieren auf 2 Grayscale-Cluster.
10.54112_bbasr.v2024i1.66__cbe6800e__p004__b00,10.54112_bbasr.v2024i1.66__cbe6800e__p004__b00,10.54112_bbasr.v2024i1.66,10.54112_bbasr.v2024i1.66.pdf,4,0,Agricultural and Biological Sciences/10.54112_bbasr.v2024i1.66/crops/10.54112_bbasr.v2024i1.66__cbe6800e__p004__b00.png,yes,discrete,problematic,model,PROBLEMATIC,0.415,8,"V4 score=0.415 (thr=0.08, cluster_loss=0); komponenten: pair=0.17 + cluster_loss=0.00 + complexity=0.24 + cvd=0.00 + legend=0.00; 2 kollabierte Paare; RGB(110, 133, 85) vs RGB(147, 106, 60) (ΔE00=22.62, ΔL*=4.57, adj=1.00, leg=True); RGB(110, 133, 85) vs RGB(173, 132, 78) (ΔE00=21.95, ΔL*=5.55, adj="
10.54112_bbasr.v2024i1.66__cbe6800e__p004__b01,10.54112_bbasr.v2024i1.66__cbe6800e__p004__b01,10.54112_bbasr.v2024i1.66,10.54112_bbasr.v2024i1.66.pdf,4,1,Agricultural and Biological Sciences/10.54112_bbasr.v2024i1.66/crops/10.54112_bbasr.v2024i1.66__cbe6800e__p004__b01.png,yes,discrete,problematic,model,PROBLEMATIC,0.338,4,"V4 score=0.338 (thr=0.08, cluster_loss=0); komponenten: pair=0.30 + cluster_loss=0.00 + complexity=0.04 + cvd=0.00 + legend=0.00; 1 kollabierte Paare; RGB(178, 196, 158) vs RGB(142, 181, 102) (ΔE00=10.89, ΔL*=7.61, adj=1.00, leg=True)"
10.54112_bbasr.v2024i1.66__cbe6800e__p004__b02,10.54112_bbasr.v2024i1.66__cbe6800e__p004__b02,10.54112_bbasr.v2024i1.66,10.54112_bbasr.v2024i1.66.pdf,4,2,Agricultural and Biological Sciences/10.54112_bbasr.v2024i1.66/crops/10.54112_bbasr.v2024i1.66__cbe6800e__p004__b02.png,yes,discrete,accessible,model,ACCESSIBLE,0.0,3,"V4 score=0.000 (thr=0.16); kein Pair kollabiert; globaler cluster_loss=0, n_color=3, komponenten: pair=0.00 + cluster_loss=0.00 + complexity=0.00 + cvd=0.00 + legend=0.00"
10.54112_bbasr.v2024i1.66__cbe6800e__p005__b00,10.54112_bbasr.v2024i1.66__cbe6800e__p005__b00,10.54112_bbasr.v2024i1.66,10.54112_bbasr.v2024i1.66.pdf,5,0,Agricultural and Biological Sciences/10.54112_bbasr.v2024i1.66/crops/10.54112_bbasr.v2024i1.66__cbe6800e__p005__b00.png,yes,rainbow_gradient,n/a,model,,,,
10.54112_bbasr.v2024i1.66__cbe6800e__p005__b01,10.54112_bbasr.v2024i1.66__cbe6800e__p005__b01,10.54112_bbasr.v2024i1.66,10.54112_bbasr.v2024i1.66.pdf,5,1,Agricultural and Biological Sciences/10.54112_bbasr.v2024i1.66/crops/10.54112_bbasr.v2024i1.66__cbe6800e__p005__b01.png,yes,discrete,problematic,model,PROBLEMATIC,0.399,6,"V4 score=0.399 (thr=0.06, cluster_loss=1); komponenten: pair=0.22 + cluster_loss=0.04 + complexity=0.08 + cvd=0.06 + legend=0.00; 2 kollabierte Paare; RGB(251, 194, 56) vs RGB(244, 214, 167) (ΔE00=14.41, ΔL*=5.51, adj=1.00, leg=True); RGB(251, 170, 33) vs RGB(151, 184, 110) (ΔE00=30.73, ΔL*=4.76, ad"
10.54112_bbasr.v2024i1.66__cbe6800e__p005__b02,10.54112_bbasr.v2024i1.66__cbe6800e__p005__b02,10.54112_bbasr.v2024i1.66,10.54112_bbasr.v2024i1.66.pdf,5,2,Agricultural and Biological Sciences/10.54112_bbasr.v2024i1.66/crops/10.54112_bbasr.v2024i1.66__cbe6800e__p005__b02.png,yes,rainbow_gradient,n/a,model,,,,
10.54112_bbasr.v2024i1.66__cbe6800e__p005__b03,10.54112_bbasr.v2024i1.66__cbe6800e__p005__b03,10.54112_bbasr.v2024i1.66,10.54112_bbasr.v2024i1.66.pdf,5,3,Agricultural and Biological Sciences/10.54112_bbasr.v2024i1.66/crops/10.54112_bbasr.v2024i1.66__cbe6800e__p005__b03.png,yes,discrete,accessible,model,ACCESSIBLE,0.0,2,"V4 score=0.000 (thr=0.16); kein Pair kollabiert; globaler cluster_loss=0, n_color=2, komponenten: pair=0.00 + cluster_loss=0.00 + complexity=0.00 + cvd=0.00 + legend=0.00"
10.54112_bbasr.v2024i1.66__cbe6800e__p007__b00,10.54112_bbasr.v2024i1.66__cbe6800e__p007__b00,10.54112_bbasr.v2024i1.66,10.54112_bbasr.v2024i1.66.pdf,7,0,Agricultural and Biological Sciences/10.54112_bbasr.v2024i1.66/crops/10.54112_bbasr.v2024i1.66__cbe6800e__p007__b00.png,yes,rainbow_gradient,n/a,model,,,,
10.54112_bbasr.v2024i1.66__cbe6800e__p007__b01,10.54112_bbasr.v2024i1.66__cbe6800e__p007__b01,10.54112_bbasr.v2024i1.66,10.54112_bbasr.v2024i1.66.pdf,7,1,Agricultural and Biological Sciences/10.54112_bbasr.v2024i1.66/crops/10.54112_bbasr.v2024i1.66__cbe6800e__p007__b01.png,yes,rainbow_gradient,n/a,model,,,,
Spatial_Variability_of_Soil_Properties_and_Its_Eff__p003__b00,Spatial_Variability_of_Soil_Properties_and_Its_Eff__p003__b00,Spatial_Variability_of_Soil_Properties_and_Its_Eff,Spatial_Variability_of_Soil_Properties_and_Its_Eff.pdf,3,0,Agricultural and Biological Sciences/Spatial_Variability_of_Soil_Properties_and_Its_Eff/crops/Spatial_Variability_of_Soil_Properties_and_Its_Eff__p003__b00.png,yes,discrete,accessible,model,ACCESSIBLE,0.0,3,"V4 score=0.000 (thr=0.16); kein Pair kollabiert; globaler cluster_loss=0, n_color=3, komponenten: pair=0.00 + cluster_loss=0.00 + complexity=0.00 + cvd=0.00 + legend=0.00"
Spatial_Variability_of_Soil_Properties_and_Its_Eff__p003__b01,Spatial_Variability_of_Soil_Properties_and_Its_Eff__p003__b01,Spatial_Variability_of_Soil_Properties_and_Its_Eff,Spatial_Variability_of_Soil_Properties_and_Its_Eff.pdf,3,1,Agricultural and Biological Sciences/Spatial_Variability_of_Soil_Properties_and_Its_Eff/crops/Spatial_Variability_of_Soil_Properties_and_Its_Eff__p003__b01.png,yes,discrete,problematic,model,PROBLEMATIC,0.22,4,"V4 score=0.220 (thr=0.06, cluster_loss=2); komponenten: pair=0.02 + cluster_loss=0.08 + complexity=0.12 + cvd=0.00 + legend=0.00; 1 kollabierte Paare; RGB(243, 6, 7) vs RGB(210, 87, 91) (ΔE00=13.97, ΔL*=2.39, adj=1.00, leg=True)"
Spatial_Variability_of_Soil_Properties_and_Its_Eff__p005__b00,Spatial_Variability_of_Soil_Properties_and_Its_Eff__p005__b00,Spatial_Variability_of_Soil_Properties_and_Its_Eff,Spatial_Variability_of_Soil_Properties_and_Its_Eff.pdf,5,0,Agricultural and Biological Sciences/Spatial_Variability_of_Soil_Properties_and_Its_Eff/crops/Spatial_Variability_of_Soil_Properties_and_Its_Eff__p005__b00.png,yes,discrete,accessible,model,ACCESSIBLE,0.0,0,Zu wenige chromatische Pixel (0) — keine Farbcodierung.
Spatial_Variability_of_Soil_Properties_and_Its_Eff__p006__b00,Spatial_Variability_of_Soil_Properties_and_Its_Eff__p006__b00,Spatial_Variability_of_Soil_Properties_and_Its_Eff,Spatial_Variability_of_Soil_Properties_and_Its_Eff.pdf,6,0,Agricultural and Biological Sciences/Spatial_Variability_of_Soil_Properties_and_Its_Eff/crops/Spatial_Variability_of_Soil_Properties_and_Its_Eff__p006__b00.png,yes,safe_gradient,n/a,model,,,,
Spatial_Variability_of_Soil_Properties_and_Its_Eff__p006__b01,Spatial_Variability_of_Soil_Properties_and_Its_Eff__p006__b01,Spatial_Variability_of_Soil_Properties_and_Its_Eff,Spatial_Variability_of_Soil_Properties_and_Its_Eff.pdf,6,1,Agricultural and Biological Sciences/Spatial_Variability_of_Soil_Properties_and_Its_Eff/crops/Spatial_Variability_of_Soil_Properties_and_Its_Eff__p006__b01.png,yes,safe_gradient,n/a,model,,,,
Spatial_Variability_of_Soil_Properties_and_Its_Eff__p006__b02,Spatial_Variability_of_Soil_Properties_and_Its_Eff__p006__b02,Spatial_Variability_of_Soil_Properties_and_Its_Eff,Spatial_Variability_of_Soil_Properties_and_Its_Eff.pdf,6,2,Agricultural and Biological Sciences/Spatial_Variability_of_Soil_Properties_and_Its_Eff/crops/Spatial_Variability_of_Soil_Properties_and_Its_Eff__p006__b02.png,yes,safe_gradient,n/a,model,,,,
Spatial_Variability_of_Soil_Properties_and_Its_Eff__p006__b03,Spatial_Variability_of_Soil_Properties_and_Its_Eff__p006__b03,Spatial_Variability_of_Soil_Properties_and_Its_Eff,Spatial_Variability_of_Soil_Properties_and_Its_Eff.pdf,6,3,Agricultural and Biological Sciences/Spatial_Variability_of_Soil_Properties_and_Its_Eff/crops/Spatial_Variability_of_Soil_Properties_and_Its_Eff__p006__b03.png,yes,safe_gradient,n/a,model,,,,
Spatial_Variability_of_Soil_Properties_and_Its_Eff__p006__b04,Spatial_Variability_of_Soil_Properties_and_Its_Eff__p006__b04,Spatial_Variability_of_Soil_Properties_and_Its_Eff,Spatial_Variability_of_Soil_Properties_and_Its_Eff.pdf,6,4,Agricultural and Biological Sciences/Spatial_Variability_of_Soil_Properties_and_Its_Eff/crops/Spatial_Variability_of_Soil_Properties_and_Its_Eff__p006__b04.png,yes,safe_gradient,n/a,model,,,,
Spatial_Variability_of_Soil_Properties_and_Its_Eff__p006__b05,Spatial_Variability_of_Soil_Properties_and_Its_Eff__p006__b05,Spatial_Variability_of_Soil_Properties_and_Its_Eff,Spatial_Variability_of_Soil_Properties_and_Its_Eff.pdf,6,5,Agricultural and Biological Sciences/Spatial_Variability_of_Soil_Properties_and_Its_Eff/crops/Spatial_Variability_of_Soil_Properties_and_Its_Eff__p006__b05.png,yes,safe_gradient,n/a,model,,,,
Spatial_Variability_of_Soil_Properties_and_Its_Eff__p006__b06,Spatial_Variability_of_Soil_Properties_and_Its_Eff__p006__b06,Spatial_Variability_of_Soil_Properties_and_Its_Eff,Spatial_Variability_of_Soil_Properties_and_Its_Eff.pdf,6,6,Agricultural and Biological Sciences/Spatial_Variability_of_Soil_Properties_and_Its_Eff/crops/Spatial_Variability_of_Soil_Properties_and_Its_Eff__p006__b06.png,yes,safe_gradient,n/a,model,,,,
Spatial_Variability_of_Soil_Properties_and_Its_Eff__p006__b07,Spatial_Variability_of_Soil_Properties_and_Its_Eff__p006__b07,Spatial_Variability_of_Soil_Properties_and_Its_Eff,Spatial_Variability_of_Soil_Properties_and_Its_Eff.pdf,6,7,Agricultural and Biological Sciences/Spatial_Variability_of_Soil_Properties_and_Its_Eff/crops/Spatial_Variability_of_Soil_Properties_and_Its_Eff__p006__b07.png,yes,safe_gradient,n/a,model,,,,
Spatial_Variability_of_Soil_Properties_and_Its_Eff__p006__b08,Spatial_Variability_of_Soil_Properties_and_Its_Eff__p006__b08,Spatial_Variability_of_Soil_Properties_and_Its_Eff,Spatial_Variability_of_Soil_Properties_and_Its_Eff.pdf,6,8,Agricultural and Biological Sciences/Spatial_Variability_of_Soil_Properties_and_Its_Eff/crops/Spatial_Variability_of_Soil_Properties_and_Its_Eff__p006__b08.png,yes,safe_gradient,n/a,model,,,,
Spatial_Variability_of_Soil_Properties_and_Its_Eff__p006__b09,Spatial_Variability_of_Soil_Properties_and_Its_Eff__p006__b09,Spatial_Variability_of_Soil_Properties_and_Its_Eff,Spatial_Variability_of_Soil_Properties_and_Its_Eff.pdf,6,9,Agricultural and Biological Sciences/Spatial_Variability_of_Soil_Properties_and_Its_Eff/crops/Spatial_Variability_of_Soil_Properties_and_Its_Eff__p006__b09.png,yes,safe_gradient,n/a,model,,,,
Spatial_Variability_of_Soil_Properties_and_Its_Eff__p006__b10,Spatial_Variability_of_Soil_Properties_and_Its_Eff__p006__b10,Spatial_Variability_of_Soil_Properties_and_Its_Eff,Spatial_Variability_of_Soil_Properties_and_Its_Eff.pdf,6,10,Agricultural and Biological Sciences/Spatial_Variability_of_Soil_Properties_and_Its_Eff/crops/Spatial_Variability_of_Soil_Properties_and_Its_Eff__p006__b10.png,yes,safe_gradient,n/a,model,,,,
Spatial_Variability_of_Soil_Properties_and_Its_Eff__p006__b11,Spatial_Variability_of_Soil_Properties_and_Its_Eff__p006__b11,Spatial_Variability_of_Soil_Properties_and_Its_Eff,Spatial_Variability_of_Soil_Properties_and_Its_Eff.pdf,6,11,Agricultural and Biological Sciences/Spatial_Variability_of_Soil_Properties_and_Its_Eff/crops/Spatial_Variability_of_Soil_Properties_and_Its_Eff__p006__b11.png,yes,safe_gradient,n/a,model,,,,
Spatial_Variability_of_Soil_Properties_and_Its_Eff__p006__b12,Spatial_Variability_of_Soil_Properties_and_Its_Eff__p006__b12,Spatial_Variability_of_Soil_Properties_and_Its_Eff,Spatial_Variability_of_Soil_Properties_and_Its_Eff.pdf,6,12,Agricultural and Biological Sciences/Spatial_Variability_of_Soil_Properties_and_Its_Eff/crops/Spatial_Variability_of_Soil_Properties_and_Its_Eff__p006__b12.png,yes,safe_gradient,n/a,model,,,,
Spatial_Variability_of_Soil_Properties_and_Its_Eff__p006__b13,Spatial_Variability_of_Soil_Properties_and_Its_Eff__p006__b13,Spatial_Variability_of_Soil_Properties_and_Its_Eff,Spatial_Variability_of_Soil_Properties_and_Its_Eff.pdf,6,13,Agricultural and Biological Sciences/Spatial_Variability_of_Soil_Properties_and_Its_Eff/crops/Spatial_Variability_of_Soil_Properties_and_Its_Eff__p006__b13.png,yes,safe_gradient,n/a,model,,,,
Spatial_Variability_of_Soil_Properties_and_Its_Eff__p006__b14,Spatial_Variability_of_Soil_Properties_and_Its_Eff__p006__b14,Spatial_Variability_of_Soil_Properties_and_Its_Eff,Spatial_Variability_of_Soil_Properties_and_Its_Eff.pdf,6,14,Agricultural and Biological Sciences/Spatial_Variability_of_Soil_Properties_and_Its_Eff/crops/Spatial_Variability_of_Soil_Properties_and_Its_Eff__p006__b14.png,yes,safe_gradient,n/a,model,,,,
Spatial_Variability_of_Soil_Properties_and_Its_Eff__p006__b15,Spatial_Variability_of_Soil_Properties_and_Its_Eff__p006__b15,Spatial_Variability_of_Soil_Properties_and_Its_Eff,Spatial_Variability_of_Soil_Properties_and_Its_Eff.pdf,6,15,Agricultural and Biological Sciences/Spatial_Variability_of_Soil_Properties_and_Its_Eff/crops/Spatial_Variability_of_Soil_Properties_and_Its_Eff__p006__b15.png,yes,safe_gradient,n/a,model,,,,
Spatial_Variability_of_Soil_Properties_and_Its_Eff__p006__b16,Spatial_Variability_of_Soil_Properties_and_Its_Eff__p006__b16,Spatial_Variability_of_Soil_Properties_and_Its_Eff,Spatial_Variability_of_Soil_Properties_and_Its_Eff.pdf,6,16,Agricultural and Biological Sciences/Spatial_Variability_of_Soil_Properties_and_Its_Eff/crops/Spatial_Variability_of_Soil_Properties_and_Its_Eff__p006__b16.png,yes,safe_gradient,n/a,model,,,,
Spatial_Variability_of_Soil_Properties_and_Its_Eff__p006__b17,Spatial_Variability_of_Soil_Properties_and_Its_Eff__p006__b17,Spatial_Variability_of_Soil_Properties_and_Its_Eff,Spatial_Variability_of_Soil_Properties_and_Its_Eff.pdf,6,17,Agricultural and Biological Sciences/Spatial_Variability_of_Soil_Properties_and_Its_Eff/crops/Spatial_Variability_of_Soil_Properties_and_Its_Eff__p006__b17.png,yes,safe_gradient,n/a,model,,,,
Spatial_Variability_of_Soil_Properties_and_Its_Eff__p006__b18,Spatial_Variability_of_Soil_Properties_and_Its_Eff__p006__b18,Spatial_Variability_of_Soil_Properties_and_Its_Eff,Spatial_Variability_of_Soil_Properties_and_Its_Eff.pdf,6,18,Agricultural and Biological Sciences/Spatial_Variability_of_Soil_Properties_and_Its_Eff/crops/Spatial_Variability_of_Soil_Properties_and_Its_Eff__p006__b18.png,yes,safe_gradient,n/a,model,,,,
Spatial_Variability_of_Soil_Properties_and_Its_Eff__p006__b19,Spatial_Variability_of_Soil_Properties_and_Its_Eff__p006__b19,Spatial_Variability_of_Soil_Properties_and_Its_Eff,Spatial_Variability_of_Soil_Properties_and_Its_Eff.pdf,6,19,Agricultural and Biological Sciences/Spatial_Variability_of_Soil_Properties_and_Its_Eff/crops/Spatial_Variability_of_Soil_Properties_and_Its_Eff__p006__b19.png,yes,safe_gradient,n/a,model,,,,
Spatial_Variability_of_Soil_Properties_and_Its_Eff__p006__b20,Spatial_Variability_of_Soil_Properties_and_Its_Eff__p006__b20,Spatial_Variability_of_Soil_Properties_and_Its_Eff,Spatial_Variability_of_Soil_Properties_and_Its_Eff.pdf,6,20,Agricultural and Biological Sciences/Spatial_Variability_of_Soil_Properties_and_Its_Eff/crops/Spatial_Variability_of_Soil_Properties_and_Its_Eff__p006__b20.png,yes,safe_gradient,n/a,model,,,,
Spatial_Variability_of_Soil_Properties_and_Its_Eff__p006__b21,Spatial_Variability_of_Soil_Properties_and_Its_Eff__p006__b21,Spatial_Variability_of_Soil_Properties_and_Its_Eff,Spatial_Variability_of_Soil_Properties_and_Its_Eff.pdf,6,21,Agricultural and Biological Sciences/Spatial_Variability_of_Soil_Properties_and_Its_Eff/crops/Spatial_Variability_of_Soil_Properties_and_Its_Eff__p006__b21.png,yes,safe_gradient,n/a,model,,,,
Spatial_Variability_of_Soil_Properties_and_Its_Eff__p006__b22,Spatial_Variability_of_Soil_Properties_and_Its_Eff__p006__b22,Spatial_Variability_of_Soil_Properties_and_Its_Eff,Spatial_Variability_of_Soil_Properties_and_Its_Eff.pdf,6,22,Agricultural and Biological Sciences/Spatial_Variability_of_Soil_Properties_and_Its_Eff/crops/Spatial_Variability_of_Soil_Properties_and_Its_Eff__p006__b22.png,yes,safe_gradient,n/a,model,,,,
Spatial_Variability_of_Soil_Properties_and_Its_Eff__p006__b23,Spatial_Variability_of_Soil_Properties_and_Its_Eff__p006__b23,Spatial_Variability_of_Soil_Properties_and_Its_Eff,Spatial_Variability_of_Soil_Properties_and_Its_Eff.pdf,6,23,Agricultural and Biological Sciences/Spatial_Variability_of_Soil_Properties_and_Its_Eff/crops/Spatial_Variability_of_Soil_Properties_and_Its_Eff__p006__b23.png,yes,safe_gradient,n/a,model,,,,
Spatial_Variability_of_Soil_Properties_and_Its_Eff__p006__b24,Spatial_Variability_of_Soil_Properties_and_Its_Eff__p006__b24,Spatial_Variability_of_Soil_Properties_and_Its_Eff,Spatial_Variability_of_Soil_Properties_and_Its_Eff.pdf,6,24,Agricultural and Biological Sciences/Spatial_Variability_of_Soil_Properties_and_Its_Eff/crops/Spatial_Variability_of_Soil_Properties_and_Its_Eff__p006__b24.png,yes,safe_gradient,n/a,model,,,,
Spatial_Variability_of_Soil_Properties_and_Its_Eff__p006__b25,Spatial_Variability_of_Soil_Properties_and_Its_Eff__p006__b25,Spatial_Variability_of_Soil_Properties_and_Its_Eff,Spatial_Variability_of_Soil_Properties_and_Its_Eff.pdf,6,25,Agricultural and Biological Sciences/Spatial_Variability_of_Soil_Properties_and_Its_Eff/crops/Spatial_Variability_of_Soil_Properties_and_Its_Eff__p006__b25.png,yes,safe_gradient,n/a,model,,,,
Spatial_Variability_of_Soil_Properties_and_Its_Eff__p006__b26,Spatial_Variability_of_Soil_Properties_and_Its_Eff__p006__b26,Spatial_Variability_of_Soil_Properties_and_Its_Eff,Spatial_Variability_of_Soil_Properties_and_Its_Eff.pdf,6,26,Agricultural and Biological Sciences/Spatial_Variability_of_Soil_Properties_and_Its_Eff/crops/Spatial_Variability_of_Soil_Properties_and_Its_Eff__p006__b26.png,yes,safe_gradient,n/a,model,,,,
Spatial_Variability_of_Soil_Properties_and_Its_Eff__p006__b27,Spatial_Variability_of_Soil_Properties_and_Its_Eff__p006__b27,Spatial_Variability_of_Soil_Properties_and_Its_Eff,Spatial_Variability_of_Soil_Properties_and_Its_Eff.pdf,6,27,Agricultural and Biological Sciences/Spatial_Variability_of_Soil_Properties_and_Its_Eff/crops/Spatial_Variability_of_Soil_Properties_and_Its_Eff__p006__b27.png,yes,safe_gradient,n/a,model,,,,
Spatial_Variability_of_Soil_Properties_and_Its_Eff__p006__b28,Spatial_Variability_of_Soil_Properties_and_Its_Eff__p006__b28,Spatial_Variability_of_Soil_Properties_and_Its_Eff,Spatial_Variability_of_Soil_Properties_and_Its_Eff.pdf,6,28,Agricultural and Biological Sciences/Spatial_Variability_of_Soil_Properties_and_Its_Eff/crops/Spatial_Variability_of_Soil_Properties_and_Its_Eff__p006__b28.png,yes,safe_gradient,n/a,model,,,,
Spatial_Variability_of_Soil_Properties_and_Its_Eff__p006__b29,Spatial_Variability_of_Soil_Properties_and_Its_Eff__p006__b29,Spatial_Variability_of_Soil_Properties_and_Its_Eff,Spatial_Variability_of_Soil_Properties_and_Its_Eff.pdf,6,29,Agricultural and Biological Sciences/Spatial_Variability_of_Soil_Properties_and_Its_Eff/crops/Spatial_Variability_of_Soil_Properties_and_Its_Eff__p006__b29.png,yes,safe_gradient,n/a,model,,,,
Spatial_Variability_of_Soil_Properties_and_Its_Eff__p006__b30,Spatial_Variability_of_Soil_Properties_and_Its_Eff__p006__b30,Spatial_Variability_of_Soil_Properties_and_Its_Eff,Spatial_Variability_of_Soil_Properties_and_Its_Eff.pdf,6,30,Agricultural and Biological Sciences/Spatial_Variability_of_Soil_Properties_and_Its_Eff/crops/Spatial_Variability_of_Soil_Properties_and_Its_Eff__p006__b30.png,yes,safe_gradient,n/a,model,,,,
Spatial_Variability_of_Soil_Properties_and_Its_Eff__p006__b31,Spatial_Variability_of_Soil_Properties_and_Its_Eff__p006__b31,Spatial_Variability_of_Soil_Properties_and_Its_Eff,Spatial_Variability_of_Soil_Properties_and_Its_Eff.pdf,6,31,Agricultural and Biological Sciences/Spatial_Variability_of_Soil_Properties_and_Its_Eff/crops/Spatial_Variability_of_Soil_Properties_and_Its_Eff__p006__b31.png,yes,safe_gradient,n/a,model,,,,
Spatial_Variability_of_Soil_Properties_and_Its_Eff__p006__b32,Spatial_Variability_of_Soil_Properties_and_Its_Eff__p006__b32,Spatial_Variability_of_Soil_Properties_and_Its_Eff,Spatial_Variability_of_Soil_Properties_and_Its_Eff.pdf,6,32,Agricultural and Biological Sciences/Spatial_Variability_of_Soil_Properties_and_Its_Eff/crops/Spatial_Variability_of_Soil_Properties_and_Its_Eff__p006__b32.png,yes,safe_gradient,n/a,model,,,,
Spatial_Variability_of_Soil_Properties_and_Its_Eff__p006__b33,Spatial_Variability_of_Soil_Properties_and_Its_Eff__p006__b33,Spatial_Variability_of_Soil_Properties_and_Its_Eff,Spatial_Variability_of_Soil_Properties_and_Its_Eff.pdf,6,33,Agricultural and Biological Sciences/Spatial_Variability_of_Soil_Properties_and_Its_Eff/crops/Spatial_Variability_of_Soil_Properties_and_Its_Eff__p006__b33.png,yes,safe_gradient,n/a,model,,,,
Spatial_Variability_of_Soil_Properties_and_Its_Eff__p006__b34,Spatial_Variability_of_Soil_Properties_and_Its_Eff__p006__b34,Spatial_Variability_of_Soil_Properties_and_Its_Eff,Spatial_Variability_of_Soil_Properties_and_Its_Eff.pdf,6,34,Agricultural and Biological Sciences/Spatial_Variability_of_Soil_Properties_and_Its_Eff/crops/Spatial_Variability_of_Soil_Properties_and_Its_Eff__p006__b34.png,yes,safe_gradient,n/a,model,,,,
Spatial_Variability_of_Soil_Properties_and_Its_Eff__p006__b35,Spatial_Variability_of_Soil_Properties_and_Its_Eff__p006__b35,Spatial_Variability_of_Soil_Properties_and_Its_Eff,Spatial_Variability_of_Soil_Properties_and_Its_Eff.pdf,6,35,Agricultural and Biological Sciences/Spatial_Variability_of_Soil_Properties_and_Its_Eff/crops/Spatial_Variability_of_Soil_Properties_and_Its_Eff__p006__b35.png,yes,safe_gradient,n/a,model,,,,
Spatial_Variability_of_Soil_Properties_and_Its_Eff__p006__b36,Spatial_Variability_of_Soil_Properties_and_Its_Eff__p006__b36,Spatial_Variability_of_Soil_Properties_and_Its_Eff,Spatial_Variability_of_Soil_Properties_and_Its_Eff.pdf,6,36,Agricultural and Biological Sciences/Spatial_Variability_of_Soil_Properties_and_Its_Eff/crops/Spatial_Variability_of_Soil_Properties_and_Its_Eff__p006__b36.png,yes,safe_gradient,n/a,model,,,,
Spatial_Variability_of_Soil_Properties_and_Its_Eff__p007__b00,Spatial_Variability_of_Soil_Properties_and_Its_Eff__p007__b00,Spatial_Variability_of_Soil_Properties_and_Its_Eff,Spatial_Variability_of_Soil_Properties_and_Its_Eff.pdf,7,0,Agricultural and Biological Sciences/Spatial_Variability_of_Soil_Properties_and_Its_Eff/crops/Spatial_Variability_of_Soil_Properties_and_Its_Eff__p007__b00.png,yes,safe_gradient,n/a,model,,,,
Spatial_Variability_of_Soil_Properties_and_Its_Eff__p007__b01,Spatial_Variability_of_Soil_Properties_and_Its_Eff__p007__b01,Spatial_Variability_of_Soil_Properties_and_Its_Eff,Spatial_Variability_of_Soil_Properties_and_Its_Eff.pdf,7,1,Agricultural and Biological Sciences/Spatial_Variability_of_Soil_Properties_and_Its_Eff/crops/Spatial_Variability_of_Soil_Properties_and_Its_Eff__p007__b01.png,yes,safe_gradient,n/a,model,,,,
Spatial_Variability_of_Soil_Properties_and_Its_Eff__p007__b02,Spatial_Variability_of_Soil_Properties_and_Its_Eff__p007__b02,Spatial_Variability_of_Soil_Properties_and_Its_Eff,Spatial_Variability_of_Soil_Properties_and_Its_Eff.pdf,7,2,Agricultural and Biological Sciences/Spatial_Variability_of_Soil_Properties_and_Its_Eff/crops/Spatial_Variability_of_Soil_Properties_and_Its_Eff__p007__b02.png,yes,safe_gradient,n/a,model,,,,
Spatial_Variability_of_Soil_Properties_and_Its_Eff__p007__b03,Spatial_Variability_of_Soil_Properties_and_Its_Eff__p007__b03,Spatial_Variability_of_Soil_Properties_and_Its_Eff,Spatial_Variability_of_Soil_Properties_and_Its_Eff.pdf,7,3,Agricultural and Biological Sciences/Spatial_Variability_of_Soil_Properties_and_Its_Eff/crops/Spatial_Variability_of_Soil_Properties_and_Its_Eff__p007__b03.png,yes,safe_gradient,n/a,model,,,,
Spatial_Variability_of_Soil_Properties_and_Its_Eff__p007__b04,Spatial_Variability_of_Soil_Properties_and_Its_Eff__p007__b04,Spatial_Variability_of_Soil_Properties_and_Its_Eff,Spatial_Variability_of_Soil_Properties_and_Its_Eff.pdf,7,4,Agricultural and Biological Sciences/Spatial_Variability_of_Soil_Properties_and_Its_Eff/crops/Spatial_Variability_of_Soil_Properties_and_Its_Eff__p007__b04.png,yes,safe_gradient,n/a,model,,,,
Spatial_Variability_of_Soil_Properties_and_Its_Eff__p007__b05,Spatial_Variability_of_Soil_Properties_and_Its_Eff__p007__b05,Spatial_Variability_of_Soil_Properties_and_Its_Eff,Spatial_Variability_of_Soil_Properties_and_Its_Eff.pdf,7,5,Agricultural and Biological Sciences/Spatial_Variability_of_Soil_Properties_and_Its_Eff/crops/Spatial_Variability_of_Soil_Properties_and_Its_Eff__p007__b05.png,yes,safe_gradient,n/a,model,,,,
Spatial_Variability_of_Soil_Properties_and_Its_Eff__p007__b06,Spatial_Variability_of_Soil_Properties_and_Its_Eff__p007__b06,Spatial_Variability_of_Soil_Properties_and_Its_Eff,Spatial_Variability_of_Soil_Properties_and_Its_Eff.pdf,7,6,Agricultural and Biological Sciences/Spatial_Variability_of_Soil_Properties_and_Its_Eff/crops/Spatial_Variability_of_Soil_Properties_and_Its_Eff__p007__b06.png,yes,safe_gradient,n/a,model,,,,
Spatial_Variability_of_Soil_Properties_and_Its_Eff__p007__b07,Spatial_Variability_of_Soil_Properties_and_Its_Eff__p007__b07,Spatial_Variability_of_Soil_Properties_and_Its_Eff,Spatial_Variability_of_Soil_Properties_and_Its_Eff.pdf,7,7,Agricultural and Biological Sciences/Spatial_Variability_of_Soil_Properties_and_Its_Eff/crops/Spatial_Variability_of_Soil_Properties_and_Its_Eff__p007__b07.png,yes,safe_gradient,n/a,model,,,,
Spatial_Variability_of_Soil_Properties_and_Its_Eff__p007__b08,Spatial_Variability_of_Soil_Properties_and_Its_Eff__p007__b08,Spatial_Variability_of_Soil_Properties_and_Its_Eff,Spatial_Variability_of_Soil_Properties_and_Its_Eff.pdf,7,8,Agricultural and Biological Sciences/Spatial_Variability_of_Soil_Properties_and_Its_Eff/crops/Spatial_Variability_of_Soil_Properties_and_Its_Eff__p007__b08.png,yes,rainbow_gradient,n/a,model,,,,
Spatial_Variability_of_Soil_Properties_and_Its_Eff__p007__b09,Spatial_Variability_of_Soil_Properties_and_Its_Eff__p007__b09,Spatial_Variability_of_Soil_Properties_and_Its_Eff,Spatial_Variability_of_Soil_Properties_and_Its_Eff.pdf,7,9,Agricultural and Biological Sciences/Spatial_Variability_of_Soil_Properties_and_Its_Eff/crops/Spatial_Variability_of_Soil_Properties_and_Its_Eff__p007__b09.png,yes,safe_gradient,n/a,model,,,,
Spatial_Variability_of_Soil_Properties_and_Its_Eff__p007__b10,Spatial_Variability_of_Soil_Properties_and_Its_Eff__p007__b10,Spatial_Variability_of_Soil_Properties_and_Its_Eff,Spatial_Variability_of_Soil_Properties_and_Its_Eff.pdf,7,10,Agricultural and Biological Sciences/Spatial_Variability_of_Soil_Properties_and_Its_Eff/crops/Spatial_Variability_of_Soil_Properties_and_Its_Eff__p007__b10.png,yes,safe_gradient,n/a,model,,,,
Spatial_Variability_of_Soil_Properties_and_Its_Eff__p007__b11,Spatial_Variability_of_Soil_Properties_and_Its_Eff__p007__b11,Spatial_Variability_of_Soil_Properties_and_Its_Eff,Spatial_Variability_of_Soil_Properties_and_Its_Eff.pdf,7,11,Agricultural and Biological Sciences/Spatial_Variability_of_Soil_Properties_and_Its_Eff/crops/Spatial_Variability_of_Soil_Properties_and_Its_Eff__p007__b11.png,yes,safe_gradient,n/a,model,,,,
Spatial_Variability_of_Soil_Properties_and_Its_Eff__p007__b12,Spatial_Variability_of_Soil_Properties_and_Its_Eff__p007__b12,Spatial_Variability_of_Soil_Properties_and_Its_Eff,Spatial_Variability_of_Soil_Properties_and_Its_Eff.pdf,7,12,Agricultural and Biological Sciences/Spatial_Variability_of_Soil_Properties_and_Its_Eff/crops/Spatial_Variability_of_Soil_Properties_and_Its_Eff__p007__b12.png,yes,safe_gradient,n/a,model,,,,
Spatial_Variability_of_Soil_Properties_and_Its_Eff__p007__b13,Spatial_Variability_of_Soil_Properties_and_Its_Eff__p007__b13,Spatial_Variability_of_Soil_Properties_and_Its_Eff,Spatial_Variability_of_Soil_Properties_and_Its_Eff.pdf,7,13,Agricultural and Biological Sciences/Spatial_Variability_of_Soil_Properties_and_Its_Eff/crops/Spatial_Variability_of_Soil_Properties_and_Its_Eff__p007__b13.png,yes,safe_gradient,n/a,model,,,,
Spatial_Variability_of_Soil_Properties_and_Its_Eff__p007__b14,Spatial_Variability_of_Soil_Properties_and_Its_Eff__p007__b14,Spatial_Variability_of_Soil_Properties_and_Its_Eff,Spatial_Variability_of_Soil_Properties_and_Its_Eff.pdf,7,14,Agricultural and Biological Sciences/Spatial_Variability_of_Soil_Properties_and_Its_Eff/crops/Spatial_Variability_of_Soil_Properties_and_Its_Eff__p007__b14.png,yes,safe_gradient,n/a,model,,,,
Spatial_Variability_of_Soil_Properties_and_Its_Eff__p007__b15,Spatial_Variability_of_Soil_Properties_and_Its_Eff__p007__b15,Spatial_Variability_of_Soil_Properties_and_Its_Eff,Spatial_Variability_of_Soil_Properties_and_Its_Eff.pdf,7,15,Agricultural and Biological Sciences/Spatial_Variability_of_Soil_Properties_and_Its_Eff/crops/Spatial_Variability_of_Soil_Properties_and_Its_Eff__p007__b15.png,yes,safe_gradient,n/a,model,,,,
Spatial_Variability_of_Soil_Properties_and_Its_Eff__p007__b16,Spatial_Variability_of_Soil_Properties_and_Its_Eff__p007__b16,Spatial_Variability_of_Soil_Properties_and_Its_Eff,Spatial_Variability_of_Soil_Properties_and_Its_Eff.pdf,7,16,Agricultural and Biological Sciences/Spatial_Variability_of_Soil_Properties_and_Its_Eff/crops/Spatial_Variability_of_Soil_Properties_and_Its_Eff__p007__b16.png,yes,safe_gradient,n/a,model,,,,
Spatial_Variability_of_Soil_Properties_and_Its_Eff__p007__b17,Spatial_Variability_of_Soil_Properties_and_Its_Eff__p007__b17,Spatial_Variability_of_Soil_Properties_and_Its_Eff,Spatial_Variability_of_Soil_Properties_and_Its_Eff.pdf,7,17,Agricultural and Biological Sciences/Spatial_Variability_of_Soil_Properties_and_Its_Eff/crops/Spatial_Variability_of_Soil_Properties_and_Its_Eff__p007__b17.png,yes,safe_gradient,n/a,model,,,,
Spatial_Variability_of_Soil_Properties_and_Its_Eff__p008__b00,Spatial_Variability_of_Soil_Properties_and_Its_Eff__p008__b00,Spatial_Variability_of_Soil_Properties_and_Its_Eff,Spatial_Variability_of_Soil_Properties_and_Its_Eff.pdf,8,0,Agricultural and Biological Sciences/Spatial_Variability_of_Soil_Properties_and_Its_Eff/crops/Spatial_Variability_of_Soil_Properties_and_Its_Eff__p008__b00.png,yes,safe_gradient,n/a,model,,,,
Spatial_Variability_of_Soil_Properties_and_Its_Eff__p008__b01,Spatial_Variability_of_Soil_Properties_and_Its_Eff__p008__b01,Spatial_Variability_of_Soil_Properties_and_Its_Eff,Spatial_Variability_of_Soil_Properties_and_Its_Eff.pdf,8,1,Agricultural and Biological Sciences/Spatial_Variability_of_Soil_Properties_and_Its_Eff/crops/Spatial_Variability_of_Soil_Properties_and_Its_Eff__p008__b01.png,yes,safe_gradient,n/a,model,,,,
Spatial_Variability_of_Soil_Properties_and_Its_Eff__p009__b00,Spatial_Variability_of_Soil_Properties_and_Its_Eff__p009__b00,Spatial_Variability_of_Soil_Properties_and_Its_Eff,Spatial_Variability_of_Soil_Properties_and_Its_Eff.pdf,9,0,Agricultural and Biological Sciences/Spatial_Variability_of_Soil_Properties_and_Its_Eff/crops/Spatial_Variability_of_Soil_Properties_and_Its_Eff__p009__b00.png,yes,safe_gradient,n/a,model,,,,
Spatial_Variability_of_Soil_Properties_and_Its_Eff__p009__b01,Spatial_Variability_of_Soil_Properties_and_Its_Eff__p009__b01,Spatial_Variability_of_Soil_Properties_and_Its_Eff,Spatial_Variability_of_Soil_Properties_and_Its_Eff.pdf,9,1,Agricultural and Biological Sciences/Spatial_Variability_of_Soil_Properties_and_Its_Eff/crops/Spatial_Variability_of_Soil_Properties_and_Its_Eff__p009__b01.png,yes,safe_gradient,n/a,model,,,,
Spatial_Variability_of_Soil_Properties_and_Its_Eff__p009__b02,Spatial_Variability_of_Soil_Properties_and_Its_Eff__p009__b02,Spatial_Variability_of_Soil_Properties_and_Its_Eff,Spatial_Variability_of_Soil_Properties_and_Its_Eff.pdf,9,2,Agricultural and Biological Sciences/Spatial_Variability_of_Soil_Properties_and_Its_Eff/crops/Spatial_Variability_of_Soil_Properties_and_Its_Eff__p009__b02.png,yes,safe_gradient,n/a,model,,,,
Spatial_Variability_of_Soil_Properties_and_Its_Eff__p009__b03,Spatial_Variability_of_Soil_Properties_and_Its_Eff__p009__b03,Spatial_Variability_of_Soil_Properties_and_Its_Eff,Spatial_Variability_of_Soil_Properties_and_Its_Eff.pdf,9,3,Agricultural and Biological Sciences/Spatial_Variability_of_Soil_Properties_and_Its_Eff/crops/Spatial_Variability_of_Soil_Properties_and_Its_Eff__p009__b03.png,yes,safe_gradient,n/a,model,,,,
Spatial_Variability_of_Soil_Properties_and_Its_Eff__p009__b04,Spatial_Variability_of_Soil_Properties_and_Its_Eff__p009__b04,Spatial_Variability_of_Soil_Properties_and_Its_Eff,Spatial_Variability_of_Soil_Properties_and_Its_Eff.pdf,9,4,Agricultural and Biological Sciences/Spatial_Variability_of_Soil_Properties_and_Its_Eff/crops/Spatial_Variability_of_Soil_Properties_and_Its_Eff__p009__b04.png,yes,safe_gradient,n/a,model,,,,
Spatial_Variability_of_Soil_Properties_and_Its_Eff__p010__b00,Spatial_Variability_of_Soil_Properties_and_Its_Eff__p010__b00,Spatial_Variability_of_Soil_Properties_and_Its_Eff,Spatial_Variability_of_Soil_Properties_and_Its_Eff.pdf,10,0,Agricultural and Biological Sciences/Spatial_Variability_of_Soil_Properties_and_Its_Eff/crops/Spatial_Variability_of_Soil_Properties_and_Its_Eff__p010__b00.png,yes,discrete,accessible,model,ACCESSIBLE,0.0,2,Fast-Path: nur 2 Farb- / 1 Grayscale-Cluster.
Spatial_Variability_of_Soil_Properties_and_Its_Eff__p010__b01,Spatial_Variability_of_Soil_Properties_and_Its_Eff__p010__b01,Spatial_Variability_of_Soil_Properties_and_Its_Eff,Spatial_Variability_of_Soil_Properties_and_Its_Eff.pdf,10,1,Agricultural and Biological Sciences/Spatial_Variability_of_Soil_Properties_and_Its_Eff/crops/Spatial_Variability_of_Soil_Properties_and_Its_Eff__p010__b01.png,yes,discrete,accessible,model,ACCESSIBLE,0.0,2,Fast-Path: nur 2 Farb- / 2 Grayscale-Cluster.
Spatial_Variability_of_Soil_Properties_and_Its_Eff__p010__b02,Spatial_Variability_of_Soil_Properties_and_Its_Eff__p010__b02,Spatial_Variability_of_Soil_Properties_and_Its_Eff,Spatial_Variability_of_Soil_Properties_and_Its_Eff.pdf,10,2,Agricultural and Biological Sciences/Spatial_Variability_of_Soil_Properties_and_Its_Eff/crops/Spatial_Variability_of_Soil_Properties_and_Its_Eff__p010__b02.png,yes,discrete,accessible,model,ACCESSIBLE,0.0,2,"V4 score=0.000 (thr=0.16); kein Pair kollabiert; globaler cluster_loss=0, n_color=2, komponenten: pair=0.00 + cluster_loss=0.00 + complexity=0.00 + cvd=0.00 + legend=0.00"
Spatial_Variability_of_Soil_Properties_and_Its_Eff__p010__b03,Spatial_Variability_of_Soil_Properties_and_Its_Eff__p010__b03,Spatial_Variability_of_Soil_Properties_and_Its_Eff,Spatial_Variability_of_Soil_Properties_and_Its_Eff.pdf,10,3,Agricultural and Biological Sciences/Spatial_Variability_of_Soil_Properties_and_Its_Eff/crops/Spatial_Variability_of_Soil_Properties_and_Its_Eff__p010__b03.png,yes,discrete,accessible,model,ACCESSIBLE,0.04,3,"V4 score=0.040 (thr=0.06); kein Pair kollabiert; globaler cluster_loss=1, n_color=3, komponenten: pair=0.00 + cluster_loss=0.04 + complexity=0.00 + cvd=0.00 + legend=0.00"
Spatial_Variability_of_Soil_Properties_and_Its_Eff__p010__b04,Spatial_Variability_of_Soil_Properties_and_Its_Eff__p010__b04,Spatial_Variability_of_Soil_Properties_and_Its_Eff,Spatial_Variability_of_Soil_Properties_and_Its_Eff.pdf,10,4,Agricultural and Biological Sciences/Spatial_Variability_of_Soil_Properties_and_Its_Eff/crops/Spatial_Variability_of_Soil_Properties_and_Its_Eff__p010__b04.png,yes,discrete,accessible,model,ACCESSIBLE,0.0,2,"V4 score=0.000 (thr=0.16); kein Pair kollabiert; globaler cluster_loss=0, n_color=2, komponenten: pair=0.00 + cluster_loss=0.00 + complexity=0.00 + cvd=0.00 + legend=0.00"
Spatial_Variability_of_Soil_Properties_and_Its_Eff__p010__b05,Spatial_Variability_of_Soil_Properties_and_Its_Eff__p010__b05,Spatial_Variability_of_Soil_Properties_and_Its_Eff,Spatial_Variability_of_Soil_Properties_and_Its_Eff.pdf,10,5,Agricultural and Biological Sciences/Spatial_Variability_of_Soil_Properties_and_Its_Eff/crops/Spatial_Variability_of_Soil_Properties_and_Its_Eff__p010__b05.png,yes,discrete,problematic,model,PROBLEMATIC,0.08,3,"V4 score=0.080 (thr=0.06); kein Pair kollabiert; globaler cluster_loss=2, n_color=3, komponenten: pair=0.00 + cluster_loss=0.08 + complexity=0.00 + cvd=0.00 + legend=0.00"
Spatial_Variability_of_Soil_Properties_and_Its_Eff__p011__b00,Spatial_Variability_of_Soil_Properties_and_Its_Eff__p011__b00,Spatial_Variability_of_Soil_Properties_and_Its_Eff,Spatial_Variability_of_Soil_Properties_and_Its_Eff.pdf,11,0,Agricultural and Biological Sciences/Spatial_Variability_of_Soil_Properties_and_Its_Eff/crops/Spatial_Variability_of_Soil_Properties_and_Its_Eff__p011__b00.png,yes,discrete,accessible,model,ACCESSIBLE,0.04,3,"V4 score=0.040 (thr=0.06); kein Pair kollabiert; globaler cluster_loss=1, n_color=3, komponenten: pair=0.00 + cluster_loss=0.04 + complexity=0.00 + cvd=0.00 + legend=0.00"
Spatial_Variability_of_Soil_Properties_and_Its_Eff__p011__b01,Spatial_Variability_of_Soil_Properties_and_Its_Eff__p011__b01,Spatial_Variability_of_Soil_Properties_and_Its_Eff,Spatial_Variability_of_Soil_Properties_and_Its_Eff.pdf,11,1,Agricultural and Biological Sciences/Spatial_Variability_of_Soil_Properties_and_Its_Eff/crops/Spatial_Variability_of_Soil_Properties_and_Its_Eff__p011__b01.png,yes,discrete,accessible,model,ACCESSIBLE,0.0,1,Fast-Path: nur 1 Farb- / 1 Grayscale-Cluster.
Spatial_Variability_of_Soil_Properties_and_Its_Eff__p011__b02,Spatial_Variability_of_Soil_Properties_and_Its_Eff__p011__b02,Spatial_Variability_of_Soil_Properties_and_Its_Eff,Spatial_Variability_of_Soil_Properties_and_Its_Eff.pdf,11,2,Agricultural and Biological Sciences/Spatial_Variability_of_Soil_Properties_and_Its_Eff/crops/Spatial_Variability_of_Soil_Properties_and_Its_Eff__p011__b02.png,yes,discrete,accessible,model,ACCESSIBLE,0.0,2,Fast-Path: nur 2 Farb- / 2 Grayscale-Cluster.
Spatial_Variability_of_Soil_Properties_and_Its_Eff__p011__b03,Spatial_Variability_of_Soil_Properties_and_Its_Eff__p011__b03,Spatial_Variability_of_Soil_Properties_and_Its_Eff,Spatial_Variability_of_Soil_Properties_and_Its_Eff.pdf,11,3,Agricultural and Biological Sciences/Spatial_Variability_of_Soil_Properties_and_Its_Eff/crops/Spatial_Variability_of_Soil_Properties_and_Its_Eff__p011__b03.png,yes,discrete,accessible,model,ACCESSIBLE,0.04,3,"V4 score=0.040 (thr=0.06); kein Pair kollabiert; globaler cluster_loss=1, n_color=3, komponenten: pair=0.00 + cluster_loss=0.04 + complexity=0.00 + cvd=0.00 + legend=0.00"
Spatial_Variability_of_Soil_Properties_and_Its_Eff__p011__b04,Spatial_Variability_of_Soil_Properties_and_Its_Eff__p011__b04,Spatial_Variability_of_Soil_Properties_and_Its_Eff,Spatial_Variability_of_Soil_Properties_and_Its_Eff.pdf,11,4,Agricultural and Biological Sciences/Spatial_Variability_of_Soil_Properties_and_Its_Eff/crops/Spatial_Variability_of_Soil_Properties_and_Its_Eff__p011__b04.png,yes,discrete,problematic,model,PROBLEMATIC,0.08,4,"V4 score=0.080 (thr=0.06); kein Pair kollabiert; globaler cluster_loss=2, n_color=4, komponenten: pair=0.00 + cluster_loss=0.08 + complexity=0.00 + cvd=0.00 + legend=0.00"
Spatial_Variability_of_Soil_Properties_and_Its_Eff__p011__b05,Spatial_Variability_of_Soil_Properties_and_Its_Eff__p011__b05,Spatial_Variability_of_Soil_Properties_and_Its_Eff,Spatial_Variability_of_Soil_Properties_and_Its_Eff.pdf,11,5,Agricultural and Biological Sciences/Spatial_Variability_of_Soil_Properties_and_Its_Eff/crops/Spatial_Variability_of_Soil_Properties_and_Its_Eff__p011__b05.png,yes,discrete,accessible,model,ACCESSIBLE,0.0,2,Fast-Path: nur 2 Farb- / 1 Grayscale-Cluster.
10.1007_s00018-023-05099-7__4c2c50e4__p002__b00,10.1007_s00018-023-05099-7__4c2c50e4__p002__b00,10.1007_s00018-023-05099-7,10.1007_s00018-023-05099-7.pdf,2,0,"Biochemistry, Genetics and Molecular Biology/10.1007_s00018-023-05099-7/crops/10.1007_s00018-023-05099-7__4c2c50e4__p002__b00.png",yes,discrete,problematic,model,PROBLEMATIC,0.197,5,"V4 score=0.197 (thr=0.06, cluster_loss=1); komponenten: pair=0.12 + cluster_loss=0.04 + complexity=0.04 + cvd=0.00 + legend=0.00; 2 kollabierte Paare; RGB(214, 240, 232) vs RGB(252, 241, 196) (ΔE00=16.97, ΔL*=1.83, adj=1.00, leg=True); RGB(144, 207, 184) vs RGB(231, 179, 144) (ΔE00=33.26, ΔL*=1.49, "
10.1007_s00018-023-05099-7__4c2c50e4__p003__b00,10.1007_s00018-023-05099-7__4c2c50e4__p003__b00,10.1007_s00018-023-05099-7,10.1007_s00018-023-05099-7.pdf,3,0,"Biochemistry, Genetics and Molecular Biology/10.1007_s00018-023-05099-7/crops/10.1007_s00018-023-05099-7__4c2c50e4__p003__b00.png",yes,rainbow_gradient,n/a,model,,,,
10.1007_s00018-023-05099-7__4c2c50e4__p004__b00,10.1007_s00018-023-05099-7__4c2c50e4__p004__b00,10.1007_s00018-023-05099-7,10.1007_s00018-023-05099-7.pdf,4,0,"Biochemistry, Genetics and Molecular Biology/10.1007_s00018-023-05099-7/crops/10.1007_s00018-023-05099-7__4c2c50e4__p004__b00.png",yes,discrete,accessible,model,ACCESSIBLE,0.0,0,Zu wenige chromatische Pixel (0) — keine Farbcodierung.
10.1007_s00018-023-05099-7__4c2c50e4__p008__b00,10.1007_s00018-023-05099-7__4c2c50e4__p008__b00,10.1007_s00018-023-05099-7,10.1007_s00018-023-05099-7.pdf,8,0,"Biochemistry, Genetics and Molecular Biology/10.1007_s00018-023-05099-7/crops/10.1007_s00018-023-05099-7__4c2c50e4__p008__b00.png",yes,discrete,problematic,model,PROBLEMATIC,0.471,8,"V4 score=0.471 (thr=0.06, cluster_loss=1); komponenten: pair=0.23 + cluster_loss=0.04 + complexity=0.20 + cvd=0.00 + legend=0.00; 5 kollabierte Paare; RGB(126, 107, 110) vs RGB(198, 59, 58) (ΔE00=22.27, ΔL*=1.09, adj=1.00, leg=True); RGB(126, 107, 110) vs RGB(100, 123, 129) (ΔE00=22.11, ΔL*=3.0, adj"
10.1007_s00018-023-05099-7__4c2c50e4__p009__b00,10.1007_s00018-023-05099-7__4c2c50e4__p009__b00,10.1007_s00018-023-05099-7,10.1007_s00018-023-05099-7.pdf,9,0,"Biochemistry, Genetics and Molecular Biology/10.1007_s00018-023-05099-7/crops/10.1007_s00018-023-05099-7__4c2c50e4__p009__b00.png",yes,discrete,problematic,model,PROBLEMATIC,0.36,8,"V4 score=0.360 (thr=0.16, cluster_loss=0); komponenten: pair=0.20 + cluster_loss=0.00 + complexity=0.16 + cvd=0.00 + legend=0.00; 4 kollabierte Paare; RGB(236, 244, 252) vs RGB(246, 252, 51) (ΔE00=35.29, ΔL*=0.09, adj=1.00, leg=True); RGB(236, 244, 252) vs RGB(244, 244, 163) (ΔE00=26.39, ΔL*=1.12, a"
10.1007_s00018-023-05099-7__4c2c50e4__p010__b00,10.1007_s00018-023-05099-7__4c2c50e4__p010__b00,10.1007_s00018-023-05099-7,10.1007_s00018-023-05099-7.pdf,10,0,"Biochemistry, Genetics and Molecular Biology/10.1007_s00018-023-05099-7/crops/10.1007_s00018-023-05099-7__4c2c50e4__p010__b00.png",yes,discrete,accessible,model,ACCESSIBLE,0.0,3,"V4 score=0.000 (thr=0.16); kein Pair kollabiert; globaler cluster_loss=0, n_color=3, komponenten: pair=0.00 + cluster_loss=0.00 + complexity=0.00 + cvd=0.00 + legend=0.00"
10.1007_s00018-023-05099-7__4c2c50e4__p013__b00,10.1007_s00018-023-05099-7__4c2c50e4__p013__b00,10.1007_s00018-023-05099-7,10.1007_s00018-023-05099-7.pdf,13,0,"Biochemistry, Genetics and Molecular Biology/10.1007_s00018-023-05099-7/crops/10.1007_s00018-023-05099-7__4c2c50e4__p013__b00.png",yes,discrete,problematic,model,PROBLEMATIC,0.566,8,"V4 score=0.566 (thr=0.16, cluster_loss=0); komponenten: pair=0.21 + cluster_loss=0.00 + complexity=0.36 + cvd=0.00 + legend=0.00; 2 kollabierte Paare; RGB(253, 243, 198) vs RGB(147, 253, 147) (ΔE00=21.96, ΔL*=4.65, adj=1.00, leg=True); RGB(79, 196, 241) vs RGB(155, 158, 157) (ΔE00=23.04, ΔL*=9.94, a"
10.1016_j.molcel.2023.11.040__c432e99d__p002__b00,10.1016_j.molcel.2023.11.040__c432e99d__p002__b00,10.1016_j.molcel.2023.11.040,10.1016_j.molcel.2023.11.040.pdf,2,0,"Biochemistry, Genetics and Molecular Biology/10.1016_j.molcel.2023.11.040/crops/10.1016_j.molcel.2023.11.040__c432e99d__p002__b00.png",yes,discrete,problematic,model,PROBLEMATIC,0.997,7,"V4 score=0.997 (thr=0.06, cluster_loss=1); komponenten: pair=0.84 + cluster_loss=0.04 + complexity=0.12 + cvd=0.00 + legend=0.00; 11 kollabierte Paare; RGB(175, 195, 208) vs RGB(216, 200, 190) (ΔE00=18.11, ΔL*=3.86, adj=1.00, leg=True); RGB(175, 195, 208) vs RGB(188, 159, 172) (ΔE00=23.98, ΔL*=9.56,"
10.1016_j.molcel.2023.11.040__c432e99d__p004__b00,10.1016_j.molcel.2023.11.040__c432e99d__p004__b00,10.1016_j.molcel.2023.11.040,10.1016_j.molcel.2023.11.040.pdf,4,0,"Biochemistry, Genetics and Molecular Biology/10.1016_j.molcel.2023.11.040/crops/10.1016_j.molcel.2023.11.040__c432e99d__p004__b00.png",yes,rainbow_gradient,n/a,model,,,,
10.1016_j.molcel.2023.11.040__c432e99d__p005__b00,10.1016_j.molcel.2023.11.040__c432e99d__p005__b00,10.1016_j.molcel.2023.11.040,10.1016_j.molcel.2023.11.040.pdf,5,0,"Biochemistry, Genetics and Molecular Biology/10.1016_j.molcel.2023.11.040/crops/10.1016_j.molcel.2023.11.040__c432e99d__p005__b00.png",yes,rainbow_gradient,n/a,model,,,,
10.1016_j.molcel.2023.11.040__c432e99d__p006__b00,10.1016_j.molcel.2023.11.040__c432e99d__p006__b00,10.1016_j.molcel.2023.11.040,10.1016_j.molcel.2023.11.040.pdf,6,0,"Biochemistry, Genetics and Molecular Biology/10.1016_j.molcel.2023.11.040/crops/10.1016_j.molcel.2023.11.040__c432e99d__p006__b00.png",yes,rainbow_gradient,n/a,model,,,,
10.1016_j.molcel.2023.11.040__c432e99d__p007__b00,10.1016_j.molcel.2023.11.040__c432e99d__p007__b00,10.1016_j.molcel.2023.11.040,10.1016_j.molcel.2023.11.040.pdf,7,0,"Biochemistry, Genetics and Molecular Biology/10.1016_j.molcel.2023.11.040/crops/10.1016_j.molcel.2023.11.040__c432e99d__p007__b00.png",yes,rainbow_gradient,n/a,model,,,,
10.1016_j.molcel.2023.11.040__c432e99d__p008__b00,10.1016_j.molcel.2023.11.040__c432e99d__p008__b00,10.1016_j.molcel.2023.11.040,10.1016_j.molcel.2023.11.040.pdf,8,0,"Biochemistry, Genetics and Molecular Biology/10.1016_j.molcel.2023.11.040/crops/10.1016_j.molcel.2023.11.040__c432e99d__p008__b00.png",yes,discrete,accessible,model,ACCESSIBLE,0.04,5,"V4 score=0.040 (thr=0.16); kein Pair kollabiert; globaler cluster_loss=0, n_color=5, komponenten: pair=0.00 + cluster_loss=0.00 + complexity=0.04 + cvd=0.00 + legend=0.00"
10.1016_j.molcel.2023.11.040__c432e99d__p009__b00,10.1016_j.molcel.2023.11.040__c432e99d__p009__b00,10.1016_j.molcel.2023.11.040,10.1016_j.molcel.2023.11.040.pdf,9,0,"Biochemistry, Genetics and Molecular Biology/10.1016_j.molcel.2023.11.040/crops/10.1016_j.molcel.2023.11.040__c432e99d__p009__b00.png",yes,discrete,accessible,model,ACCESSIBLE,0.04,5,"V4 score=0.040 (thr=0.16); kein Pair kollabiert; globaler cluster_loss=0, n_color=5, komponenten: pair=0.00 + cluster_loss=0.00 + complexity=0.04 + cvd=0.00 + legend=0.00"
10.1016_j.molcel.2023.11.040__c432e99d__p010__b00,10.1016_j.molcel.2023.11.040__c432e99d__p010__b00,10.1016_j.molcel.2023.11.040,10.1016_j.molcel.2023.11.040.pdf,10,0,"Biochemistry, Genetics and Molecular Biology/10.1016_j.molcel.2023.11.040/crops/10.1016_j.molcel.2023.11.040__c432e99d__p010__b00.png",yes,discrete,accessible,model,ACCESSIBLE,0.0,4,"V4 score=0.000 (thr=0.16); kein Pair kollabiert; globaler cluster_loss=0, n_color=4, komponenten: pair=0.00 + cluster_loss=0.00 + complexity=0.00 + cvd=0.00 + legend=0.00"
10.1016_s2468-1253_24_00034-7__c965f820__p004__b00,10.1016_s2468-1253_24_00034-7__c965f820__p004__b00,10.1016_s2468-1253(24)00034-7,10.1016_s2468-1253(24)00034-7.pdf,4,0,"Biochemistry, Genetics and Molecular Biology/10.1016_s2468-1253(24)00034-7/crops/10.1016_s2468-1253_24_00034-7__c965f820__p004__b00.png",yes,discrete,accessible,model,ACCESSIBLE,0.0,2,Fast-Path: nur 2 Farb- / 2 Grayscale-Cluster.
10.1016_s2468-1253_24_00034-7__c965f820__p005__b00,10.1016_s2468-1253_24_00034-7__c965f820__p005__b00,10.1016_s2468-1253(24)00034-7,10.1016_s2468-1253(24)00034-7.pdf,5,0,"Biochemistry, Genetics and Molecular Biology/10.1016_s2468-1253(24)00034-7/crops/10.1016_s2468-1253_24_00034-7__c965f820__p005__b00.png",yes,discrete,accessible,model,ACCESSIBLE,0.0,1,Fast-Path: nur 1 Farb- / 1 Grayscale-Cluster.
10.1016_s2468-1253_24_00034-7__c965f820__p005__b01,10.1016_s2468-1253_24_00034-7__c965f820__p005__b01,10.1016_s2468-1253(24)00034-7,10.1016_s2468-1253(24)00034-7.pdf,5,1,"Biochemistry, Genetics and Molecular Biology/10.1016_s2468-1253(24)00034-7/crops/10.1016_s2468-1253_24_00034-7__c965f820__p005__b01.png",yes,discrete,accessible,model,ACCESSIBLE,0.0,2,"V4 score=0.000 (thr=0.16); kein Pair kollabiert; globaler cluster_loss=0, n_color=2, komponenten: pair=0.00 + cluster_loss=0.00 + complexity=0.00 + cvd=0.00 + legend=0.00"
10.1016_s2468-1253_24_00034-7__c965f820__p006__b00,10.1016_s2468-1253_24_00034-7__c965f820__p006__b00,10.1016_s2468-1253(24)00034-7,10.1016_s2468-1253(24)00034-7.pdf,6,0,"Biochemistry, Genetics and Molecular Biology/10.1016_s2468-1253(24)00034-7/crops/10.1016_s2468-1253_24_00034-7__c965f820__p006__b00.png",yes,discrete,accessible,model,ACCESSIBLE,0.0,2,Fast-Path: nur 2 Farb- / 2 Grayscale-Cluster.
10.1016_s2468-1253_24_00034-7__c965f820__p006__b01,10.1016_s2468-1253_24_00034-7__c965f820__p006__b01,10.1016_s2468-1253(24)00034-7,10.1016_s2468-1253(24)00034-7.pdf,6,1,"Biochemistry, Genetics and Molecular Biology/10.1016_s2468-1253(24)00034-7/crops/10.1016_s2468-1253_24_00034-7__c965f820__p006__b01.png",yes,discrete,accessible,model,ACCESSIBLE,0.0,2,Fast-Path: nur 2 Farb- / 2 Grayscale-Cluster.
10.1016_s2468-1253_24_00034-7__c965f820__p006__b02,10.1016_s2468-1253_24_00034-7__c965f820__p006__b02,10.1016_s2468-1253(24)00034-7,10.1016_s2468-1253(24)00034-7.pdf,6,2,"Biochemistry, Genetics and Molecular Biology/10.1016_s2468-1253(24)00034-7/crops/10.1016_s2468-1253_24_00034-7__c965f820__p006__b02.png",yes,discrete,accessible,model,ACCESSIBLE,0.0,2,Fast-Path: nur 2 Farb- / 2 Grayscale-Cluster.
10.1016_s2468-1253_24_00034-7__c965f820__p006__b03,10.1016_s2468-1253_24_00034-7__c965f820__p006__b03,10.1016_s2468-1253(24)00034-7,10.1016_s2468-1253(24)00034-7.pdf,6,3,"Biochemistry, Genetics and Molecular Biology/10.1016_s2468-1253(24)00034-7/crops/10.1016_s2468-1253_24_00034-7__c965f820__p006__b03.png",yes,discrete,accessible,model,ACCESSIBLE,0.0,2,Fast-Path: nur 2 Farb- / 2 Grayscale-Cluster.
10.1016_s2468-1253_24_00034-7__c965f820__p007__b00,10.1016_s2468-1253_24_00034-7__c965f820__p007__b00,10.1016_s2468-1253(24)00034-7,10.1016_s2468-1253(24)00034-7.pdf,7,0,"Biochemistry, Genetics and Molecular Biology/10.1016_s2468-1253(24)00034-7/crops/10.1016_s2468-1253_24_00034-7__c965f820__p007__b00.png",yes,discrete,accessible,model,ACCESSIBLE,0.0,1,Fast-Path: nur 1 Farb- / 1 Grayscale-Cluster.
10.1016_s2468-1253_24_00034-7__c965f820__p007__b01,10.1016_s2468-1253_24_00034-7__c965f820__p007__b01,10.1016_s2468-1253(24)00034-7,10.1016_s2468-1253(24)00034-7.pdf,7,1,"Biochemistry, Genetics and Molecular Biology/10.1016_s2468-1253(24)00034-7/crops/10.1016_s2468-1253_24_00034-7__c965f820__p007__b01.png",yes,discrete,accessible,model,ACCESSIBLE,0.0,1,Fast-Path: nur 1 Farb- / 1 Grayscale-Cluster.
10.1016_s2468-1253_24_00034-7__c965f820__p008__b00,10.1016_s2468-1253_24_00034-7__c965f820__p008__b00,10.1016_s2468-1253(24)00034-7,10.1016_s2468-1253(24)00034-7.pdf,8,0,"Biochemistry, Genetics and Molecular Biology/10.1016_s2468-1253(24)00034-7/crops/10.1016_s2468-1253_24_00034-7__c965f820__p008__b00.png",yes,discrete,problematic,model,PROBLEMATIC,0.778,6,"V4 score=0.778 (thr=0.06, cluster_loss=2); komponenten: pair=0.56 + cluster_loss=0.08 + complexity=0.08 + cvd=0.06 + legend=0.00; 6 kollabierte Paare; RGB(172, 180, 188) vs RGB(229, 186, 184) (ΔE00=18.55, ΔL*=6.07, adj=1.00, leg=True); RGB(172, 180, 188) vs RGB(224, 164, 181) (ΔE00=21.4, ΔL*=0.41, a"
10.1016_s2468-1253_24_00034-7__c965f820__p008__b01,10.1016_s2468-1253_24_00034-7__c965f820__p008__b01,10.1016_s2468-1253(24)00034-7,10.1016_s2468-1253(24)00034-7.pdf,8,1,"Biochemistry, Genetics and Molecular Biology/10.1016_s2468-1253(24)00034-7/crops/10.1016_s2468-1253_24_00034-7__c965f820__p008__b01.png",yes,discrete,problematic,model,PROBLEMATIC,0.443,3,"V4 score=0.443 (thr=0.06, cluster_loss=1); komponenten: pair=0.40 + cluster_loss=0.04 + complexity=0.00 + cvd=0.00 + legend=0.00; 1 kollabierte Paare; RGB(249, 203, 181) vs RGB(179, 194, 222) (ΔE00=25.8, ΔL*=7.14, adj=1.00, leg=True)"
10.1016_s2468-1253_24_00034-7__c965f820__p008__b02,10.1016_s2468-1253_24_00034-7__c965f820__p008__b02,10.1016_s2468-1253(24)00034-7,10.1016_s2468-1253(24)00034-7.pdf,8,2,"Biochemistry, Genetics and Molecular Biology/10.1016_s2468-1253(24)00034-7/crops/10.1016_s2468-1253_24_00034-7__c965f820__p008__b02.png",yes,discrete,accessible,model,ACCESSIBLE,0.03,4,"V4 score=0.030 (thr=0.08, cluster_loss=0); komponenten: pair=0.03 + cluster_loss=0.00 + complexity=0.00 + cvd=0.00 + legend=0.00; 2 kollabierte Paare; RGB(249, 203, 181) vs RGB(179, 194, 222) (ΔE00=25.66, ΔL*=6.75, adj=0.00, leg=False); RGB(249, 203, 181) vs RGB(248, 230, 224) (ΔE00=11.04, ΔL*=7.41,"
10.1016_s2468-1253_24_00034-7__c965f820__p008__b03,10.1016_s2468-1253_24_00034-7__c965f820__p008__b03,10.1016_s2468-1253(24)00034-7,10.1016_s2468-1253(24)00034-7.pdf,8,3,"Biochemistry, Genetics and Molecular Biology/10.1016_s2468-1253(24)00034-7/crops/10.1016_s2468-1253_24_00034-7__c965f820__p008__b03.png",yes,discrete,problematic,model,PROBLEMATIC,0.488,5,"V4 score=0.488 (thr=0.06, cluster_loss=1); komponenten: pair=0.35 + cluster_loss=0.04 + complexity=0.04 + cvd=0.06 + legend=0.00; 5 kollabierte Paare; RGB(175, 179, 188) vs RGB(229, 188, 183) (ΔE00=17.93, ΔL*=6.61, adj=1.00, leg=True); RGB(212, 232, 201) vs RGB(180, 223, 236) (ΔE00=18.55, ΔL*=3.68, "
10.1038_s12276-024-01180-8__ca40f411__p003__b00,10.1038_s12276-024-01180-8__ca40f411__p003__b00,10.1038_s12276-024-01180-8,10.1038_s12276-024-01180-8.pdf,3,0,"Biochemistry, Genetics and Molecular Biology/10.1038_s12276-024-01180-8/crops/10.1038_s12276-024-01180-8__ca40f411__p003__b00.png",yes,discrete,problematic,model,PROBLEMATIC,0.176,4,"V4 score=0.176 (thr=0.16, cluster_loss=0); komponenten: pair=0.18 + cluster_loss=0.00 + complexity=0.00 + cvd=0.00 + legend=0.00; 2 kollabierte Paare; RGB(212, 215, 224) vs RGB(231, 225, 202) (ΔE00=14.54, ΔL*=3.68, adj=1.00, leg=True); RGB(212, 215, 224) vs RGB(239, 223, 172) (ΔE00=22.1, ΔL*=3.34, a"
10.1038_s12276-024-01180-8__ca40f411__p003__b01,10.1038_s12276-024-01180-8__ca40f411__p003__b01,10.1038_s12276-024-01180-8,10.1038_s12276-024-01180-8.pdf,3,1,"Biochemistry, Genetics and Molecular Biology/10.1038_s12276-024-01180-8/crops/10.1038_s12276-024-01180-8__ca40f411__p003__b01.png",yes,discrete,accessible,model,ACCESSIBLE,0.036,4,"V4 score=0.036 (thr=0.16, cluster_loss=0); komponenten: pair=0.04 + cluster_loss=0.00 + complexity=0.00 + cvd=0.00 + legend=0.00; 1 kollabierte Paare; RGB(238, 237, 231) vs RGB(242, 220, 160) (ΔE00=16.15, ΔL*=5.29, adj=1.00, leg=True)"
10.1038_s12276-024-01180-8__ca40f411__p006__b00,10.1038_s12276-024-01180-8__ca40f411__p006__b00,10.1038_s12276-024-01180-8,10.1038_s12276-024-01180-8.pdf,6,0,"Biochemistry, Genetics and Molecular Biology/10.1038_s12276-024-01180-8/crops/10.1038_s12276-024-01180-8__ca40f411__p006__b00.png",yes,discrete,problematic,model,PROBLEMATIC,0.184,4,"V4 score=0.184 (thr=0.16, cluster_loss=0); komponenten: pair=0.18 + cluster_loss=0.00 + complexity=0.00 + cvd=0.00 + legend=0.00; 1 kollabierte Paare; RGB(212, 116, 55) vs RGB(59, 152, 72) (ΔE00=49.07, ΔL*=3.03, adj=1.00, leg=True)"
10.1038_s12276-024-01180-8__ca40f411__p006__b01,10.1038_s12276-024-01180-8__ca40f411__p006__b01,10.1038_s12276-024-01180-8,10.1038_s12276-024-01180-8.pdf,6,1,"Biochemistry, Genetics and Molecular Biology/10.1038_s12276-024-01180-8/crops/10.1038_s12276-024-01180-8__ca40f411__p006__b01.png",yes,discrete,problematic,model,PROBLEMATIC,0.233,5,"V4 score=0.233 (thr=0.06, cluster_loss=1); komponenten: pair=0.15 + cluster_loss=0.04 + complexity=0.04 + cvd=0.00 + legend=0.00; 2 kollabierte Paare; RGB(212, 116, 55) vs RGB(59, 152, 72) (ΔE00=49.05, ΔL*=2.86, adj=1.00, leg=True); RGB(185, 202, 212) vs RGB(237, 178, 60) (ΔE00=34.43, ΔL*=4.41, adj="
10.1038_s12276-024-01180-8__ca40f411__p006__b02,10.1038_s12276-024-01180-8__ca40f411__p006__b02,10.1038_s12276-024-01180-8,10.1038_s12276-024-01180-8.pdf,6,2,"Biochemistry, Genetics and Molecular Biology/10.1038_s12276-024-01180-8/crops/10.1038_s12276-024-01180-8__ca40f411__p006__b02.png",yes,discrete,problematic,model,PROBLEMATIC,0.24,4,"V4 score=0.240 (thr=0.16, cluster_loss=0); komponenten: pair=0.18 + cluster_loss=0.00 + complexity=0.00 + cvd=0.06 + legend=0.00; 1 kollabierte Paare; RGB(213, 117, 56) vs RGB(59, 152, 72) (ΔE00=49.03, ΔL*=3.0, adj=1.00, leg=True)"
10.1038_s12276-024-01180-8__ca40f411__p006__b03,10.1038_s12276-024-01180-8__ca40f411__p006__b03,10.1038_s12276-024-01180-8,10.1038_s12276-024-01180-8.pdf,6,3,"Biochemistry, Genetics and Molecular Biology/10.1038_s12276-024-01180-8/crops/10.1038_s12276-024-01180-8__ca40f411__p006__b03.png",yes,rainbow_gradient,n/a,model,,,,
10.1038_s12276-024-01180-8__ca40f411__p008__b00,10.1038_s12276-024-01180-8__ca40f411__p008__b00,10.1038_s12276-024-01180-8,10.1038_s12276-024-01180-8.pdf,8,0,"Biochemistry, Genetics and Molecular Biology/10.1038_s12276-024-01180-8/crops/10.1038_s12276-024-01180-8__ca40f411__p008__b00.png",yes,discrete,problematic,model,PROBLEMATIC,0.243,5,"V4 score=0.243 (thr=0.08, cluster_loss=0); komponenten: pair=0.14 + cluster_loss=0.00 + complexity=0.04 + cvd=0.06 + legend=0.00; 2 kollabierte Paare; RGB(59, 152, 72) vs RGB(213, 117, 56) (ΔE00=49.0, ΔL*=2.93, adj=1.00, leg=True); RGB(178, 191, 204) vs RGB(204, 193, 154) (ΔE00=22.13, ΔL*=1.08, adj="
10.1038_s41420-024-01803-z__40996a6e__p003__b00,10.1038_s41420-024-01803-z__40996a6e__p003__b00,10.1038_s41420-024-01803-z,10.1038_s41420-024-01803-z.pdf,3,0,"Biochemistry, Genetics and Molecular Biology/10.1038_s41420-024-01803-z/crops/10.1038_s41420-024-01803-z__40996a6e__p003__b00.png",yes,discrete,accessible,model,ACCESSIBLE,0.0,2,"V4 score=0.000 (thr=0.16); kein Pair kollabiert; globaler cluster_loss=0, n_color=2, komponenten: pair=0.00 + cluster_loss=0.00 + complexity=0.00 + cvd=0.00 + legend=0.00"
10.1038_s41420-024-01803-z__40996a6e__p003__b01,10.1038_s41420-024-01803-z__40996a6e__p003__b01,10.1038_s41420-024-01803-z,10.1038_s41420-024-01803-z.pdf,3,1,"Biochemistry, Genetics and Molecular Biology/10.1038_s41420-024-01803-z/crops/10.1038_s41420-024-01803-z__40996a6e__p003__b01.png",yes,discrete,accessible,model,ACCESSIBLE,0.0,2,"V4 score=0.000 (thr=0.16); kein Pair kollabiert; globaler cluster_loss=0, n_color=2, komponenten: pair=0.00 + cluster_loss=0.00 + complexity=0.00 + cvd=0.00 + legend=0.00"
10.1038_s41420-024-01803-z__40996a6e__p003__b02,10.1038_s41420-024-01803-z__40996a6e__p003__b02,10.1038_s41420-024-01803-z,10.1038_s41420-024-01803-z.pdf,3,2,"Biochemistry, Genetics and Molecular Biology/10.1038_s41420-024-01803-z/crops/10.1038_s41420-024-01803-z__40996a6e__p003__b02.png",yes,discrete,problematic,model,PROBLEMATIC,0.655,7,"V4 score=0.655 (thr=0.16, cluster_loss=0); komponenten: pair=0.46 + cluster_loss=0.00 + complexity=0.20 + cvd=0.00 + legend=0.00; 3 kollabierte Paare; RGB(205, 220, 235) vs RGB(246, 243, 238) (ΔE00=11.95, ΔL*=8.87, adj=1.00, leg=True); RGB(205, 220, 235) vs RGB(240, 190, 30) (ΔE00=38.97, ΔL*=8.04, a"
10.1038_s41420-024-01803-z__40996a6e__p003__b03,10.1038_s41420-024-01803-z__40996a6e__p003__b03,10.1038_s41420-024-01803-z,10.1038_s41420-024-01803-z.pdf,3,3,"Biochemistry, Genetics and Molecular Biology/10.1038_s41420-024-01803-z/crops/10.1038_s41420-024-01803-z__40996a6e__p003__b03.png",yes,discrete,accessible,model,ACCESSIBLE,0.0,2,Fast-Path: nur 2 Farb- / 2 Grayscale-Cluster.
10.1038_s41422-023-00918-9__906bc287__p001__b00,10.1038_s41422-023-00918-9__906bc287__p001__b00,10.1038_s41422-023-00918-9,10.1038_s41422-023-00918-9.pdf,1,0,"Biochemistry, Genetics and Molecular Biology/10.1038_s41422-023-00918-9/crops/10.1038_s41422-023-00918-9__906bc287__p001__b00.png",yes,discrete,problematic,model,PROBLEMATIC,0.12,2,"V4 score=0.120 (thr=0.08); kein Pair kollabiert; globaler cluster_loss=0, n_color=7, komponenten: pair=0.00 + cluster_loss=0.00 + complexity=0.12 + cvd=0.00 + legend=0.00"
10.1038_s41422-023-00918-9__906bc287__p007__b00,10.1038_s41422-023-00918-9__906bc287__p007__b00,10.1038_s41422-023-00918-9,10.1038_s41422-023-00918-9.pdf,7,0,"Biochemistry, Genetics and Molecular Biology/10.1038_s41422-023-00918-9/crops/10.1038_s41422-023-00918-9__906bc287__p007__b00.png",yes,discrete,accessible,model,ACCESSIBLE,0.04,5,"V4 score=0.040 (thr=0.16); kein Pair kollabiert; globaler cluster_loss=0, n_color=5, komponenten: pair=0.00 + cluster_loss=0.00 + complexity=0.04 + cvd=0.00 + legend=0.00"
10.1038_s41422-023-00918-9__906bc287__p008__b00,10.1038_s41422-023-00918-9__906bc287__p008__b00,10.1038_s41422-023-00918-9,10.1038_s41422-023-00918-9.pdf,8,0,"Biochemistry, Genetics and Molecular Biology/10.1038_s41422-023-00918-9/crops/10.1038_s41422-023-00918-9__906bc287__p008__b00.png",yes,discrete,accessible,model,ACCESSIBLE,0.061,4,"V4 score=0.061 (thr=0.08, cluster_loss=0); komponenten: pair=0.06 + cluster_loss=0.00 + complexity=0.00 + cvd=0.00 + legend=0.00; 1 kollabierte Paare; RGB(231, 239, 248) vs RGB(240, 216, 202) (ΔE00=15.64, ΔL*=6.45, adj=1.00, leg=True)"
10.1038_s41422-023-00918-9__906bc287__p009__b00,10.1038_s41422-023-00918-9__906bc287__p009__b00,10.1038_s41422-023-00918-9,10.1038_s41422-023-00918-9.pdf,9,0,"Biochemistry, Genetics and Molecular Biology/10.1038_s41422-023-00918-9/crops/10.1038_s41422-023-00918-9__906bc287__p009__b00.png",yes,rainbow_gradient,n/a,model,,,,
10.1038_s41422-023-00918-9__906bc287__p009__b01,10.1038_s41422-023-00918-9__906bc287__p009__b01,10.1038_s41422-023-00918-9,10.1038_s41422-023-00918-9.pdf,9,1,"Biochemistry, Genetics and Molecular Biology/10.1038_s41422-023-00918-9/crops/10.1038_s41422-023-00918-9__906bc287__p009__b01.png",yes,discrete,problematic,model,PROBLEMATIC,0.221,6,"V4 score=0.221 (thr=0.16, cluster_loss=0); komponenten: pair=0.14 + cluster_loss=0.00 + complexity=0.08 + cvd=0.00 + legend=0.00; 3 kollabierte Paare; RGB(226, 237, 224) vs RGB(221, 218, 42) (ΔE00=26.08, ΔL*=7.51, adj=1.00, leg=True); RGB(152, 202, 157) vs RGB(221, 218, 42) (ΔE00=23.92, ΔL*=8.1, adj"
10.1038_s41422-023-00918-9__906bc287__p009__b02,10.1038_s41422-023-00918-9__906bc287__p009__b02,10.1038_s41422-023-00918-9,10.1038_s41422-023-00918-9.pdf,9,2,"Biochemistry, Genetics and Molecular Biology/10.1038_s41422-023-00918-9/crops/10.1038_s41422-023-00918-9__906bc287__p009__b02.png",yes,discrete,problematic,model,PROBLEMATIC,0.563,8,"V4 score=0.563 (thr=0.16, cluster_loss=0); komponenten: pair=0.26 + cluster_loss=0.00 + complexity=0.24 + cvd=0.06 + legend=0.00; 5 kollabierte Paare; RGB(0, 146, 149) vs RGB(71, 172, 91) (ΔE00=25.78, ΔL*=8.13, adj=1.00, leg=True); RGB(71, 172, 91) vs RGB(131, 194, 139) (ΔE00=10.12, ΔL*=9.58, adj=1."
10.1038_s41422-023-00918-9__906bc287__p009__b03,10.1038_s41422-023-00918-9__906bc287__p009__b03,10.1038_s41422-023-00918-9,10.1038_s41422-023-00918-9.pdf,9,3,"Biochemistry, Genetics and Molecular Biology/10.1038_s41422-023-00918-9/crops/10.1038_s41422-023-00918-9__906bc287__p009__b03.png",yes,discrete,problematic,model,PROBLEMATIC,0.546,8,"V4 score=0.546 (thr=0.16, cluster_loss=0); komponenten: pair=0.27 + cluster_loss=0.00 + complexity=0.28 + cvd=0.00 + legend=0.00; 3 kollabierte Paare; RGB(233, 231, 231) vs RGB(232, 194, 217) (ΔE00=16.6, ΔL*=9.09, adj=1.00, leg=True); RGB(25, 61, 107) vs RGB(116, 42, 16) (ΔE00=36.82, ΔL*=2.34, adj=1"
10.1038_s41422-023-00918-9__906bc287__p010__b00,10.1038_s41422-023-00918-9__906bc287__p010__b00,10.1038_s41422-023-00918-9,10.1038_s41422-023-00918-9.pdf,10,0,"Biochemistry, Genetics and Molecular Biology/10.1038_s41422-023-00918-9/crops/10.1038_s41422-023-00918-9__906bc287__p010__b00.png",yes,discrete,problematic,model,PROBLEMATIC,0.782,8,"V4 score=0.782 (thr=0.06, cluster_loss=1); komponenten: pair=0.50 + cluster_loss=0.04 + complexity=0.24 + cvd=0.00 + legend=0.00; 5 kollabierte Paare; RGB(232, 231, 233) vs RGB(240, 214, 180) (ΔE00=15.85, ΔL*=4.86, adj=1.00, leg=True); RGB(232, 182, 143) vs RGB(186, 188, 212) (ΔE00=26.42, ΔL*=0.98, "
10.1038_s41422-023-00918-9__906bc287__p013__b00,10.1038_s41422-023-00918-9__906bc287__p013__b00,10.1038_s41422-023-00918-9,10.1038_s41422-023-00918-9.pdf,13,0,"Biochemistry, Genetics and Molecular Biology/10.1038_s41422-023-00918-9/crops/10.1038_s41422-023-00918-9__906bc287__p013__b00.png",yes,discrete,problematic,model,PROBLEMATIC,0.454,8,"V4 score=0.454 (thr=0.06, cluster_loss=2); komponenten: pair=0.17 + cluster_loss=0.08 + complexity=0.20 + cvd=0.00 + legend=0.00; 3 kollabierte Paare; RGB(135, 160, 202) vs RGB(92, 171, 168) (ΔE00=21.44, ΔL*=0.11, adj=1.00, leg=True); RGB(10, 135, 130) vs RGB(223, 33, 41) (ΔE00=57.23, ΔL*=2.2, adj=1"
10.1038_s41422-023-00918-9__906bc287__p013__b01,10.1038_s41422-023-00918-9__906bc287__p013__b01,10.1038_s41422-023-00918-9,10.1038_s41422-023-00918-9.pdf,13,1,"Biochemistry, Genetics and Molecular Biology/10.1038_s41422-023-00918-9/crops/10.1038_s41422-023-00918-9__906bc287__p013__b01.png",yes,discrete,problematic,model,PROBLEMATIC,0.372,6,"V4 score=0.372 (thr=0.06, cluster_loss=1); komponenten: pair=0.25 + cluster_loss=0.04 + complexity=0.08 + cvd=0.00 + legend=0.00; 6 kollabierte Paare; RGB(225, 207, 174) vs RGB(177, 197, 214) (ΔE00=23.92, ΔL*=5.69, adj=0.39, leg=False); RGB(202, 174, 136) vs RGB(177, 197, 214) (ΔE00=25.9, ΔL*=5.87, "
10.1038_s41591-024-03415-7__23dd18bc__p002__b00,10.1038_s41591-024-03415-7__23dd18bc__p002__b00,10.1038_s41591-024-03415-7,10.1038_s41591-024-03415-7.pdf,2,0,"Biochemistry, Genetics and Molecular Biology/10.1038_s41591-024-03415-7/crops/10.1038_s41591-024-03415-7__23dd18bc__p002__b00.png",yes,discrete,accessible,model,ACCESSIBLE,0.04,5,"V4 score=0.040 (thr=0.16); kein Pair kollabiert; globaler cluster_loss=0, n_color=5, komponenten: pair=0.00 + cluster_loss=0.00 + complexity=0.04 + cvd=0.00 + legend=0.00"
10.1038_s41591-024-03415-7__23dd18bc__p003__b00,10.1038_s41591-024-03415-7__23dd18bc__p003__b00,10.1038_s41591-024-03415-7,10.1038_s41591-024-03415-7.pdf,3,0,"Biochemistry, Genetics and Molecular Biology/10.1038_s41591-024-03415-7/crops/10.1038_s41591-024-03415-7__23dd18bc__p003__b00.png",yes,discrete,accessible,model,ACCESSIBLE,0.0,1,Fast-Path: nur 1 Farb- / 2 Grayscale-Cluster.
10.1038_s41591-024-03415-7__23dd18bc__p004__b00,10.1038_s41591-024-03415-7__23dd18bc__p004__b00,10.1038_s41591-024-03415-7,10.1038_s41591-024-03415-7.pdf,4,0,"Biochemistry, Genetics and Molecular Biology/10.1038_s41591-024-03415-7/crops/10.1038_s41591-024-03415-7__23dd18bc__p004__b00.png",yes,discrete,accessible,model,ACCESSIBLE,0.0,0,Zu wenige chromatische Pixel (0) — keine Farbcodierung.
10.1038_s41591-024-03415-7__23dd18bc__p005__b00,10.1038_s41591-024-03415-7__23dd18bc__p005__b00,10.1038_s41591-024-03415-7,10.1038_s41591-024-03415-7.pdf,5,0,"Biochemistry, Genetics and Molecular Biology/10.1038_s41591-024-03415-7/crops/10.1038_s41591-024-03415-7__23dd18bc__p005__b00.png",yes,discrete,accessible,model,ACCESSIBLE,0.0,4,"V4 score=0.000 (thr=0.08); kein Pair kollabiert; globaler cluster_loss=0, n_color=4, komponenten: pair=0.00 + cluster_loss=0.00 + complexity=0.00 + cvd=0.00 + legend=0.00"
10.1038_s41591-024-03415-7__23dd18bc__p005__b01,10.1038_s41591-024-03415-7__23dd18bc__p005__b01,10.1038_s41591-024-03415-7,10.1038_s41591-024-03415-7.pdf,5,1,"Biochemistry, Genetics and Molecular Biology/10.1038_s41591-024-03415-7/crops/10.1038_s41591-024-03415-7__23dd18bc__p005__b01.png",yes,discrete,accessible,model,ACCESSIBLE,0.0,2,Fast-Path: nur 2 Farb- / 2 Grayscale-Cluster.
10.1038_s41597-024-03031-7__4c4a7ea6__p001__b00,10.1038_s41597-024-03031-7__4c4a7ea6__p001__b00,10.1038_s41597-024-03031-7,10.1038_s41597-024-03031-7.pdf,1,0,"Biochemistry, Genetics and Molecular Biology/10.1038_s41597-024-03031-7/crops/10.1038_s41597-024-03031-7__4c4a7ea6__p001__b00.png",yes,rainbow_gradient,n/a,model,,,,
10.1038_s41597-024-03031-7__4c4a7ea6__p002__b00,10.1038_s41597-024-03031-7__4c4a7ea6__p002__b00,10.1038_s41597-024-03031-7,10.1038_s41597-024-03031-7.pdf,2,0,"Biochemistry, Genetics and Molecular Biology/10.1038_s41597-024-03031-7/crops/10.1038_s41597-024-03031-7__4c4a7ea6__p002__b00.png",yes,discrete,problematic,model,PROBLEMATIC,0.607,8,"V4 score=0.607 (thr=0.16, cluster_loss=0); komponenten: pair=0.21 + cluster_loss=0.00 + complexity=0.40 + cvd=0.00 + legend=0.00; 3 kollabierte Paare; RGB(112, 169, 167) vs RGB(200, 173, 202) (ΔE00=34.26, ΔL*=8.41, adj=1.00, leg=True); RGB(156, 100, 157) vs RGB(50, 120, 119) (ΔE00=33.96, ΔL*=3.88, a"
10.1038_s41597-024-03031-7__4c4a7ea6__p002__b01,10.1038_s41597-024-03031-7__4c4a7ea6__p002__b01,10.1038_s41597-024-03031-7,10.1038_s41597-024-03031-7.pdf,2,1,"Biochemistry, Genetics and Molecular Biology/10.1038_s41597-024-03031-7/crops/10.1038_s41597-024-03031-7__4c4a7ea6__p002__b01.png",yes,discrete,problematic,model,PROBLEMATIC,0.683,8,"V4 score=0.683 (thr=0.16, cluster_loss=0); komponenten: pair=0.46 + cluster_loss=0.00 + complexity=0.16 + cvd=0.06 + legend=0.00; 7 kollabierte Paare; RGB(234, 240, 245) vs RGB(184, 234, 208) (ΔE00=19.1, ΔL*=5.77, adj=1.00, leg=True); RGB(185, 173, 200) vs RGB(38, 181, 236) (ΔE00=32.21, ΔL*=3.5, adj"
10.1038_s41597-024-03031-7__4c4a7ea6__p002__b02,10.1038_s41597-024-03031-7__4c4a7ea6__p002__b02,10.1038_s41597-024-03031-7,10.1038_s41597-024-03031-7.pdf,2,2,"Biochemistry, Genetics and Molecular Biology/10.1038_s41597-024-03031-7/crops/10.1038_s41597-024-03031-7__4c4a7ea6__p002__b02.png",yes,discrete,accessible,model,ACCESSIBLE,0.0,2,Fast-Path: nur 2 Farb- / 2 Grayscale-Cluster.
10.1038_s41598-023-50600-8__3b85824e__p001__b00,10.1038_s41598-023-50600-8__3b85824e__p001__b00,10.1038_s41598-023-50600-8,10.1038_s41598-023-50600-8.pdf,1,0,"Biochemistry, Genetics and Molecular Biology/10.1038_s41598-023-50600-8/crops/10.1038_s41598-023-50600-8__3b85824e__p001__b00.png",yes,discrete,accessible,model,ACCESSIBLE,0.0,1,Fast-Path: nur 1 Farb- / 1 Grayscale-Cluster.
10.1038_s41598-023-50600-8__3b85824e__p005__b00,10.1038_s41598-023-50600-8__3b85824e__p005__b00,10.1038_s41598-023-50600-8,10.1038_s41598-023-50600-8.pdf,5,0,"Biochemistry, Genetics and Molecular Biology/10.1038_s41598-023-50600-8/crops/10.1038_s41598-023-50600-8__3b85824e__p005__b00.png",yes,rainbow_gradient,n/a,model,,,,
10.1038_s41598-023-50600-8__3b85824e__p005__b01,10.1038_s41598-023-50600-8__3b85824e__p005__b01,10.1038_s41598-023-50600-8,10.1038_s41598-023-50600-8.pdf,5,1,"Biochemistry, Genetics and Molecular Biology/10.1038_s41598-023-50600-8/crops/10.1038_s41598-023-50600-8__3b85824e__p005__b01.png",yes,discrete,accessible,model,ACCESSIBLE,0.0,2,"V4 score=0.000 (thr=0.16); kein Pair kollabiert; globaler cluster_loss=0, n_color=2, komponenten: pair=0.00 + cluster_loss=0.00 + complexity=0.00 + cvd=0.00 + legend=0.00"
10.1038_s41598-023-50600-8__3b85824e__p005__b02,10.1038_s41598-023-50600-8__3b85824e__p005__b02,10.1038_s41598-023-50600-8,10.1038_s41598-023-50600-8.pdf,5,2,"Biochemistry, Genetics and Molecular Biology/10.1038_s41598-023-50600-8/crops/10.1038_s41598-023-50600-8__3b85824e__p005__b02.png",yes,safe_gradient,n/a,model,,,,
10.1038_s41598-023-50600-8__3b85824e__p005__b03,10.1038_s41598-023-50600-8__3b85824e__p005__b03,10.1038_s41598-023-50600-8,10.1038_s41598-023-50600-8.pdf,5,3,"Biochemistry, Genetics and Molecular Biology/10.1038_s41598-023-50600-8/crops/10.1038_s41598-023-50600-8__3b85824e__p005__b03.png",yes,discrete,accessible,model,ACCESSIBLE,0.0,2,Fast-Path: nur 2 Farb- / 2 Grayscale-Cluster.
10.1038_s41598-023-50600-8__3b85824e__p007__b00,10.1038_s41598-023-50600-8__3b85824e__p007__b00,10.1038_s41598-023-50600-8,10.1038_s41598-023-50600-8.pdf,7,0,"Biochemistry, Genetics and Molecular Biology/10.1038_s41598-023-50600-8/crops/10.1038_s41598-023-50600-8__3b85824e__p007__b00.png",yes,discrete,accessible,model,ACCESSIBLE,0.0,4,"V4 score=0.000 (thr=0.16); kein Pair kollabiert; globaler cluster_loss=0, n_color=4, komponenten: pair=0.00 + cluster_loss=0.00 + complexity=0.00 + cvd=0.00 + legend=0.00"
10.1038_s41598-023-50600-8__3b85824e__p007__b01,10.1038_s41598-023-50600-8__3b85824e__p007__b01,10.1038_s41598-023-50600-8,10.1038_s41598-023-50600-8.pdf,7,1,"Biochemistry, Genetics and Molecular Biology/10.1038_s41598-023-50600-8/crops/10.1038_s41598-023-50600-8__3b85824e__p007__b01.png",yes,discrete,accessible,model,ACCESSIBLE,0.0,4,"V4 score=0.000 (thr=0.16); kein Pair kollabiert; globaler cluster_loss=0, n_color=4, komponenten: pair=0.00 + cluster_loss=0.00 + complexity=0.00 + cvd=0.00 + legend=0.00"
10.1038_s41598-023-50600-8__3b85824e__p007__b02,10.1038_s41598-023-50600-8__3b85824e__p007__b02,10.1038_s41598-023-50600-8,10.1038_s41598-023-50600-8.pdf,7,2,"Biochemistry, Genetics and Molecular Biology/10.1038_s41598-023-50600-8/crops/10.1038_s41598-023-50600-8__3b85824e__p007__b02.png",yes,rainbow_gradient,n/a,model,,,,
10.1038_s41598-023-50600-8__3b85824e__p007__b03,10.1038_s41598-023-50600-8__3b85824e__p007__b03,10.1038_s41598-023-50600-8,10.1038_s41598-023-50600-8.pdf,7,3,"Biochemistry, Genetics and Molecular Biology/10.1038_s41598-023-50600-8/crops/10.1038_s41598-023-50600-8__3b85824e__p007__b03.png",yes,rainbow_gradient,n/a,model,,,,
10.1038_s41598-023-50600-8__3b85824e__p007__b04,10.1038_s41598-023-50600-8__3b85824e__p007__b04,10.1038_s41598-023-50600-8,10.1038_s41598-023-50600-8.pdf,7,4,"Biochemistry, Genetics and Molecular Biology/10.1038_s41598-023-50600-8/crops/10.1038_s41598-023-50600-8__3b85824e__p007__b04.png",yes,safe_gradient,n/a,model,,,,
10.1038_s41598-023-50600-8__3b85824e__p008__b00,10.1038_s41598-023-50600-8__3b85824e__p008__b00,10.1038_s41598-023-50600-8,10.1038_s41598-023-50600-8.pdf,8,0,"Biochemistry, Genetics and Molecular Biology/10.1038_s41598-023-50600-8/crops/10.1038_s41598-023-50600-8__3b85824e__p008__b00.png",yes,rainbow_gradient,n/a,model,,,,
10.1038_s41598-023-50600-8__3b85824e__p008__b01,10.1038_s41598-023-50600-8__3b85824e__p008__b01,10.1038_s41598-023-50600-8,10.1038_s41598-023-50600-8.pdf,8,1,"Biochemistry, Genetics and Molecular Biology/10.1038_s41598-023-50600-8/crops/10.1038_s41598-023-50600-8__3b85824e__p008__b01.png",yes,discrete,problematic,model,PROBLEMATIC,0.163,5,"V4 score=0.163 (thr=0.16, cluster_loss=0); komponenten: pair=0.12 + cluster_loss=0.00 + complexity=0.04 + cvd=0.00 + legend=0.00; 1 kollabierte Paare; RGB(25, 111, 178) vs RGB(58, 139, 193) (ΔE00=10.54, ΔL*=9.94, adj=1.00, leg=True)"
10.1038_s41598-023-50600-8__3b85824e__p008__b02,10.1038_s41598-023-50600-8__3b85824e__p008__b02,10.1038_s41598-023-50600-8,10.1038_s41598-023-50600-8.pdf,8,2,"Biochemistry, Genetics and Molecular Biology/10.1038_s41598-023-50600-8/crops/10.1038_s41598-023-50600-8__3b85824e__p008__b02.png",yes,discrete,accessible,model,ACCESSIBLE,0.0,4,"V4 score=0.000 (thr=0.16); kein Pair kollabiert; globaler cluster_loss=0, n_color=4, komponenten: pair=0.00 + cluster_loss=0.00 + complexity=0.00 + cvd=0.00 + legend=0.00"
10.1038_s41598-023-50600-8__3b85824e__p010__b00,10.1038_s41598-023-50600-8__3b85824e__p010__b00,10.1038_s41598-023-50600-8,10.1038_s41598-023-50600-8.pdf,10,0,"Biochemistry, Genetics and Molecular Biology/10.1038_s41598-023-50600-8/crops/10.1038_s41598-023-50600-8__3b85824e__p010__b00.png",yes,discrete,problematic,model,PROBLEMATIC,0.185,4,"V4 score=0.185 (thr=0.08, cluster_loss=0); komponenten: pair=0.19 + cluster_loss=0.00 + complexity=0.00 + cvd=0.00 + legend=0.00; 2 kollabierte Paare; RGB(0, 112, 193) vs RGB(191, 6, 6) (ΔE00=48.75, ΔL*=6.17, adj=0.41, leg=False); RGB(55, 87, 35) vs RGB(191, 6, 6) (ΔE00=51.84, ΔL*=6.42, adj=1.00, le"
10.1038_s43856-023-00419-1__d99d26e5__p001__b00,10.1038_s43856-023-00419-1__d99d26e5__p001__b00,10.1038_s43856-023-00419-1,10.1038_s43856-023-00419-1.pdf,1,0,"Biochemistry, Genetics and Molecular Biology/10.1038_s43856-023-00419-1/crops/10.1038_s43856-023-00419-1__d99d26e5__p001__b00.png",yes,discrete,accessible,model,ACCESSIBLE,0.0,3,"V4 score=0.000 (thr=0.16); kein Pair kollabiert; globaler cluster_loss=0, n_color=3, komponenten: pair=0.00 + cluster_loss=0.00 + complexity=0.00 + cvd=0.00 + legend=0.00"
10.1038_s43856-023-00419-1__d99d26e5__p002__b00,10.1038_s43856-023-00419-1__d99d26e5__p002__b00,10.1038_s43856-023-00419-1,10.1038_s43856-023-00419-1.pdf,2,0,"Biochemistry, Genetics and Molecular Biology/10.1038_s43856-023-00419-1/crops/10.1038_s43856-023-00419-1__d99d26e5__p002__b00.png",yes,discrete,accessible,model,ACCESSIBLE,0.0,1,Fast-Path: nur 1 Farb- / 1 Grayscale-Cluster.
10.1038_s43856-023-00419-1__d99d26e5__p002__b01,10.1038_s43856-023-00419-1__d99d26e5__p002__b01,10.1038_s43856-023-00419-1,10.1038_s43856-023-00419-1.pdf,2,1,"Biochemistry, Genetics and Molecular Biology/10.1038_s43856-023-00419-1/crops/10.1038_s43856-023-00419-1__d99d26e5__p002__b01.png",yes,discrete,accessible,model,ACCESSIBLE,0.0,2,Fast-Path: nur 2 Farb- / 2 Grayscale-Cluster.
10.1038_s43856-023-00419-1__d99d26e5__p002__b02,10.1038_s43856-023-00419-1__d99d26e5__p002__b02,10.1038_s43856-023-00419-1,10.1038_s43856-023-00419-1.pdf,2,2,"Biochemistry, Genetics and Molecular Biology/10.1038_s43856-023-00419-1/crops/10.1038_s43856-023-00419-1__d99d26e5__p002__b02.png",yes,discrete,accessible,model,ACCESSIBLE,0.0,1,Fast-Path: nur 1 Farb- / 1 Grayscale-Cluster.
10.1038_s43856-023-00419-1__d99d26e5__p004__b00,10.1038_s43856-023-00419-1__d99d26e5__p004__b00,10.1038_s43856-023-00419-1,10.1038_s43856-023-00419-1.pdf,4,0,"Biochemistry, Genetics and Molecular Biology/10.1038_s43856-023-00419-1/crops/10.1038_s43856-023-00419-1__d99d26e5__p004__b00.png",yes,discrete,accessible,model,ACCESSIBLE,0.0,4,"V4 score=0.000 (thr=0.08); kein Pair kollabiert; globaler cluster_loss=0, n_color=4, komponenten: pair=0.00 + cluster_loss=0.00 + complexity=0.00 + cvd=0.00 + legend=0.00"
10.1038_s43856-023-00419-1__d99d26e5__p005__b00,10.1038_s43856-023-00419-1__d99d26e5__p005__b00,10.1038_s43856-023-00419-1,10.1038_s43856-023-00419-1.pdf,5,0,"Biochemistry, Genetics and Molecular Biology/10.1038_s43856-023-00419-1/crops/10.1038_s43856-023-00419-1__d99d26e5__p005__b00.png",yes,discrete,problematic,model,PROBLEMATIC,0.263,6,"V4 score=0.263 (thr=0.16, cluster_loss=0); komponenten: pair=0.18 + cluster_loss=0.00 + complexity=0.08 + cvd=0.00 + legend=0.00; 1 kollabierte Paare; RGB(223, 5, 6) vs RGB(222, 92, 8) (ΔE00=13.77, ΔL*=8.72, adj=1.00, leg=True)"
10.1038_s43856-023-00419-1__d99d26e5__p006__b00,10.1038_s43856-023-00419-1__d99d26e5__p006__b00,10.1038_s43856-023-00419-1,10.1038_s43856-023-00419-1.pdf,6,0,"Biochemistry, Genetics and Molecular Biology/10.1038_s43856-023-00419-1/crops/10.1038_s43856-023-00419-1__d99d26e5__p006__b00.png",yes,safe_gradient,n/a,model,,,,
10.1056_nejmoa2305434__8b2a3cdb__p006__b00,10.1056_nejmoa2305434__8b2a3cdb__p006__b00,10.1056_nejmoa2305434,10.1056_nejmoa2305434.pdf,6,0,"Biochemistry, Genetics and Molecular Biology/10.1056_nejmoa2305434/crops/10.1056_nejmoa2305434__8b2a3cdb__p006__b00.png",yes,discrete,accessible,model,ACCESSIBLE,0.0,0,Zu wenige chromatische Pixel (0) — keine Farbcodierung.
10.1056_nejmoa2305434__8b2a3cdb__p007__b00,10.1056_nejmoa2305434__8b2a3cdb__p007__b00,10.1056_nejmoa2305434,10.1056_nejmoa2305434.pdf,7,0,"Biochemistry, Genetics and Molecular Biology/10.1056_nejmoa2305434/crops/10.1056_nejmoa2305434__8b2a3cdb__p007__b00.png",yes,discrete,accessible,model,ACCESSIBLE,0.0,0,Zu wenige chromatische Pixel (0) — keine Farbcodierung.
10.1056_nejmoa2305434__8b2a3cdb__p008__b00,10.1056_nejmoa2305434__8b2a3cdb__p008__b00,10.1056_nejmoa2305434,10.1056_nejmoa2305434.pdf,8,0,"Biochemistry, Genetics and Molecular Biology/10.1056_nejmoa2305434/crops/10.1056_nejmoa2305434__8b2a3cdb__p008__b00.png",yes,discrete,problematic,model,PROBLEMATIC,0.188,4,"V4 score=0.188 (thr=0.08, cluster_loss=0); komponenten: pair=0.03 + cluster_loss=0.00 + complexity=0.16 + cvd=0.00 + legend=0.00; 1 kollabierte Paare; RGB(238, 236, 230) vs RGB(241, 216, 178) (ΔE00=13.01, ΔL*=5.94, adj=1.00, leg=True)"
10.1056_nejmoa2305434__8b2a3cdb__p008__b01,10.1056_nejmoa2305434__8b2a3cdb__p008__b01,10.1056_nejmoa2305434,10.1056_nejmoa2305434.pdf,8,1,"Biochemistry, Genetics and Molecular Biology/10.1056_nejmoa2305434/crops/10.1056_nejmoa2305434__8b2a3cdb__p008__b01.png",yes,discrete,problematic,model,PROBLEMATIC,0.52,10,Fast-Path: cluster_loss=4 (≥4) — 10 Farb-Cluster kollabieren auf 6 Grayscale-Cluster.
10.1056_nejmoa2305434__8b2a3cdb__p008__b02,10.1056_nejmoa2305434__8b2a3cdb__p008__b02,10.1056_nejmoa2305434,10.1056_nejmoa2305434.pdf,8,2,"Biochemistry, Genetics and Molecular Biology/10.1056_nejmoa2305434/crops/10.1056_nejmoa2305434__8b2a3cdb__p008__b02.png",yes,discrete,problematic,model,PROBLEMATIC,0.258,4,"V4 score=0.258 (thr=0.06, cluster_loss=1); komponenten: pair=0.06 + cluster_loss=0.04 + complexity=0.16 + cvd=0.00 + legend=0.00; 1 kollabierte Paare; RGB(224, 160, 69) vs RGB(136, 169, 211) (ΔE00=41.67, ΔL*=2.32, adj=1.00, leg=True)"
10.1056_nejmoa2305434__8b2a3cdb__p008__b03,10.1056_nejmoa2305434__8b2a3cdb__p008__b03,10.1056_nejmoa2305434,10.1056_nejmoa2305434.pdf,8,3,"Biochemistry, Genetics and Molecular Biology/10.1056_nejmoa2305434/crops/10.1056_nejmoa2305434__8b2a3cdb__p008__b03.png",yes,discrete,problematic,model,PROBLEMATIC,0.49,5,"V4 score=0.490 (thr=0.06, cluster_loss=1); komponenten: pair=0.29 + cluster_loss=0.04 + complexity=0.16 + cvd=0.00 + legend=0.00; 1 kollabierte Paare; RGB(224, 160, 69) vs RGB(132, 167, 211) (ΔE00=41.97, ΔL*=3.15, adj=1.00, leg=True)"
10.1056_nejmoa2305434__8b2a3cdb__p008__b04,10.1056_nejmoa2305434__8b2a3cdb__p008__b04,10.1056_nejmoa2305434,10.1056_nejmoa2305434.pdf,8,4,"Biochemistry, Genetics and Molecular Biology/10.1056_nejmoa2305434/crops/10.1056_nejmoa2305434__8b2a3cdb__p008__b04.png",yes,discrete,problematic,model,PROBLEMATIC,0.454,7,"V4 score=0.454 (thr=0.06, cluster_loss=1); komponenten: pair=0.25 + cluster_loss=0.04 + complexity=0.16 + cvd=0.00 + legend=0.00; 5 kollabierte Paare; RGB(225, 162, 73) vs RGB(131, 164, 210) (ΔE00=42.16, ΔL*=4.66, adj=1.00, leg=True); RGB(237, 234, 229) vs RGB(206, 219, 237) (ΔE00=11.72, ΔL*=6.11, a"
10.1056_nejmoa2414108__2723320b__p002__b00,10.1056_nejmoa2414108__2723320b__p002__b00,10.1056_nejmoa2414108,10.1056_nejmoa2414108.pdf,2,0,"Biochemistry, Genetics and Molecular Biology/10.1056_nejmoa2414108/crops/10.1056_nejmoa2414108__2723320b__p002__b00.png",yes,discrete,problematic,model,PROBLEMATIC,0.16,2,"V4 score=0.160 (thr=0.06); kein Pair kollabiert; globaler cluster_loss=2, n_color=6, komponenten: pair=0.00 + cluster_loss=0.08 + complexity=0.08 + cvd=0.00 + legend=0.00"
10.1056_nejmoa2414108__2723320b__p005__b00,10.1056_nejmoa2414108__2723320b__p005__b00,10.1056_nejmoa2414108,10.1056_nejmoa2414108.pdf,5,0,"Biochemistry, Genetics and Molecular Biology/10.1056_nejmoa2414108/crops/10.1056_nejmoa2414108__2723320b__p005__b00.png",yes,discrete,accessible,model,ACCESSIBLE,0.0,1,Nach Spatial-Filter < 2 Farbregionen (1).
10.1056_nejmoa2414108__2723320b__p007__b00,10.1056_nejmoa2414108__2723320b__p007__b00,10.1056_nejmoa2414108,10.1056_nejmoa2414108.pdf,7,0,"Biochemistry, Genetics and Molecular Biology/10.1056_nejmoa2414108/crops/10.1056_nejmoa2414108__2723320b__p007__b00.png",yes,discrete,accessible,model,ACCESSIBLE,0.0,2,Fast-Path: nur 2 Farb- / 2 Grayscale-Cluster.
10.1056_nejmoa2414108__2723320b__p007__b01,10.1056_nejmoa2414108__2723320b__p007__b01,10.1056_nejmoa2414108,10.1056_nejmoa2414108.pdf,7,1,"Biochemistry, Genetics and Molecular Biology/10.1056_nejmoa2414108/crops/10.1056_nejmoa2414108__2723320b__p007__b01.png",yes,discrete,accessible,model,ACCESSIBLE,0.0,2,Fast-Path: nur 2 Farb- / 2 Grayscale-Cluster.
10.1056_nejmoa2414108__2723320b__p007__b02,10.1056_nejmoa2414108__2723320b__p007__b02,10.1056_nejmoa2414108,10.1056_nejmoa2414108.pdf,7,2,"Biochemistry, Genetics and Molecular Biology/10.1056_nejmoa2414108/crops/10.1056_nejmoa2414108__2723320b__p007__b02.png",yes,discrete,accessible,model,ACCESSIBLE,0.0,2,Fast-Path: nur 2 Farb- / 2 Grayscale-Cluster.
10.1056_nejmoa2414108__2723320b__p007__b03,10.1056_nejmoa2414108__2723320b__p007__b03,10.1056_nejmoa2414108,10.1056_nejmoa2414108.pdf,7,3,"Biochemistry, Genetics and Molecular Biology/10.1056_nejmoa2414108/crops/10.1056_nejmoa2414108__2723320b__p007__b03.png",yes,discrete,accessible,model,ACCESSIBLE,0.0,2,Fast-Path: nur 2 Farb- / 2 Grayscale-Cluster.
10.1056_nejmoa2414108__2723320b__p008__b00,10.1056_nejmoa2414108__2723320b__p008__b00,10.1056_nejmoa2414108,10.1056_nejmoa2414108.pdf,8,0,"Biochemistry, Genetics and Molecular Biology/10.1056_nejmoa2414108/crops/10.1056_nejmoa2414108__2723320b__p008__b00.png",yes,discrete,accessible,model,ACCESSIBLE,0.0,1,Fast-Path: nur 1 Farb- / 1 Grayscale-Cluster.
10.1056_nejmoa2414108__2723320b__p009__b00,10.1056_nejmoa2414108__2723320b__p009__b00,10.1056_nejmoa2414108,10.1056_nejmoa2414108.pdf,9,0,"Biochemistry, Genetics and Molecular Biology/10.1056_nejmoa2414108/crops/10.1056_nejmoa2414108__2723320b__p009__b00.png",yes,discrete,accessible,model,ACCESSIBLE,0.0,1,Fast-Path: nur 1 Farb- / 1 Grayscale-Cluster.
10.1186_s12964-023-01398-5__1e924ca7__p003__b00,10.1186_s12964-023-01398-5__1e924ca7__p003__b00,10.1186_s12964-023-01398-5,10.1186_s12964-023-01398-5.pdf,3,0,"Biochemistry, Genetics and Molecular Biology/10.1186_s12964-023-01398-5/crops/10.1186_s12964-023-01398-5__1e924ca7__p003__b00.png",yes,discrete,problematic,model,PROBLEMATIC,0.343,7,"V4 score=0.343 (thr=0.08, cluster_loss=0); komponenten: pair=0.22 + cluster_loss=0.00 + complexity=0.12 + cvd=0.00 + legend=0.00; 4 kollabierte Paare; RGB(187, 173, 214) vs RGB(178, 149, 149) (ΔE00=16.77, ΔL*=8.83, adj=1.00, leg=True); RGB(187, 173, 214) vs RGB(204, 163, 174) (ΔE00=12.94, ΔL*=2.15, "
10.1186_s12964-023-01398-5__1e924ca7__p005__b00,10.1186_s12964-023-01398-5__1e924ca7__p005__b00,10.1186_s12964-023-01398-5,10.1186_s12964-023-01398-5.pdf,5,0,"Biochemistry, Genetics and Molecular Biology/10.1186_s12964-023-01398-5/crops/10.1186_s12964-023-01398-5__1e924ca7__p005__b00.png",yes,discrete,problematic,model,PROBLEMATIC,0.851,7,"V4 score=0.851 (thr=0.06, cluster_loss=1); komponenten: pair=0.69 + cluster_loss=0.04 + complexity=0.12 + cvd=0.00 + legend=0.00; 6 kollabierte Paare; RGB(231, 243, 253) vs RGB(243, 220, 179) (ΔE00=21.89, ΔL*=6.66, adj=1.00, leg=True); RGB(231, 243, 253) vs RGB(237, 249, 212) (ΔE00=19.17, ΔL*=0.74, "
10.1186_s12964-023-01398-5__1e924ca7__p006__b00,10.1186_s12964-023-01398-5__1e924ca7__p006__b00,10.1186_s12964-023-01398-5,10.1186_s12964-023-01398-5.pdf,6,0,"Biochemistry, Genetics and Molecular Biology/10.1186_s12964-023-01398-5/crops/10.1186_s12964-023-01398-5__1e924ca7__p006__b00.png",yes,rainbow_gradient,n/a,model,,,,
10.1186_s12964-023-01398-5__1e924ca7__p007__b00,10.1186_s12964-023-01398-5__1e924ca7__p007__b00,10.1186_s12964-023-01398-5,10.1186_s12964-023-01398-5.pdf,7,0,"Biochemistry, Genetics and Molecular Biology/10.1186_s12964-023-01398-5/crops/10.1186_s12964-023-01398-5__1e924ca7__p007__b00.png",yes,discrete,problematic,model,PROBLEMATIC,0.476,4,"V4 score=0.476 (thr=0.16, cluster_loss=0); komponenten: pair=0.48 + cluster_loss=0.00 + complexity=0.00 + cvd=0.00 + legend=0.00; 3 kollabierte Paare; RGB(242, 240, 236) vs RGB(243, 220, 181) (ΔE00=13.65, ΔL*=6.41, adj=1.00, leg=True); RGB(242, 240, 236) vs RGB(199, 215, 227) (ΔE00=11.19, ΔL*=9.81, "
10.1186_s12964-023-01398-5__1e924ca7__p010__b00,10.1186_s12964-023-01398-5__1e924ca7__p010__b00,10.1186_s12964-023-01398-5,10.1186_s12964-023-01398-5.pdf,10,0,"Biochemistry, Genetics and Molecular Biology/10.1186_s12964-023-01398-5/crops/10.1186_s12964-023-01398-5__1e924ca7__p010__b00.png",yes,discrete,accessible,model,ACCESSIBLE,0.0,1,Nach Spatial-Filter < 2 Farbregionen (1).
10.1186_s12964-023-01398-5__1e924ca7__p011__b00,10.1186_s12964-023-01398-5__1e924ca7__p011__b00,10.1186_s12964-023-01398-5,10.1186_s12964-023-01398-5.pdf,11,0,"Biochemistry, Genetics and Molecular Biology/10.1186_s12964-023-01398-5/crops/10.1186_s12964-023-01398-5__1e924ca7__p011__b00.png",yes,discrete,accessible,model,ACCESSIBLE,0.0,0,Zu wenige chromatische Pixel (0) — keine Farbcodierung.
10.3389_fmicb.2024.1374466__49792b8d__p003__b00,10.3389_fmicb.2024.1374466__49792b8d__p003__b00,10.3389_fmicb.2024.1374466,10.3389_fmicb.2024.1374466.pdf,3,0,"Biochemistry, Genetics and Molecular Biology/10.3389_fmicb.2024.1374466/crops/10.3389_fmicb.2024.1374466__49792b8d__p003__b00.png",yes,discrete,problematic,model,PROBLEMATIC,0.313,6,"V4 score=0.313 (thr=0.16, cluster_loss=0); komponenten: pair=0.23 + cluster_loss=0.00 + complexity=0.08 + cvd=0.00 + legend=0.00; 2 kollabierte Paare; RGB(233, 220, 193) vs RGB(244, 217, 234) (ΔE00=21.42, ΔL*=1.14, adj=1.00, leg=True); RGB(244, 217, 234) vs RGB(239, 238, 220) (ΔE00=22.41, ΔL*=4.37, "
10.3389_fmicb.2024.1374466__49792b8d__p005__b00,10.3389_fmicb.2024.1374466__49792b8d__p005__b00,10.3389_fmicb.2024.1374466,10.3389_fmicb.2024.1374466.pdf,5,0,"Biochemistry, Genetics and Molecular Biology/10.3389_fmicb.2024.1374466/crops/10.3389_fmicb.2024.1374466__49792b8d__p005__b00.png",yes,rainbow_gradient,n/a,model,,,,
10.3389_fmicb.2024.1374466__49792b8d__p005__b01,10.3389_fmicb.2024.1374466__49792b8d__p005__b01,10.3389_fmicb.2024.1374466,10.3389_fmicb.2024.1374466.pdf,5,1,"Biochemistry, Genetics and Molecular Biology/10.3389_fmicb.2024.1374466/crops/10.3389_fmicb.2024.1374466__49792b8d__p005__b01.png",yes,rainbow_gradient,n/a,model,,,,
10.3389_fmicb.2024.1374466__49792b8d__p007__b00,10.3389_fmicb.2024.1374466__49792b8d__p007__b00,10.3389_fmicb.2024.1374466,10.3389_fmicb.2024.1374466.pdf,7,0,"Biochemistry, Genetics and Molecular Biology/10.3389_fmicb.2024.1374466/crops/10.3389_fmicb.2024.1374466__49792b8d__p007__b00.png",yes,discrete,problematic,model,PROBLEMATIC,0.386,5,"V4 score=0.386 (thr=0.16, cluster_loss=0); komponenten: pair=0.35 + cluster_loss=0.00 + complexity=0.04 + cvd=0.00 + legend=0.00; 2 kollabierte Paare; RGB(222, 213, 227) vs RGB(239, 226, 184) (ΔE00=23.82, ΔL*=3.52, adj=1.00, leg=True); RGB(124, 154, 206) vs RGB(169, 124, 62) (ΔE00=40.53, ΔL*=7.73, a"
10.3389_fmicb.2024.1374466__49792b8d__p007__b01,10.3389_fmicb.2024.1374466__49792b8d__p007__b01,10.3389_fmicb.2024.1374466,10.3389_fmicb.2024.1374466.pdf,7,1,"Biochemistry, Genetics and Molecular Biology/10.3389_fmicb.2024.1374466/crops/10.3389_fmicb.2024.1374466__49792b8d__p007__b01.png",yes,discrete,problematic,model,PROBLEMATIC,0.174,7,"V4 score=0.174 (thr=0.16, cluster_loss=0); komponenten: pair=0.05 + cluster_loss=0.00 + complexity=0.12 + cvd=0.00 + legend=0.00; 1 kollabierte Paare; RGB(21, 84, 137) vs RGB(48, 64, 103) (ΔE00=10.26, ΔL*=7.06, adj=1.00, leg=True)"
10.3389_fmicb.2024.1374466__49792b8d__p012__b00,10.3389_fmicb.2024.1374466__49792b8d__p012__b00,10.3389_fmicb.2024.1374466,10.3389_fmicb.2024.1374466.pdf,12,0,"Biochemistry, Genetics and Molecular Biology/10.3389_fmicb.2024.1374466/crops/10.3389_fmicb.2024.1374466__49792b8d__p012__b00.png",yes,rainbow_gradient,n/a,model,,,,
10.1016_j.joule.2024.02.021__84f4c926__p001__b00,10.1016_j.joule.2024.02.021__84f4c926__p001__b00,10.1016_j.joule.2024.02.021,10.1016_j.joule.2024.02.021.pdf,1,0,Chemical Engineering/10.1016_j.joule.2024.02.021/crops/10.1016_j.joule.2024.02.021__84f4c926__p001__b00.png,yes,rainbow_gradient,n/a,model,,,,
10.1016_j.joule.2024.02.021__84f4c926__p003__b00,10.1016_j.joule.2024.02.021__84f4c926__p003__b00,10.1016_j.joule.2024.02.021,10.1016_j.joule.2024.02.021.pdf,3,0,Chemical Engineering/10.1016_j.joule.2024.02.021/crops/10.1016_j.joule.2024.02.021__84f4c926__p003__b00.png,yes,discrete,problematic,model,PROBLEMATIC,0.336,4,"V4 score=0.336 (thr=0.06, cluster_loss=1); komponenten: pair=0.30 + cluster_loss=0.04 + complexity=0.00 + cvd=0.00 + legend=0.00; 3 kollabierte Paare; RGB(207, 219, 239) vs RGB(211, 236, 187) (ΔE00=27.34, ΔL*=3.39, adj=0.30, leg=False); RGB(185, 204, 234) vs RGB(144, 209, 82) (ΔE00=42.77, ΔL*=4.43, "
10.1016_j.joule.2024.02.021__84f4c926__p003__b01,10.1016_j.joule.2024.02.021__84f4c926__p003__b01,10.1016_j.joule.2024.02.021,10.1016_j.joule.2024.02.021.pdf,3,1,Chemical Engineering/10.1016_j.joule.2024.02.021/crops/10.1016_j.joule.2024.02.021__84f4c926__p003__b01.png,yes,discrete,accessible,model,ACCESSIBLE,0.15,4,"V4 score=0.150 (thr=0.16, cluster_loss=0); komponenten: pair=0.15 + cluster_loss=0.00 + complexity=0.00 + cvd=0.00 + legend=0.00; 1 kollabierte Paare; RGB(138, 189, 109) vs RGB(144, 162, 185) (ΔE00=35.31, ΔL*=5.34, adj=1.00, leg=True)"
10.1016_j.joule.2024.02.021__84f4c926__p004__b00,10.1016_j.joule.2024.02.021__84f4c926__p004__b00,10.1016_j.joule.2024.02.021,10.1016_j.joule.2024.02.021.pdf,4,0,Chemical Engineering/10.1016_j.joule.2024.02.021/crops/10.1016_j.joule.2024.02.021__84f4c926__p004__b00.png,yes,discrete,accessible,model,ACCESSIBLE,0.0,3,"V4 score=0.000 (thr=0.16); kein Pair kollabiert; globaler cluster_loss=0, n_color=3, komponenten: pair=0.00 + cluster_loss=0.00 + complexity=0.00 + cvd=0.00 + legend=0.00"
10.1016_j.joule.2024.02.021__84f4c926__p007__b00,10.1016_j.joule.2024.02.021__84f4c926__p007__b00,10.1016_j.joule.2024.02.021,10.1016_j.joule.2024.02.021.pdf,7,0,Chemical Engineering/10.1016_j.joule.2024.02.021/crops/10.1016_j.joule.2024.02.021__84f4c926__p007__b00.png,yes,discrete,accessible,model,ACCESSIBLE,0.04,5,"V4 score=0.040 (thr=0.16); kein Pair kollabiert; globaler cluster_loss=0, n_color=5, komponenten: pair=0.00 + cluster_loss=0.00 + complexity=0.04 + cvd=0.00 + legend=0.00"
10.1016_j.joule.2024.02.021__84f4c926__p007__b01,10.1016_j.joule.2024.02.021__84f4c926__p007__b01,10.1016_j.joule.2024.02.021,10.1016_j.joule.2024.02.021.pdf,7,1,Chemical Engineering/10.1016_j.joule.2024.02.021/crops/10.1016_j.joule.2024.02.021__84f4c926__p007__b01.png,yes,discrete,accessible,model,ACCESSIBLE,0.0,3,"V4 score=0.000 (thr=0.08); kein Pair kollabiert; globaler cluster_loss=0, n_color=3, komponenten: pair=0.00 + cluster_loss=0.00 + complexity=0.00 + cvd=0.00 + legend=0.00"
10.1016_j.joule.2024.02.021__84f4c926__p007__b02,10.1016_j.joule.2024.02.021__84f4c926__p007__b02,10.1016_j.joule.2024.02.021,10.1016_j.joule.2024.02.021.pdf,7,2,Chemical Engineering/10.1016_j.joule.2024.02.021/crops/10.1016_j.joule.2024.02.021__84f4c926__p007__b02.png,yes,discrete,problematic,model,PROBLEMATIC,0.248,4,"V4 score=0.248 (thr=0.08, cluster_loss=0); komponenten: pair=0.25 + cluster_loss=0.00 + complexity=0.00 + cvd=0.00 + legend=0.00; 2 kollabierte Paare; RGB(0, 175, 80) vs RGB(187, 148, 255) (ΔE00=51.63, ΔL*=6.2, adj=0.00, leg=False); RGB(0, 175, 80) vs RGB(251, 3, 2) (ΔE00=75.46, ΔL*=9.98, adj=1.00, "
10.1016_j.joule.2024.02.021__84f4c926__p007__b03,10.1016_j.joule.2024.02.021__84f4c926__p007__b03,10.1016_j.joule.2024.02.021,10.1016_j.joule.2024.02.021.pdf,7,3,Chemical Engineering/10.1016_j.joule.2024.02.021/crops/10.1016_j.joule.2024.02.021__84f4c926__p007__b03.png,yes,discrete,problematic,model,PROBLEMATIC,0.083,5,"V4 score=0.083 (thr=0.08, cluster_loss=0); komponenten: pair=0.04 + cluster_loss=0.00 + complexity=0.04 + cvd=0.00 + legend=0.00; 1 kollabierte Paare; RGB(253, 192, 10) vs RGB(0, 214, 97) (ΔE00=38.95, ΔL*=5.8, adj=1.00, leg=True)"
10.1016_j.joule.2024.02.021__84f4c926__p007__b04,10.1016_j.joule.2024.02.021__84f4c926__p007__b04,10.1016_j.joule.2024.02.021,10.1016_j.joule.2024.02.021.pdf,7,4,Chemical Engineering/10.1016_j.joule.2024.02.021/crops/10.1016_j.joule.2024.02.021__84f4c926__p007__b04.png,yes,discrete,problematic,model,PROBLEMATIC,0.325,4,"V4 score=0.325 (thr=0.06, cluster_loss=1); komponenten: pair=0.28 + cluster_loss=0.04 + complexity=0.00 + cvd=0.00 + legend=0.00; 1 kollabierte Paare; RGB(252, 8, 7) vs RGB(0, 175, 82) (ΔE00=75.54, ΔL*=9.84, adj=1.00, leg=True)"
10.1016_j.joule.2024.02.021__84f4c926__p009__b00,10.1016_j.joule.2024.02.021__84f4c926__p009__b00,10.1016_j.joule.2024.02.021,10.1016_j.joule.2024.02.021.pdf,9,0,Chemical Engineering/10.1016_j.joule.2024.02.021/crops/10.1016_j.joule.2024.02.021__84f4c926__p009__b00.png,yes,safe_gradient,n/a,model,,,,
10.1016_j.joule.2024.02.021__84f4c926__p009__b01,10.1016_j.joule.2024.02.021__84f4c926__p009__b01,10.1016_j.joule.2024.02.021,10.1016_j.joule.2024.02.021.pdf,9,1,Chemical Engineering/10.1016_j.joule.2024.02.021/crops/10.1016_j.joule.2024.02.021__84f4c926__p009__b01.png,yes,rainbow_gradient,n/a,model,,,,
10.1016_j.joule.2024.02.021__84f4c926__p011__b00,10.1016_j.joule.2024.02.021__84f4c926__p011__b00,10.1016_j.joule.2024.02.021,10.1016_j.joule.2024.02.021.pdf,11,0,Chemical Engineering/10.1016_j.joule.2024.02.021/crops/10.1016_j.joule.2024.02.021__84f4c926__p011__b00.png,yes,discrete,problematic,model,PROBLEMATIC,0.631,7,"V4 score=0.631 (thr=0.16, cluster_loss=0); komponenten: pair=0.43 + cluster_loss=0.00 + complexity=0.20 + cvd=0.00 + legend=0.00; 4 kollabierte Paare; RGB(97, 112, 140) vs RGB(101, 140, 168) (ΔE00=11.74, ΔL*=9.37, adj=1.00, leg=True); RGB(177, 199, 232) vs RGB(245, 205, 27) (ΔE00=44.13, ΔL*=4.02, ad"
10.1016_j.joule.2024.02.021__84f4c926__p011__b01,10.1016_j.joule.2024.02.021__84f4c926__p011__b01,10.1016_j.joule.2024.02.021,10.1016_j.joule.2024.02.021.pdf,11,1,Chemical Engineering/10.1016_j.joule.2024.02.021/crops/10.1016_j.joule.2024.02.021__84f4c926__p011__b01.png,yes,discrete,accessible,model,ACCESSIBLE,0.12,4,"V4 score=0.120 (thr=0.16, cluster_loss=0); komponenten: pair=0.12 + cluster_loss=0.00 + complexity=0.00 + cvd=0.00 + legend=0.00; 1 kollabierte Paare; RGB(126, 211, 185) vs RGB(131, 208, 119) (ΔE00=14.78, ΔL*=1.98, adj=1.00, leg=True)"
10.1186_s11671-024-04159-6__9917a6fa__p005__b00,10.1186_s11671-024-04159-6__9917a6fa__p005__b00,10.1186_s11671-024-04159-6,10.1186_s11671-024-04159-6.pdf,5,0,Chemical Engineering/10.1186_s11671-024-04159-6/crops/10.1186_s11671-024-04159-6__9917a6fa__p005__b00.png,yes,discrete,problematic,model,PROBLEMATIC,0.233,3,"V4 score=0.233 (thr=0.06, cluster_loss=1); komponenten: pair=0.13 + cluster_loss=0.04 + complexity=0.00 + cvd=0.06 + legend=0.00; 1 kollabierte Paare; RGB(178, 214, 178) vs RGB(252, 178, 180) (ΔE00=41.02, ΔL*=2.86, adj=0.30, leg=False)"
10.1186_s11671-024-04159-6__9917a6fa__p006__b00,10.1186_s11671-024-04159-6__9917a6fa__p006__b00,10.1186_s11671-024-04159-6,10.1186_s11671-024-04159-6.pdf,6,0,Chemical Engineering/10.1186_s11671-024-04159-6/crops/10.1186_s11671-024-04159-6__9917a6fa__p006__b00.png,yes,discrete,accessible,model,ACCESSIBLE,0.0,0,Zu wenige chromatische Pixel (0) — keine Farbcodierung.
10.1186_s11671-024-04159-6__9917a6fa__p006__b01,10.1186_s11671-024-04159-6__9917a6fa__p006__b01,10.1186_s11671-024-04159-6,10.1186_s11671-024-04159-6.pdf,6,1,Chemical Engineering/10.1186_s11671-024-04159-6/crops/10.1186_s11671-024-04159-6__9917a6fa__p006__b01.png,yes,discrete,problematic,model,PROBLEMATIC,0.492,7,"V4 score=0.492 (thr=0.16, cluster_loss=0); komponenten: pair=0.33 + cluster_loss=0.00 + complexity=0.16 + cvd=0.00 + legend=0.00; 4 kollabierte Paare; RGB(244, 29, 30) vs RGB(247, 103, 102) (ΔE00=13.11, ΔL*=9.83, adj=1.00, leg=True); RGB(244, 29, 30) vs RGB(90, 93, 248) (ΔE00=46.22, ΔL*=4.19, adj=1."
10.1186_s11671-024-04159-6__9917a6fa__p007__b00,10.1186_s11671-024-04159-6__9917a6fa__p007__b00,10.1186_s11671-024-04159-6,10.1186_s11671-024-04159-6.pdf,7,0,Chemical Engineering/10.1186_s11671-024-04159-6/crops/10.1186_s11671-024-04159-6__9917a6fa__p007__b00.png,yes,discrete,accessible,model,ACCESSIBLE,0.0,1,Fast-Path: nur 1 Farb- / 1 Grayscale-Cluster.
10.1186_s11671-024-04159-6__9917a6fa__p009__b00,10.1186_s11671-024-04159-6__9917a6fa__p009__b00,10.1186_s11671-024-04159-6,10.1186_s11671-024-04159-6.pdf,9,0,Chemical Engineering/10.1186_s11671-024-04159-6/crops/10.1186_s11671-024-04159-6__9917a6fa__p009__b00.png,yes,discrete,accessible,model,ACCESSIBLE,0.04,2,"V4 score=0.040 (thr=0.16); kein Pair kollabiert; globaler cluster_loss=0, n_color=5, komponenten: pair=0.00 + cluster_loss=0.00 + complexity=0.04 + cvd=0.00 + legend=0.00"
10.1186_s11671-024-04159-6__9917a6fa__p009__b01,10.1186_s11671-024-04159-6__9917a6fa__p009__b01,10.1186_s11671-024-04159-6,10.1186_s11671-024-04159-6.pdf,9,1,Chemical Engineering/10.1186_s11671-024-04159-6/crops/10.1186_s11671-024-04159-6__9917a6fa__p009__b01.png,yes,discrete,accessible,model,ACCESSIBLE,0.0,1,Fast-Path: nur 1 Farb- / 1 Grayscale-Cluster.
10.1186_s11671-024-04159-6__9917a6fa__p010__b00,10.1186_s11671-024-04159-6__9917a6fa__p010__b00,10.1186_s11671-024-04159-6,10.1186_s11671-024-04159-6.pdf,10,0,Chemical Engineering/10.1186_s11671-024-04159-6/crops/10.1186_s11671-024-04159-6__9917a6fa__p010__b00.png,yes,rainbow_gradient,n/a,model,,,,
10.1186_s11671-024-04159-6__9917a6fa__p011__b00,10.1186_s11671-024-04159-6__9917a6fa__p011__b00,10.1186_s11671-024-04159-6,10.1186_s11671-024-04159-6.pdf,11,0,Chemical Engineering/10.1186_s11671-024-04159-6/crops/10.1186_s11671-024-04159-6__9917a6fa__p011__b00.png,yes,discrete,accessible,model,ACCESSIBLE,0.0,0,Zu wenige chromatische Pixel (0) — keine Farbcodierung.
10.1186_s11671-024-04159-6__9917a6fa__p012__b00,10.1186_s11671-024-04159-6__9917a6fa__p012__b00,10.1186_s11671-024-04159-6,10.1186_s11671-024-04159-6.pdf,12,0,Chemical Engineering/10.1186_s11671-024-04159-6/crops/10.1186_s11671-024-04159-6__9917a6fa__p012__b00.png,yes,discrete,accessible,model,ACCESSIBLE,0.0,2,Fast-Path: nur 2 Farb- / 2 Grayscale-Cluster.
10.1186_s11671-024-04159-6__9917a6fa__p012__b01,10.1186_s11671-024-04159-6__9917a6fa__p012__b01,10.1186_s11671-024-04159-6,10.1186_s11671-024-04159-6.pdf,12,1,Chemical Engineering/10.1186_s11671-024-04159-6/crops/10.1186_s11671-024-04159-6__9917a6fa__p012__b01.png,yes,discrete,accessible,model,ACCESSIBLE,0.0,2,Fast-Path: nur 2 Farb- / 2 Grayscale-Cluster.
10.1186_s11671-024-04159-6__9917a6fa__p013__b00,10.1186_s11671-024-04159-6__9917a6fa__p013__b00,10.1186_s11671-024-04159-6,10.1186_s11671-024-04159-6.pdf,13,0,Chemical Engineering/10.1186_s11671-024-04159-6/crops/10.1186_s11671-024-04159-6__9917a6fa__p013__b00.png,yes,discrete,accessible,model,ACCESSIBLE,0.0,2,Fast-Path: nur 2 Farb- / 2 Grayscale-Cluster.
10.1186_s11671-024-04159-6__9917a6fa__p014__b00,10.1186_s11671-024-04159-6__9917a6fa__p014__b00,10.1186_s11671-024-04159-6,10.1186_s11671-024-04159-6.pdf,14,0,Chemical Engineering/10.1186_s11671-024-04159-6/crops/10.1186_s11671-024-04159-6__9917a6fa__p014__b00.png,yes,discrete,problematic,model,PROBLEMATIC,0.335,7,"V4 score=0.335 (thr=0.16, cluster_loss=0); komponenten: pair=0.17 + cluster_loss=0.00 + complexity=0.16 + cvd=0.00 + legend=0.00; 3 kollabierte Paare; RGB(247, 18, 21) vs RGB(101, 102, 247) (ΔE00=46.6, ΔL*=1.75, adj=1.00, leg=True); RGB(249, 158, 156) vs RGB(145, 150, 251) (ΔE00=33.39, ΔL*=8.56, adj"
10.1186_s11671-024-04159-6__9917a6fa__p014__b01,10.1186_s11671-024-04159-6__9917a6fa__p014__b01,10.1186_s11671-024-04159-6,10.1186_s11671-024-04159-6.pdf,14,1,Chemical Engineering/10.1186_s11671-024-04159-6/crops/10.1186_s11671-024-04159-6__9917a6fa__p014__b01.png,yes,safe_gradient,n/a,model,,,,
10.1186_s11671-024-04159-6__9917a6fa__p015__b00,10.1186_s11671-024-04159-6__9917a6fa__p015__b00,10.1186_s11671-024-04159-6,10.1186_s11671-024-04159-6.pdf,15,0,Chemical Engineering/10.1186_s11671-024-04159-6/crops/10.1186_s11671-024-04159-6__9917a6fa__p015__b00.png,yes,discrete,problematic,model,PROBLEMATIC,0.486,7,"V4 score=0.486 (thr=0.16, cluster_loss=0); komponenten: pair=0.19 + cluster_loss=0.00 + complexity=0.24 + cvd=0.06 + legend=0.00; 2 kollabierte Paare; RGB(8, 130, 17) vs RGB(250, 24, 23) (ΔE00=71.5, ΔL*=5.51, adj=1.00, leg=True); RGB(106, 181, 110) vs RGB(248, 110, 109) (ΔE00=61.39, ΔL*=3.62, adj=1."
10.1186_s11671-024-04159-6__9917a6fa__p015__b01,10.1186_s11671-024-04159-6__9917a6fa__p015__b01,10.1186_s11671-024-04159-6,10.1186_s11671-024-04159-6.pdf,15,1,Chemical Engineering/10.1186_s11671-024-04159-6/crops/10.1186_s11671-024-04159-6__9917a6fa__p015__b01.png,yes,discrete,accessible,model,ACCESSIBLE,0.0,4,"V4 score=0.000 (thr=0.16); kein Pair kollabiert; globaler cluster_loss=0, n_color=4, komponenten: pair=0.00 + cluster_loss=0.00 + complexity=0.00 + cvd=0.00 + legend=0.00"
10.1038_s41545-024-00408-4__88becbc2__p002__b00,10.1038_s41545-024-00408-4__88becbc2__p002__b00,10.1038_s41545-024-00408-4,10.1038_s41545-024-00408-4.pdf,2,0,Chemistry/10.1038_s41545-024-00408-4/crops/10.1038_s41545-024-00408-4__88becbc2__p002__b00.png,yes,discrete,problematic,model,PROBLEMATIC,0.289,6,"V4 score=0.289 (thr=0.06, cluster_loss=3); komponenten: pair=0.09 + cluster_loss=0.12 + complexity=0.08 + cvd=0.00 + legend=0.00; 5 kollabierte Paare; RGB(254, 232, 155) vs RGB(189, 215, 237) (ΔE00=35.0, ΔL*=7.17, adj=0.00, leg=False); RGB(254, 232, 155) vs RGB(197, 225, 182) (ΔE00=16.32, ΔL*=5.21, "
10.1038_s41545-024-00408-4__88becbc2__p003__b00,10.1038_s41545-024-00408-4__88becbc2__p003__b00,10.1038_s41545-024-00408-4,10.1038_s41545-024-00408-4.pdf,3,0,Chemistry/10.1038_s41545-024-00408-4/crops/10.1038_s41545-024-00408-4__88becbc2__p003__b00.png,yes,rainbow_gradient,n/a,model,,,,
10.1038_s41545-024-00408-4__88becbc2__p003__b01,10.1038_s41545-024-00408-4__88becbc2__p003__b01,10.1038_s41545-024-00408-4,10.1038_s41545-024-00408-4.pdf,3,1,Chemistry/10.1038_s41545-024-00408-4/crops/10.1038_s41545-024-00408-4__88becbc2__p003__b01.png,yes,rainbow_gradient,n/a,model,,,,
10.1038_s41545-024-00408-4__88becbc2__p003__b02,10.1038_s41545-024-00408-4__88becbc2__p003__b02,10.1038_s41545-024-00408-4,10.1038_s41545-024-00408-4.pdf,3,2,Chemistry/10.1038_s41545-024-00408-4/crops/10.1038_s41545-024-00408-4__88becbc2__p003__b02.png,yes,discrete,problematic,model,PROBLEMATIC,0.264,7,"V4 score=0.264 (thr=0.08, cluster_loss=0); komponenten: pair=0.14 + cluster_loss=0.00 + complexity=0.12 + cvd=0.00 + legend=0.00; 2 kollabierte Paare; RGB(211, 165, 160) vs RGB(161, 160, 155) (ΔE00=18.41, ΔL*=5.67, adj=1.00, leg=True); RGB(79, 88, 98) vs RGB(105, 111, 111) (ΔE00=10.17, ΔL*=9.67, adj"
10.1038_s41545-024-00408-4__88becbc2__p009__b00,10.1038_s41545-024-00408-4__88becbc2__p009__b00,10.1038_s41545-024-00408-4,10.1038_s41545-024-00408-4.pdf,9,0,Chemistry/10.1038_s41545-024-00408-4/crops/10.1038_s41545-024-00408-4__88becbc2__p009__b00.png,yes,rainbow_gradient,n/a,model,,,,
10.1038_s41545-024-00408-4__88becbc2__p011__b00,10.1038_s41545-024-00408-4__88becbc2__p011__b00,10.1038_s41545-024-00408-4,10.1038_s41545-024-00408-4.pdf,11,0,Chemistry/10.1038_s41545-024-00408-4/crops/10.1038_s41545-024-00408-4__88becbc2__p011__b00.png,yes,discrete,problematic,model,PROBLEMATIC,1.0,8,"V4 score=1.000 (thr=0.08, cluster_loss=0); komponenten: pair=0.86 + cluster_loss=0.00 + complexity=0.24 + cvd=0.00 + legend=0.00; 9 kollabierte Paare; RGB(17, 91, 161) vs RGB(173, 51, 51) (ΔE00=41.16, ΔL*=2.23, adj=1.00, leg=True); RGB(17, 91, 161) vs RGB(190, 2, 5) (ΔE00=45.83, ΔL*=1.75, adj=1.00, "
10.1038_s41545-024-00408-4__88becbc2__p011__b01,10.1038_s41545-024-00408-4__88becbc2__p011__b01,10.1038_s41545-024-00408-4,10.1038_s41545-024-00408-4.pdf,11,1,Chemistry/10.1038_s41545-024-00408-4/crops/10.1038_s41545-024-00408-4__88becbc2__p011__b01.png,yes,discrete,problematic,model,PROBLEMATIC,1.0,8,"V4 score=1.000 (thr=0.06, cluster_loss=3); komponenten: pair=0.66 + cluster_loss=0.12 + complexity=0.24 + cvd=0.00 + legend=0.00; 7 kollabierte Paare; RGB(9, 92, 164) vs RGB(190, 2, 5) (ΔE00=46.16, ΔL*=1.35, adj=1.00, leg=True); RGB(9, 92, 164) vs RGB(173, 51, 51) (ΔE00=41.59, ΔL*=2.08, adj=1.00, le"
10.1038_s41550-024-02410-9__f78d03dc__p002__b00,10.1038_s41550-024-02410-9__f78d03dc__p002__b00,10.1038_s41550-024-02410-9,10.1038_s41550-024-02410-9.pdf,2,0,Chemistry/10.1038_s41550-024-02410-9/crops/10.1038_s41550-024-02410-9__f78d03dc__p002__b00.png,yes,discrete,problematic,model,PROBLEMATIC,1.0,3,"V4 score=1.000 (thr=0.06, cluster_loss=2); komponenten: pair=0.77 + cluster_loss=0.08 + complexity=0.28 + cvd=0.00 + legend=0.00; 3 kollabierte Paare; RGB(227, 100, 164) vs RGB(143, 125, 240) (ΔE00=24.16, ΔL*=1.21, adj=1.00, leg=True); RGB(227, 100, 164) vs RGB(136, 164, 252) (ΔE00=32.24, ΔL*=8.54, "
10.1038_s41550-024-02410-9__f78d03dc__p003__b00,10.1038_s41550-024-02410-9__f78d03dc__p003__b00,10.1038_s41550-024-02410-9,10.1038_s41550-024-02410-9.pdf,3,0,Chemistry/10.1038_s41550-024-02410-9/crops/10.1038_s41550-024-02410-9__f78d03dc__p003__b00.png,yes,discrete,accessible,model,ACCESSIBLE,0.08,2,"V4 score=0.080 (thr=0.16); kein Pair kollabiert; globaler cluster_loss=0, n_color=6, komponenten: pair=0.00 + cluster_loss=0.00 + complexity=0.08 + cvd=0.00 + legend=0.00"
10.1038_s41550-024-02410-9__f78d03dc__p003__b01,10.1038_s41550-024-02410-9__f78d03dc__p003__b01,10.1038_s41550-024-02410-9,10.1038_s41550-024-02410-9.pdf,3,1,Chemistry/10.1038_s41550-024-02410-9/crops/10.1038_s41550-024-02410-9__f78d03dc__p003__b01.png,yes,discrete,problematic,model,PROBLEMATIC,0.2,4,"V4 score=0.200 (thr=0.06); kein Pair kollabiert; globaler cluster_loss=1, n_color=8, komponenten: pair=0.00 + cluster_loss=0.04 + complexity=0.16 + cvd=0.00 + legend=0.00"
10.1038_s41550-024-02410-9__f78d03dc__p003__b02,10.1038_s41550-024-02410-9__f78d03dc__p003__b02,10.1038_s41550-024-02410-9,10.1038_s41550-024-02410-9.pdf,3,2,Chemistry/10.1038_s41550-024-02410-9/crops/10.1038_s41550-024-02410-9__f78d03dc__p003__b02.png,yes,discrete,problematic,model,PROBLEMATIC,0.12,2,"V4 score=0.120 (thr=0.06); kein Pair kollabiert; globaler cluster_loss=1, n_color=6, komponenten: pair=0.00 + cluster_loss=0.04 + complexity=0.08 + cvd=0.00 + legend=0.00"
10.1038_s41550-024-02410-9__f78d03dc__p003__b03,10.1038_s41550-024-02410-9__f78d03dc__p003__b03,10.1038_s41550-024-02410-9,10.1038_s41550-024-02410-9.pdf,3,3,Chemistry/10.1038_s41550-024-02410-9/crops/10.1038_s41550-024-02410-9__f78d03dc__p003__b03.png,yes,discrete,accessible,model,ACCESSIBLE,0.04,3,"V4 score=0.040 (thr=0.16); kein Pair kollabiert; globaler cluster_loss=0, n_color=5, komponenten: pair=0.00 + cluster_loss=0.00 + complexity=0.04 + cvd=0.00 + legend=0.00"
10.1038_s41550-024-02410-9__f78d03dc__p004__b00,10.1038_s41550-024-02410-9__f78d03dc__p004__b00,10.1038_s41550-024-02410-9,10.1038_s41550-024-02410-9.pdf,4,0,Chemistry/10.1038_s41550-024-02410-9/crops/10.1038_s41550-024-02410-9__f78d03dc__p004__b00.png,yes,safe_gradient,n/a,model,,,,
10.1038_s41550-024-02410-9__f78d03dc__p004__b01,10.1038_s41550-024-02410-9__f78d03dc__p004__b01,10.1038_s41550-024-02410-9,10.1038_s41550-024-02410-9.pdf,4,1,Chemistry/10.1038_s41550-024-02410-9/crops/10.1038_s41550-024-02410-9__f78d03dc__p004__b01.png,yes,safe_gradient,n/a,model,,,,
10.1038_s41557-023-01428-2__2fd33697__p002__b00,10.1038_s41557-023-01428-2__2fd33697__p002__b00,10.1038_s41557-023-01428-2,10.1038_s41557-023-01428-2.pdf,2,0,Chemistry/10.1038_s41557-023-01428-2/crops/10.1038_s41557-023-01428-2__2fd33697__p002__b00.png,yes,discrete,accessible,model,ACCESSIBLE,0.12,2,"V4 score=0.120 (thr=0.16); kein Pair kollabiert; globaler cluster_loss=0, n_color=7, komponenten: pair=0.00 + cluster_loss=0.00 + complexity=0.12 + cvd=0.00 + legend=0.00"
10.1038_s41557-023-01428-2__2fd33697__p004__b00,10.1038_s41557-023-01428-2__2fd33697__p004__b00,10.1038_s41557-023-01428-2,10.1038_s41557-023-01428-2.pdf,4,0,Chemistry/10.1038_s41557-023-01428-2/crops/10.1038_s41557-023-01428-2__2fd33697__p004__b00.png,yes,discrete,problematic,model,PROBLEMATIC,0.194,4,"V4 score=0.194 (thr=0.16, cluster_loss=0); komponenten: pair=0.03 + cluster_loss=0.00 + complexity=0.16 + cvd=0.00 + legend=0.00; 1 kollabierte Paare; RGB(184, 19, 34) vs RGB(34, 74, 114) (ΔE00=41.62, ΔL*=8.44, adj=1.00, leg=True)"
10.1038_s41557-023-01428-2__2fd33697__p004__b01,10.1038_s41557-023-01428-2__2fd33697__p004__b01,10.1038_s41557-023-01428-2,10.1038_s41557-023-01428-2.pdf,4,1,Chemistry/10.1038_s41557-023-01428-2/crops/10.1038_s41557-023-01428-2__2fd33697__p004__b01.png,yes,discrete,problematic,model,PROBLEMATIC,0.266,5,"V4 score=0.266 (thr=0.16, cluster_loss=0); komponenten: pair=0.03 + cluster_loss=0.00 + complexity=0.24 + cvd=0.00 + legend=0.00; 1 kollabierte Paare; RGB(184, 19, 34) vs RGB(33, 73, 113) (ΔE00=41.61, ΔL*=8.7, adj=1.00, leg=True)"
10.1038_s41557-023-01428-2__2fd33697__p005__b00,10.1038_s41557-023-01428-2__2fd33697__p005__b00,10.1038_s41557-023-01428-2,10.1038_s41557-023-01428-2.pdf,5,0,Chemistry/10.1038_s41557-023-01428-2/crops/10.1038_s41557-023-01428-2__2fd33697__p005__b00.png,yes,discrete,problematic,model,PROBLEMATIC,0.32,5,"V4 score=0.320 (thr=0.16); kein Pair kollabiert; globaler cluster_loss=0, n_color=12, komponenten: pair=0.00 + cluster_loss=0.00 + complexity=0.32 + cvd=0.00 + legend=0.00"
10.1038_s41557-023-01428-2__2fd33697__p006__b00,10.1038_s41557-023-01428-2__2fd33697__p006__b00,10.1038_s41557-023-01428-2,10.1038_s41557-023-01428-2.pdf,6,0,Chemistry/10.1038_s41557-023-01428-2/crops/10.1038_s41557-023-01428-2__2fd33697__p006__b00.png,yes,discrete,accessible,model,ACCESSIBLE,0.0,0,Nach Spatial-Filter < 2 Farbregionen (0).
10.1038_s41557-023-01428-2__2fd33697__p006__b01,10.1038_s41557-023-01428-2__2fd33697__p006__b01,10.1038_s41557-023-01428-2,10.1038_s41557-023-01428-2.pdf,6,1,Chemistry/10.1038_s41557-023-01428-2/crops/10.1038_s41557-023-01428-2__2fd33697__p006__b01.png,yes,discrete,accessible,model,ACCESSIBLE,0.0,1,Nach Spatial-Filter < 2 Farbregionen (1).
10.1038_s41557-023-01428-2__2fd33697__p006__b02,10.1038_s41557-023-01428-2__2fd33697__p006__b02,10.1038_s41557-023-01428-2,10.1038_s41557-023-01428-2.pdf,6,2,Chemistry/10.1038_s41557-023-01428-2/crops/10.1038_s41557-023-01428-2__2fd33697__p006__b02.png,yes,discrete,accessible,model,ACCESSIBLE,0.0,2,"V4 score=0.000 (thr=0.16); kein Pair kollabiert; globaler cluster_loss=0, n_color=4, komponenten: pair=0.00 + cluster_loss=0.00 + complexity=0.00 + cvd=0.00 + legend=0.00"
10.1038_s41929-024-01130-7__c8a2ec28__p003__b00,10.1038_s41929-024-01130-7__c8a2ec28__p003__b00,10.1038_s41929-024-01130-7,10.1038_s41929-024-01130-7.pdf,3,0,Chemistry/10.1038_s41929-024-01130-7/crops/10.1038_s41929-024-01130-7__c8a2ec28__p003__b00.png,yes,safe_gradient,n/a,model,,,,
10.1038_s41929-024-01130-7__c8a2ec28__p003__b01,10.1038_s41929-024-01130-7__c8a2ec28__p003__b01,10.1038_s41929-024-01130-7,10.1038_s41929-024-01130-7.pdf,3,1,Chemistry/10.1038_s41929-024-01130-7/crops/10.1038_s41929-024-01130-7__c8a2ec28__p003__b01.png,yes,rainbow_gradient,n/a,model,,,,
10.1038_s41929-024-01130-7__c8a2ec28__p003__b02,10.1038_s41929-024-01130-7__c8a2ec28__p003__b02,10.1038_s41929-024-01130-7,10.1038_s41929-024-01130-7.pdf,3,2,Chemistry/10.1038_s41929-024-01130-7/crops/10.1038_s41929-024-01130-7__c8a2ec28__p003__b02.png,yes,discrete,problematic,model,PROBLEMATIC,0.514,8,"V4 score=0.514 (thr=0.16, cluster_loss=0); komponenten: pair=0.21 + cluster_loss=0.00 + complexity=0.24 + cvd=0.06 + legend=0.00; 5 kollabierte Paare; RGB(110, 166, 166) vs RGB(203, 158, 77) (ΔE00=33.11, ΔL*=3.34, adj=1.00, leg=True); RGB(184, 199, 200) vs RGB(220, 222, 94) (ΔE00=28.18, ΔL*=7.17, ad"
10.1038_s41929-024-01130-7__c8a2ec28__p003__b03,10.1038_s41929-024-01130-7__c8a2ec28__p003__b03,10.1038_s41929-024-01130-7,10.1038_s41929-024-01130-7.pdf,3,3,Chemistry/10.1038_s41929-024-01130-7/crops/10.1038_s41929-024-01130-7__c8a2ec28__p003__b03.png,yes,discrete,accessible,model,ACCESSIBLE,0.158,6,"V4 score=0.158 (thr=0.16, cluster_loss=0); komponenten: pair=0.08 + cluster_loss=0.00 + complexity=0.08 + cvd=0.00 + legend=0.00; 2 kollabierte Paare; RGB(239, 234, 211) vs RGB(218, 217, 40) (ΔE00=22.76, ΔL*=8.33, adj=1.00, leg=True); RGB(239, 234, 211) vs RGB(246, 248, 92) (ΔE00=21.42, ΔL*=2.12, ad"
10.1038_s41929-024-01130-7__c8a2ec28__p003__b04,10.1038_s41929-024-01130-7__c8a2ec28__p003__b04,10.1038_s41929-024-01130-7,10.1038_s41929-024-01130-7.pdf,3,4,Chemistry/10.1038_s41929-024-01130-7/crops/10.1038_s41929-024-01130-7__c8a2ec28__p003__b04.png,yes,discrete,problematic,model,PROBLEMATIC,0.689,8,"V4 score=0.689 (thr=0.08, cluster_loss=0); komponenten: pair=0.37 + cluster_loss=0.00 + complexity=0.32 + cvd=0.00 + legend=0.00; 7 kollabierte Paare; RGB(216, 164, 73) vs RGB(211, 186, 147) (ΔE00=12.3, ΔL*=6.53, adj=1.00, leg=True); RGB(216, 164, 73) vs RGB(169, 165, 162) (ΔE00=22.8, ΔL*=2.46, adj="
10.1038_s41929-024-01130-7__c8a2ec28__p004__b00,10.1038_s41929-024-01130-7__c8a2ec28__p004__b00,10.1038_s41929-024-01130-7,10.1038_s41929-024-01130-7.pdf,4,0,Chemistry/10.1038_s41929-024-01130-7/crops/10.1038_s41929-024-01130-7__c8a2ec28__p004__b00.png,yes,rainbow_gradient,n/a,model,,,,
10.1038_s41929-024-01130-7__c8a2ec28__p004__b01,10.1038_s41929-024-01130-7__c8a2ec28__p004__b01,10.1038_s41929-024-01130-7,10.1038_s41929-024-01130-7.pdf,4,1,Chemistry/10.1038_s41929-024-01130-7/crops/10.1038_s41929-024-01130-7__c8a2ec28__p004__b01.png,yes,rainbow_gradient,n/a,model,,,,
10.1038_s41929-024-01130-7__c8a2ec28__p004__b02,10.1038_s41929-024-01130-7__c8a2ec28__p004__b02,10.1038_s41929-024-01130-7,10.1038_s41929-024-01130-7.pdf,4,2,Chemistry/10.1038_s41929-024-01130-7/crops/10.1038_s41929-024-01130-7__c8a2ec28__p004__b02.png,yes,discrete,problematic,model,PROBLEMATIC,0.322,5,"V4 score=0.322 (thr=0.08, cluster_loss=0); komponenten: pair=0.10 + cluster_loss=0.00 + complexity=0.16 + cvd=0.06 + legend=0.00; 1 kollabierte Paare; RGB(238, 193, 163) vs RGB(160, 198, 160) (ΔE00=28.58, ΔL*=4.61, adj=1.00, leg=True)"
10.1038_s41929-024-01130-7__c8a2ec28__p005__b00,10.1038_s41929-024-01130-7__c8a2ec28__p005__b00,10.1038_s41929-024-01130-7,10.1038_s41929-024-01130-7.pdf,5,0,Chemistry/10.1038_s41929-024-01130-7/crops/10.1038_s41929-024-01130-7__c8a2ec28__p005__b00.png,yes,discrete,problematic,model,PROBLEMATIC,0.3,5,"V4 score=0.300 (thr=0.08); kein Pair kollabiert; globaler cluster_loss=0, n_color=10, komponenten: pair=0.00 + cluster_loss=0.00 + complexity=0.24 + cvd=0.06 + legend=0.00"
10.1038_s41929-024-01130-7__c8a2ec28__p005__b01,10.1038_s41929-024-01130-7__c8a2ec28__p005__b01,10.1038_s41929-024-01130-7,10.1038_s41929-024-01130-7.pdf,5,1,Chemistry/10.1038_s41929-024-01130-7/crops/10.1038_s41929-024-01130-7__c8a2ec28__p005__b01.png,yes,discrete,problematic,model,PROBLEMATIC,0.37,3,"V4 score=0.370 (thr=0.06, cluster_loss=2); komponenten: pair=0.05 + cluster_loss=0.08 + complexity=0.24 + cvd=0.00 + legend=0.00; 1 kollabierte Paare; RGB(254, 13, 13) vs RGB(254, 105, 106) (ΔE00=14.58, ΔL*=10.0, adj=1.00, leg=True)"
10.1038_s41929-024-01130-7__c8a2ec28__p005__b02,10.1038_s41929-024-01130-7__c8a2ec28__p005__b02,10.1038_s41929-024-01130-7,10.1038_s41929-024-01130-7.pdf,5,2,Chemistry/10.1038_s41929-024-01130-7/crops/10.1038_s41929-024-01130-7__c8a2ec28__p005__b02.png,yes,discrete,accessible,model,ACCESSIBLE,0.0,1,Nach Spatial-Filter < 2 Farbregionen (1).
10.1038_s41929-024-01130-7__c8a2ec28__p005__b03,10.1038_s41929-024-01130-7__c8a2ec28__p005__b03,10.1038_s41929-024-01130-7,10.1038_s41929-024-01130-7.pdf,5,3,Chemistry/10.1038_s41929-024-01130-7/crops/10.1038_s41929-024-01130-7__c8a2ec28__p005__b03.png,yes,discrete,problematic,model,PROBLEMATIC,0.299,4,"V4 score=0.299 (thr=0.06, cluster_loss=1); komponenten: pair=0.02 + cluster_loss=0.04 + complexity=0.24 + cvd=0.00 + legend=0.00; 1 kollabierte Paare; RGB(250, 24, 20) vs RGB(91, 123, 180) (ΔE00=44.58, ΔL*=1.36, adj=1.00, leg=True)"
10.1038_s41929-024-01130-7__c8a2ec28__p007__b00,10.1038_s41929-024-01130-7__c8a2ec28__p007__b00,10.1038_s41929-024-01130-7,10.1038_s41929-024-01130-7.pdf,7,0,Chemistry/10.1038_s41929-024-01130-7/crops/10.1038_s41929-024-01130-7__c8a2ec28__p007__b00.png,yes,discrete,problematic,model,PROBLEMATIC,0.857,8,"V4 score=0.857 (thr=0.16, cluster_loss=0); komponenten: pair=0.52 + cluster_loss=0.00 + complexity=0.28 + cvd=0.06 + legend=0.00; 5 kollabierte Paare; RGB(238, 243, 236) vs RGB(251, 244, 54) (ΔE00=27.36, ΔL*=1.12, adj=1.00, leg=True); RGB(0, 107, 162) vs RGB(103, 89, 23) (ΔE00=48.38, ΔL*=4.82, adj=1"
10.1038_s41929-024-01130-7__c8a2ec28__p007__b01,10.1038_s41929-024-01130-7__c8a2ec28__p007__b01,10.1038_s41929-024-01130-7,10.1038_s41929-024-01130-7.pdf,7,1,Chemistry/10.1038_s41929-024-01130-7/crops/10.1038_s41929-024-01130-7__c8a2ec28__p007__b01.png,yes,discrete,problematic,model,PROBLEMATIC,0.783,8,"V4 score=0.783 (thr=0.08, cluster_loss=0); komponenten: pair=0.36 + cluster_loss=0.00 + complexity=0.36 + cvd=0.06 + legend=0.00; 4 kollabierte Paare; RGB(239, 243, 234) vs RGB(250, 243, 52) (ΔE00=26.72, ΔL*=1.31, adj=1.00, leg=True); RGB(105, 88, 23) vs RGB(19, 90, 10) (ΔE00=20.92, ΔL*=5.08, adj=1."
10.1038_s41929-024-01153-0__17325c39__p002__b00,10.1038_s41929-024-01153-0__17325c39__p002__b00,10.1038_s41929-024-01153-0,10.1038_s41929-024-01153-0.pdf,2,0,Chemistry/10.1038_s41929-024-01153-0/crops/10.1038_s41929-024-01153-0__17325c39__p002__b00.png,yes,discrete,accessible,model,ACCESSIBLE,0.0,2,"V4 score=0.000 (thr=0.16); kein Pair kollabiert; globaler cluster_loss=0, n_color=2, komponenten: pair=0.00 + cluster_loss=0.00 + complexity=0.00 + cvd=0.00 + legend=0.00"
10.1038_s41929-024-01153-0__17325c39__p002__b01,10.1038_s41929-024-01153-0__17325c39__p002__b01,10.1038_s41929-024-01153-0,10.1038_s41929-024-01153-0.pdf,2,1,Chemistry/10.1038_s41929-024-01153-0/crops/10.1038_s41929-024-01153-0__17325c39__p002__b01.png,yes,discrete,accessible,model,ACCESSIBLE,0.0,2,"V4 score=0.000 (thr=0.16); kein Pair kollabiert; globaler cluster_loss=0, n_color=2, komponenten: pair=0.00 + cluster_loss=0.00 + complexity=0.00 + cvd=0.00 + legend=0.00"
10.1038_s41929-024-01153-0__17325c39__p003__b00,10.1038_s41929-024-01153-0__17325c39__p003__b00,10.1038_s41929-024-01153-0,10.1038_s41929-024-01153-0.pdf,3,0,Chemistry/10.1038_s41929-024-01153-0/crops/10.1038_s41929-024-01153-0__17325c39__p003__b00.png,yes,discrete,accessible,model,ACCESSIBLE,0.0,0,Zu wenige chromatische Pixel (0) — keine Farbcodierung.
10.1038_s41929-024-01153-0__17325c39__p003__b01,10.1038_s41929-024-01153-0__17325c39__p003__b01,10.1038_s41929-024-01153-0,10.1038_s41929-024-01153-0.pdf,3,1,Chemistry/10.1038_s41929-024-01153-0/crops/10.1038_s41929-024-01153-0__17325c39__p003__b01.png,yes,discrete,accessible,model,ACCESSIBLE,0.0,0,Zu wenige chromatische Pixel (0) — keine Farbcodierung.
10.1038_s41929-024-01153-0__17325c39__p004__b00,10.1038_s41929-024-01153-0__17325c39__p004__b00,10.1038_s41929-024-01153-0,10.1038_s41929-024-01153-0.pdf,4,0,Chemistry/10.1038_s41929-024-01153-0/crops/10.1038_s41929-024-01153-0__17325c39__p004__b00.png,yes,discrete,problematic,model,PROBLEMATIC,0.2,3,"V4 score=0.200 (thr=0.16); kein Pair kollabiert; globaler cluster_loss=0, n_color=9, komponenten: pair=0.00 + cluster_loss=0.00 + complexity=0.20 + cvd=0.00 + legend=0.00"
10.1038_s41929-024-01153-0__17325c39__p004__b01,10.1038_s41929-024-01153-0__17325c39__p004__b01,10.1038_s41929-024-01153-0,10.1038_s41929-024-01153-0.pdf,4,1,Chemistry/10.1038_s41929-024-01153-0/crops/10.1038_s41929-024-01153-0__17325c39__p004__b01.png,yes,rainbow_gradient,n/a,model,,,,
10.1038_s41929-024-01153-0__17325c39__p005__b00,10.1038_s41929-024-01153-0__17325c39__p005__b00,10.1038_s41929-024-01153-0,10.1038_s41929-024-01153-0.pdf,5,0,Chemistry/10.1038_s41929-024-01153-0/crops/10.1038_s41929-024-01153-0__17325c39__p005__b00.png,yes,rainbow_gradient,n/a,model,,,,
10.1038_s41929-024-01153-0__17325c39__p005__b01,10.1038_s41929-024-01153-0__17325c39__p005__b01,10.1038_s41929-024-01153-0,10.1038_s41929-024-01153-0.pdf,5,1,Chemistry/10.1038_s41929-024-01153-0/crops/10.1038_s41929-024-01153-0__17325c39__p005__b01.png,yes,discrete,problematic,model,PROBLEMATIC,0.206,5,"V4 score=0.206 (thr=0.16, cluster_loss=0); komponenten: pair=0.03 + cluster_loss=0.00 + complexity=0.12 + cvd=0.06 + legend=0.00; 1 kollabierte Paare; RGB(174, 215, 216) vs RGB(214, 179, 198) (ΔE00=33.41, ΔL*=6.34, adj=1.00, leg=True)"
10.1038_s41929-024-01153-0__17325c39__p005__b02,10.1038_s41929-024-01153-0__17325c39__p005__b02,10.1038_s41929-024-01153-0,10.1038_s41929-024-01153-0.pdf,5,2,Chemistry/10.1038_s41929-024-01153-0/crops/10.1038_s41929-024-01153-0__17325c39__p005__b02.png,yes,rainbow_gradient,n/a,model,,,,
10.1038_s41929-024-01153-0__17325c39__p006__b00,10.1038_s41929-024-01153-0__17325c39__p006__b00,10.1038_s41929-024-01153-0,10.1038_s41929-024-01153-0.pdf,6,0,Chemistry/10.1038_s41929-024-01153-0/crops/10.1038_s41929-024-01153-0__17325c39__p006__b00.png,yes,rainbow_gradient,n/a,model,,,,
10.1038_s41929-024-01153-0__17325c39__p007__b00,10.1038_s41929-024-01153-0__17325c39__p007__b00,10.1038_s41929-024-01153-0,10.1038_s41929-024-01153-0.pdf,7,0,Chemistry/10.1038_s41929-024-01153-0/crops/10.1038_s41929-024-01153-0__17325c39__p007__b00.png,yes,safe_gradient,n/a,model,,,,
10.1038_s41929-024-01153-0__17325c39__p007__b01,10.1038_s41929-024-01153-0__17325c39__p007__b01,10.1038_s41929-024-01153-0,10.1038_s41929-024-01153-0.pdf,7,1,Chemistry/10.1038_s41929-024-01153-0/crops/10.1038_s41929-024-01153-0__17325c39__p007__b01.png,yes,discrete,problematic,model,PROBLEMATIC,0.576,5,"V4 score=0.576 (thr=0.16, cluster_loss=0); komponenten: pair=0.26 + cluster_loss=0.00 + complexity=0.32 + cvd=0.00 + legend=0.00; 2 kollabierte Paare; RGB(131, 13, 71) vs RGB(31, 38, 146) (ΔE00=26.81, ΔL*=5.26, adj=1.00, leg=True); RGB(15, 135, 136) vs RGB(189, 124, 157) (ΔE00=47.71, ΔL*=8.74, adj=1"
10.1038_s41929-024-01153-0__17325c39__p007__b02,10.1038_s41929-024-01153-0__17325c39__p007__b02,10.1038_s41929-024-01153-0,10.1038_s41929-024-01153-0.pdf,7,2,Chemistry/10.1038_s41929-024-01153-0/crops/10.1038_s41929-024-01153-0__17325c39__p007__b02.png,yes,rainbow_gradient,n/a,model,,,,
10.1038_s41929-024-01153-0__17325c39__p007__b03,10.1038_s41929-024-01153-0__17325c39__p007__b03,10.1038_s41929-024-01153-0,10.1038_s41929-024-01153-0.pdf,7,3,Chemistry/10.1038_s41929-024-01153-0/crops/10.1038_s41929-024-01153-0__17325c39__p007__b03.png,yes,rainbow_gradient,n/a,model,,,,
10.1038_s41929-024-01153-0__17325c39__p007__b04,10.1038_s41929-024-01153-0__17325c39__p007__b04,10.1038_s41929-024-01153-0,10.1038_s41929-024-01153-0.pdf,7,4,Chemistry/10.1038_s41929-024-01153-0/crops/10.1038_s41929-024-01153-0__17325c39__p007__b04.png,yes,rainbow_gradient,n/a,model,,,,
10.1039_d4gc05298f__e45188f3__p002__b00,10.1039_d4gc05298f__e45188f3__p002__b00,10.1039_d4gc05298f,10.1039_d4gc05298f.pdf,2,0,Chemistry/10.1039_d4gc05298f/crops/10.1039_d4gc05298f__e45188f3__p002__b00.png,yes,discrete,accessible,model,ACCESSIBLE,0.023,3,"V4 score=0.023 (thr=0.08, cluster_loss=0); komponenten: pair=0.02 + cluster_loss=0.00 + complexity=0.00 + cvd=0.00 + legend=0.00; 1 kollabierte Paare; RGB(253, 254, 2) vs RGB(0, 254, 12) (ΔE00=23.3, ΔL*=9.36, adj=0.11, leg=False)"
10.1039_d4gc05298f__e45188f3__p002__b01,10.1039_d4gc05298f__e45188f3__p002__b01,10.1039_d4gc05298f,10.1039_d4gc05298f.pdf,2,1,Chemistry/10.1039_d4gc05298f/crops/10.1039_d4gc05298f__e45188f3__p002__b01.png,yes,discrete,problematic,model,PROBLEMATIC,0.199,5,"V4 score=0.199 (thr=0.06, cluster_loss=1); komponenten: pair=0.06 + cluster_loss=0.04 + complexity=0.04 + cvd=0.06 + legend=0.00; 2 kollabierte Paare; RGB(250, 30, 2) vs RGB(0, 127, 2) (ΔE00=70.88, ΔL*=7.36, adj=0.12, leg=False); RGB(251, 195, 2) vs RGB(181, 217, 6) (ΔE00=21.69, ΔL*=0.25, adj=1.00, "
10.1039_d4gc05298f__e45188f3__p002__b02,10.1039_d4gc05298f__e45188f3__p002__b02,10.1039_d4gc05298f,10.1039_d4gc05298f.pdf,2,2,Chemistry/10.1039_d4gc05298f/crops/10.1039_d4gc05298f__e45188f3__p002__b02.png,yes,discrete,problematic,model,PROBLEMATIC,0.284,5,"V4 score=0.284 (thr=0.16, cluster_loss=0); komponenten: pair=0.24 + cluster_loss=0.00 + complexity=0.04 + cvd=0.00 + legend=0.00; 2 kollabierte Paare; RGB(0, 254, 12) vs RGB(0, 253, 253) (ΔE00=34.3, ΔL*=3.38, adj=1.00, leg=True); RGB(251, 4, 6) vs RGB(108, 102, 105) (ΔE00=31.48, ΔL*=8.31, adj=1.00, "
10.1039_d4gc05298f__e45188f3__p004__b00,10.1039_d4gc05298f__e45188f3__p004__b00,10.1039_d4gc05298f,10.1039_d4gc05298f.pdf,4,0,Chemistry/10.1039_d4gc05298f/crops/10.1039_d4gc05298f__e45188f3__p004__b00.png,yes,discrete,accessible,model,ACCESSIBLE,0.0,2,Fast-Path: nur 2 Farb- / 2 Grayscale-Cluster.
10.1039_d4gc05298f__e45188f3__p005__b00,10.1039_d4gc05298f__e45188f3__p005__b00,10.1039_d4gc05298f,10.1039_d4gc05298f.pdf,5,0,Chemistry/10.1039_d4gc05298f/crops/10.1039_d4gc05298f__e45188f3__p005__b00.png,yes,discrete,accessible,model,ACCESSIBLE,0.0,4,"V4 score=0.000 (thr=0.08); kein Pair kollabiert; globaler cluster_loss=0, n_color=4, komponenten: pair=0.00 + cluster_loss=0.00 + complexity=0.00 + cvd=0.00 + legend=0.00"
10.1039_d4gc05298f__e45188f3__p006__b00,10.1039_d4gc05298f__e45188f3__p006__b00,10.1039_d4gc05298f,10.1039_d4gc05298f.pdf,6,0,Chemistry/10.1039_d4gc05298f/crops/10.1039_d4gc05298f__e45188f3__p006__b00.png,yes,discrete,problematic,model,PROBLEMATIC,1.0,8,"V4 score=1.000 (thr=0.06, cluster_loss=1); komponenten: pair=0.75 + cluster_loss=0.04 + complexity=0.24 + cvd=0.06 + legend=0.00; 8 kollabierte Paare; RGB(249, 9, 4) vs RGB(52, 137, 192) (ΔE00=51.53, ΔL*=2.09, adj=1.00, leg=True); RGB(249, 9, 4) vs RGB(17, 159, 56) (ΔE00=73.47, ΔL*=4.83, adj=1.00, l"
10.1039_d4gc05298f__e45188f3__p006__b01,10.1039_d4gc05298f__e45188f3__p006__b01,10.1039_d4gc05298f,10.1039_d4gc05298f.pdf,6,1,Chemistry/10.1039_d4gc05298f/crops/10.1039_d4gc05298f__e45188f3__p006__b01.png,yes,discrete,problematic,model,PROBLEMATIC,0.886,8,"V4 score=0.886 (thr=0.06, cluster_loss=3); komponenten: pair=0.57 + cluster_loss=0.12 + complexity=0.20 + cvd=0.00 + legend=0.00; 7 kollabierte Paare; RGB(249, 9, 4) vs RGB(52, 137, 192) (ΔE00=51.51, ΔL*=2.09, adj=1.00, leg=True); RGB(249, 9, 4) vs RGB(20, 160, 57) (ΔE00=73.61, ΔL*=5.4, adj=1.00, le"
10.1039_d4gc05298f__e45188f3__p006__b02,10.1039_d4gc05298f__e45188f3__p006__b02,10.1039_d4gc05298f,10.1039_d4gc05298f.pdf,6,2,Chemistry/10.1039_d4gc05298f/crops/10.1039_d4gc05298f__e45188f3__p006__b02.png,yes,discrete,problematic,model,PROBLEMATIC,0.873,8,"V4 score=0.873 (thr=0.08, cluster_loss=0); komponenten: pair=0.61 + cluster_loss=0.00 + complexity=0.20 + cvd=0.06 + legend=0.00; 6 kollabierte Paare; RGB(101, 4, 14) vs RGB(12, 47, 91) (ΔE00=34.65, ΔL*=0.03, adj=1.00, leg=True); RGB(247, 212, 9) vs RGB(169, 206, 251) (ΔE00=53.96, ΔL*=3.86, adj=1.00"
10.1039_d4gc05298f__e45188f3__p006__b03,10.1039_d4gc05298f__e45188f3__p006__b03,10.1039_d4gc05298f,10.1039_d4gc05298f.pdf,6,3,Chemistry/10.1039_d4gc05298f/crops/10.1039_d4gc05298f__e45188f3__p006__b03.png,yes,discrete,problematic,model,PROBLEMATIC,1.0,8,"V4 score=1.000 (thr=0.06, cluster_loss=3); komponenten: pair=0.68 + cluster_loss=0.12 + complexity=0.28 + cvd=0.06 + legend=0.00; 7 kollabierte Paare; RGB(101, 4, 14) vs RGB(12, 47, 91) (ΔE00=34.65, ΔL*=0.0, adj=1.00, leg=True); RGB(238, 31, 19) vs RGB(10, 156, 29) (ΔE00=73.09, ΔL*=5.06, adj=1.00, l"
10.1186_s13065-025-01486-2__faecf063__p001__b00,10.1186_s13065-025-01486-2__faecf063__p001__b00,10.1186_s13065-025-01486-2,10.1186_s13065-025-01486-2.pdf,1,0,Chemistry/10.1186_s13065-025-01486-2/crops/10.1186_s13065-025-01486-2__faecf063__p001__b00.png,yes,rainbow_gradient,n/a,model,,,,
10.1186_s13065-025-01486-2__faecf063__p003__b00,10.1186_s13065-025-01486-2__faecf063__p003__b00,10.1186_s13065-025-01486-2,10.1186_s13065-025-01486-2.pdf,3,0,Chemistry/10.1186_s13065-025-01486-2/crops/10.1186_s13065-025-01486-2__faecf063__p003__b00.png,yes,discrete,accessible,model,ACCESSIBLE,0.0,0,Zu wenige chromatische Pixel (0) — keine Farbcodierung.
10.1186_s13065-025-01486-2__faecf063__p005__b00,10.1186_s13065-025-01486-2__faecf063__p005__b00,10.1186_s13065-025-01486-2,10.1186_s13065-025-01486-2.pdf,5,0,Chemistry/10.1186_s13065-025-01486-2/crops/10.1186_s13065-025-01486-2__faecf063__p005__b00.png,yes,discrete,problematic,model,PROBLEMATIC,0.132,4,"V4 score=0.132 (thr=0.06, cluster_loss=1); komponenten: pair=0.09 + cluster_loss=0.04 + complexity=0.00 + cvd=0.00 + legend=0.00; 1 kollabierte Paare; RGB(253, 254, 16) vs RGB(236, 245, 235) (ΔE00=28.21, ΔL*=0.9, adj=1.00, leg=True)"
10.1186_s13065-025-01486-2__faecf063__p006__b00,10.1186_s13065-025-01486-2__faecf063__p006__b00,10.1186_s13065-025-01486-2,10.1186_s13065-025-01486-2.pdf,6,0,Chemistry/10.1186_s13065-025-01486-2/crops/10.1186_s13065-025-01486-2__faecf063__p006__b00.png,yes,discrete,problematic,model,PROBLEMATIC,0.261,8,"V4 score=0.261 (thr=0.08, cluster_loss=0); komponenten: pair=0.10 + cluster_loss=0.00 + complexity=0.16 + cvd=0.00 + legend=0.00; 1 kollabierte Paare; RGB(250, 196, 83) vs RGB(246, 225, 151) (ΔE00=11.22, ΔL*=8.05, adj=1.00, leg=True)"
10.1186_s13065-025-01486-2__faecf063__p008__b00,10.1186_s13065-025-01486-2__faecf063__p008__b00,10.1186_s13065-025-01486-2,10.1186_s13065-025-01486-2.pdf,8,0,Chemistry/10.1186_s13065-025-01486-2/crops/10.1186_s13065-025-01486-2__faecf063__p008__b00.png,yes,discrete,problematic,model,PROBLEMATIC,0.387,7,"V4 score=0.387 (thr=0.06, cluster_loss=1); komponenten: pair=0.23 + cluster_loss=0.04 + complexity=0.12 + cvd=0.00 + legend=0.00; 5 kollabierte Paare; RGB(0, 174, 81) vs RGB(247, 140, 138) (ΔE00=64.88, ΔL*=7.54, adj=1.00, leg=True); RGB(248, 213, 12) vs RGB(228, 248, 233) (ΔE00=29.37, ΔL*=9.65, adj="
10.1186_s13065-025-01486-2__faecf063__p008__b01,10.1186_s13065-025-01486-2__faecf063__p008__b01,10.1186_s13065-025-01486-2,10.1186_s13065-025-01486-2.pdf,8,1,Chemistry/10.1186_s13065-025-01486-2/crops/10.1186_s13065-025-01486-2__faecf063__p008__b01.png,yes,discrete,problematic,model,PROBLEMATIC,0.232,5,"V4 score=0.232 (thr=0.08, cluster_loss=0); komponenten: pair=0.19 + cluster_loss=0.00 + complexity=0.04 + cvd=0.00 + legend=0.00; 2 kollabierte Paare; RGB(250, 213, 13) vs RGB(232, 246, 233) (ΔE00=28.63, ΔL*=9.98, adj=1.00, leg=True); RGB(250, 213, 13) vs RGB(144, 219, 177) (ΔE00=31.67, ΔL*=4.38, ad"
10.1186_s13065-025-01486-2__faecf063__p008__b02,10.1186_s13065-025-01486-2__faecf063__p008__b02,10.1186_s13065-025-01486-2,10.1186_s13065-025-01486-2.pdf,8,2,Chemistry/10.1186_s13065-025-01486-2/crops/10.1186_s13065-025-01486-2__faecf063__p008__b02.png,yes,discrete,accessible,model,ACCESSIBLE,0.0,4,"V4 score=0.000 (thr=0.16); kein Pair kollabiert; globaler cluster_loss=0, n_color=4, komponenten: pair=0.00 + cluster_loss=0.00 + complexity=0.00 + cvd=0.00 + legend=0.00"
10.1186_s43094-024-00594-5__ad0c7d4e__p002__b00,10.1186_s43094-024-00594-5__ad0c7d4e__p002__b00,10.1186_s43094-024-00594-5,10.1186_s43094-024-00594-5.pdf,2,0,Chemistry/10.1186_s43094-024-00594-5/crops/10.1186_s43094-024-00594-5__ad0c7d4e__p002__b00.png,yes,discrete,accessible,model,ACCESSIBLE,0.0,1,Fast-Path: nur 1 Farb- / 2 Grayscale-Cluster.
10.1186_s43094-024-00594-5__ad0c7d4e__p002__b01,10.1186_s43094-024-00594-5__ad0c7d4e__p002__b01,10.1186_s43094-024-00594-5,10.1186_s43094-024-00594-5.pdf,2,1,Chemistry/10.1186_s43094-024-00594-5/crops/10.1186_s43094-024-00594-5__ad0c7d4e__p002__b01.png,yes,discrete,accessible,model,ACCESSIBLE,0.0,1,Fast-Path: nur 1 Farb- / 1 Grayscale-Cluster.
10.1186_s43094-024-00594-5__ad0c7d4e__p004__b00,10.1186_s43094-024-00594-5__ad0c7d4e__p004__b00,10.1186_s43094-024-00594-5,10.1186_s43094-024-00594-5.pdf,4,0,Chemistry/10.1186_s43094-024-00594-5/crops/10.1186_s43094-024-00594-5__ad0c7d4e__p004__b00.png,yes,discrete,accessible,model,ACCESSIBLE,0.0,0,Nach Spatial-Filter < 2 Farbregionen (0).
10.1186_s43094-024-00594-5__ad0c7d4e__p004__b01,10.1186_s43094-024-00594-5__ad0c7d4e__p004__b01,10.1186_s43094-024-00594-5,10.1186_s43094-024-00594-5.pdf,4,1,Chemistry/10.1186_s43094-024-00594-5/crops/10.1186_s43094-024-00594-5__ad0c7d4e__p004__b01.png,yes,discrete,problematic,model,PROBLEMATIC,0.44,4,"V4 score=0.440 (thr=0.06); kein Pair kollabiert; globaler cluster_loss=2, n_color=13, komponenten: pair=0.00 + cluster_loss=0.08 + complexity=0.36 + cvd=0.00 + legend=0.00"
10.1186_s43094-024-00594-5__ad0c7d4e__p005__b00,10.1186_s43094-024-00594-5__ad0c7d4e__p005__b00,10.1186_s43094-024-00594-5,10.1186_s43094-024-00594-5.pdf,5,0,Chemistry/10.1186_s43094-024-00594-5/crops/10.1186_s43094-024-00594-5__ad0c7d4e__p005__b00.png,yes,discrete,accessible,model,ACCESSIBLE,0.0,0,Zu wenige chromatische Pixel (118) — keine Farbcodierung.
10.1186_s43094-024-00594-5__ad0c7d4e__p006__b00,10.1186_s43094-024-00594-5__ad0c7d4e__p006__b00,10.1186_s43094-024-00594-5,10.1186_s43094-024-00594-5.pdf,6,0,Chemistry/10.1186_s43094-024-00594-5/crops/10.1186_s43094-024-00594-5__ad0c7d4e__p006__b00.png,yes,discrete,problematic,model,PROBLEMATIC,0.667,8,"V4 score=0.667 (thr=0.06, cluster_loss=3); komponenten: pair=0.23 + cluster_loss=0.12 + complexity=0.32 + cvd=0.00 + legend=0.00; 2 kollabierte Paare; RGB(254, 13, 13) vs RGB(252, 45, 255) (ΔE00=41.73, ΔL*=8.21, adj=1.00, leg=True); RGB(245, 233, 250) vs RGB(251, 212, 255) (ΔE00=10.64, ΔL*=4.1, adj="
10.1186_s43094-024-00594-5__ad0c7d4e__p007__b00,10.1186_s43094-024-00594-5__ad0c7d4e__p007__b00,10.1186_s43094-024-00594-5,10.1186_s43094-024-00594-5.pdf,7,0,Chemistry/10.1186_s43094-024-00594-5/crops/10.1186_s43094-024-00594-5__ad0c7d4e__p007__b00.png,yes,discrete,accessible,model,ACCESSIBLE,0.0,0,Zu wenige chromatische Pixel (0) — keine Farbcodierung.
10.1186_s43094-024-00594-5__ad0c7d4e__p008__b00,10.1186_s43094-024-00594-5__ad0c7d4e__p008__b00,10.1186_s43094-024-00594-5,10.1186_s43094-024-00594-5.pdf,8,0,Chemistry/10.1186_s43094-024-00594-5/crops/10.1186_s43094-024-00594-5__ad0c7d4e__p008__b00.png,yes,discrete,accessible,model,ACCESSIBLE,0.0,0,Nach Spatial-Filter < 2 Farbregionen (0).
10.1186_s43094-024-00594-5__ad0c7d4e__p008__b01,10.1186_s43094-024-00594-5__ad0c7d4e__p008__b01,10.1186_s43094-024-00594-5,10.1186_s43094-024-00594-5.pdf,8,1,Chemistry/10.1186_s43094-024-00594-5/crops/10.1186_s43094-024-00594-5__ad0c7d4e__p008__b01.png,yes,discrete,accessible,model,ACCESSIBLE,0.0,0,Nach Spatial-Filter < 2 Farbregionen (0).
10.1186_s43094-024-00594-5__ad0c7d4e__p009__b00,10.1186_s43094-024-00594-5__ad0c7d4e__p009__b00,10.1186_s43094-024-00594-5,10.1186_s43094-024-00594-5.pdf,9,0,Chemistry/10.1186_s43094-024-00594-5/crops/10.1186_s43094-024-00594-5__ad0c7d4e__p009__b00.png,yes,discrete,accessible,model,ACCESSIBLE,0.0,0,Zu wenige chromatische Pixel (0) — keine Farbcodierung.
10.1186_s43094-024-00594-5__ad0c7d4e__p010__b00,10.1186_s43094-024-00594-5__ad0c7d4e__p010__b00,10.1186_s43094-024-00594-5,10.1186_s43094-024-00594-5.pdf,10,0,Chemistry/10.1186_s43094-024-00594-5/crops/10.1186_s43094-024-00594-5__ad0c7d4e__p010__b00.png,yes,discrete,accessible,model,ACCESSIBLE,0.0,0,Zu wenige chromatische Pixel (118) — keine Farbcodierung.
10.1038_s41591-024-03423-7__9aaffddb__p002__b00,10.1038_s41591-024-03423-7__9aaffddb__p002__b00,10.1038_s41591-024-03423-7,10.1038_s41591-024-03423-7.pdf,2,0,Computer Science/10.1038_s41591-024-03423-7/crops/10.1038_s41591-024-03423-7__9aaffddb__p002__b00.png,yes,discrete,problematic,model,PROBLEMATIC,0.08,3,"V4 score=0.080 (thr=0.08); kein Pair kollabiert; globaler cluster_loss=0, n_color=6, komponenten: pair=0.00 + cluster_loss=0.00 + complexity=0.08 + cvd=0.00 + legend=0.00"
10.1038_s41591-024-03423-7__9aaffddb__p002__b01,10.1038_s41591-024-03423-7__9aaffddb__p002__b01,10.1038_s41591-024-03423-7,10.1038_s41591-024-03423-7.pdf,2,1,Computer Science/10.1038_s41591-024-03423-7/crops/10.1038_s41591-024-03423-7__9aaffddb__p002__b01.png,yes,safe_gradient,n/a,model,,,,
10.1038_s41591-024-03423-7__9aaffddb__p004__b00,10.1038_s41591-024-03423-7__9aaffddb__p004__b00,10.1038_s41591-024-03423-7,10.1038_s41591-024-03423-7.pdf,4,0,Computer Science/10.1038_s41591-024-03423-7/crops/10.1038_s41591-024-03423-7__9aaffddb__p004__b00.png,yes,discrete,problematic,model,PROBLEMATIC,0.76,13,Fast-Path: cluster_loss=7 (≥4) — 13 Farb-Cluster kollabieren auf 6 Grayscale-Cluster.
10.1038_s41591-024-03423-7__9aaffddb__p004__b01,10.1038_s41591-024-03423-7__9aaffddb__p004__b01,10.1038_s41591-024-03423-7,10.1038_s41591-024-03423-7.pdf,4,1,Computer Science/10.1038_s41591-024-03423-7/crops/10.1038_s41591-024-03423-7__9aaffddb__p004__b01.png,yes,discrete,problematic,model,PROBLEMATIC,0.68,13,Fast-Path: cluster_loss=6 (≥4) — 13 Farb-Cluster kollabieren auf 7 Grayscale-Cluster.
10.1038_s41591-024-03423-7__9aaffddb__p005__b00,10.1038_s41591-024-03423-7__9aaffddb__p005__b00,10.1038_s41591-024-03423-7,10.1038_s41591-024-03423-7.pdf,5,0,Computer Science/10.1038_s41591-024-03423-7/crops/10.1038_s41591-024-03423-7__9aaffddb__p005__b00.png,yes,rainbow_gradient,n/a,model,,,,
10.1038_s41591-024-03423-7__9aaffddb__p005__b01,10.1038_s41591-024-03423-7__9aaffddb__p005__b01,10.1038_s41591-024-03423-7,10.1038_s41591-024-03423-7.pdf,5,1,Computer Science/10.1038_s41591-024-03423-7/crops/10.1038_s41591-024-03423-7__9aaffddb__p005__b01.png,yes,rainbow_gradient,n/a,model,,,,
10.1038_s41591-024-03423-7__9aaffddb__p005__b02,10.1038_s41591-024-03423-7__9aaffddb__p005__b02,10.1038_s41591-024-03423-7,10.1038_s41591-024-03423-7.pdf,5,2,Computer Science/10.1038_s41591-024-03423-7/crops/10.1038_s41591-024-03423-7__9aaffddb__p005__b02.png,yes,rainbow_gradient,n/a,model,,,,
10.1038_s41591-024-03423-7__9aaffddb__p006__b00,10.1038_s41591-024-03423-7__9aaffddb__p006__b00,10.1038_s41591-024-03423-7,10.1038_s41591-024-03423-7.pdf,6,0,Computer Science/10.1038_s41591-024-03423-7/crops/10.1038_s41591-024-03423-7__9aaffddb__p006__b00.png,yes,discrete,problematic,model,PROBLEMATIC,0.841,6,"V4 score=0.841 (thr=0.06, cluster_loss=2); komponenten: pair=0.68 + cluster_loss=0.08 + complexity=0.08 + cvd=0.00 + legend=0.00; 6 kollabierte Paare; RGB(249, 204, 121) vs RGB(140, 197, 251) (ΔE00=42.99, ΔL*=6.92, adj=1.00, leg=True); RGB(249, 204, 121) vs RGB(248, 227, 208) (ΔE00=15.74, ΔL*=6.8, a"
10.1038_s41591-024-03423-7__9aaffddb__p014__b00,10.1038_s41591-024-03423-7__9aaffddb__p014__b00,10.1038_s41591-024-03423-7,10.1038_s41591-024-03423-7.pdf,14,0,Computer Science/10.1038_s41591-024-03423-7/crops/10.1038_s41591-024-03423-7__9aaffddb__p014__b00.png,yes,discrete,problematic,model,PROBLEMATIC,0.169,4,"V4 score=0.169 (thr=0.06, cluster_loss=2); komponenten: pair=0.03 + cluster_loss=0.08 + complexity=0.00 + cvd=0.06 + legend=0.00; 5 kollabierte Paare; RGB(246, 183, 177) vs RGB(179, 207, 249) (ΔE00=30.32, ΔL*=2.34, adj=0.30, leg=False); RGB(246, 183, 177) vs RGB(168, 220, 185) (ΔE00=40.93, ΔL*=3.52,"
10.1038_s41591-024-03423-7__9aaffddb__p015__b00,10.1038_s41591-024-03423-7__9aaffddb__p015__b00,10.1038_s41591-024-03423-7,10.1038_s41591-024-03423-7.pdf,15,0,Computer Science/10.1038_s41591-024-03423-7/crops/10.1038_s41591-024-03423-7__9aaffddb__p015__b00.png,yes,discrete,accessible,model,ACCESSIBLE,0.0,0,Zu wenige chromatische Pixel (0) — keine Farbcodierung.
10.1038_s41591-024-03423-7__9aaffddb__p016__b00,10.1038_s41591-024-03423-7__9aaffddb__p016__b00,10.1038_s41591-024-03423-7,10.1038_s41591-024-03423-7.pdf,16,0,Computer Science/10.1038_s41591-024-03423-7/crops/10.1038_s41591-024-03423-7__9aaffddb__p016__b00.png,yes,discrete,accessible,model,ACCESSIBLE,0.0,0,Zu wenige chromatische Pixel (0) — keine Farbcodierung.
10.1038_s41591-024-03423-7__9aaffddb__p018__b00,10.1038_s41591-024-03423-7__9aaffddb__p018__b00,10.1038_s41591-024-03423-7,10.1038_s41591-024-03423-7.pdf,18,0,Computer Science/10.1038_s41591-024-03423-7/crops/10.1038_s41591-024-03423-7__9aaffddb__p018__b00.png,yes,discrete,problematic,model,PROBLEMATIC,0.12,5,"V4 score=0.120 (thr=0.06); kein Pair kollabiert; globaler cluster_loss=1, n_color=6, komponenten: pair=0.00 + cluster_loss=0.04 + complexity=0.08 + cvd=0.00 + legend=0.00"
10.1038_s41597-024-03571-y__42362084__p002__b00,10.1038_s41597-024-03571-y__42362084__p002__b00,10.1038_s41597-024-03571-y,10.1038_s41597-024-03571-y.pdf,2,0,Computer Science/10.1038_s41597-024-03571-y/crops/10.1038_s41597-024-03571-y__42362084__p002__b00.png,yes,discrete,accessible,model,ACCESSIBLE,0.04,3,"V4 score=0.040 (thr=0.06); kein Pair kollabiert; globaler cluster_loss=1, n_color=3, komponenten: pair=0.00 + cluster_loss=0.04 + complexity=0.00 + cvd=0.00 + legend=0.00"
10.1038_s41597-024-03571-y__42362084__p003__b00,10.1038_s41597-024-03571-y__42362084__p003__b00,10.1038_s41597-024-03571-y,10.1038_s41597-024-03571-y.pdf,3,0,Computer Science/10.1038_s41597-024-03571-y/crops/10.1038_s41597-024-03571-y__42362084__p003__b00.png,yes,discrete,accessible,model,ACCESSIBLE,0.04,3,"V4 score=0.040 (thr=0.06); kein Pair kollabiert; globaler cluster_loss=1, n_color=3, komponenten: pair=0.00 + cluster_loss=0.04 + complexity=0.00 + cvd=0.00 + legend=0.00"
10.1038_s41597-024-03571-y__42362084__p003__b01,10.1038_s41597-024-03571-y__42362084__p003__b01,10.1038_s41597-024-03571-y,10.1038_s41597-024-03571-y.pdf,3,1,Computer Science/10.1038_s41597-024-03571-y/crops/10.1038_s41597-024-03571-y__42362084__p003__b01.png,yes,discrete,accessible,model,ACCESSIBLE,0.0,2,Fast-Path: nur 2 Farb- / 2 Grayscale-Cluster.
10.1038_s41597-024-03571-y__42362084__p005__b00,10.1038_s41597-024-03571-y__42362084__p005__b00,10.1038_s41597-024-03571-y,10.1038_s41597-024-03571-y.pdf,5,0,Computer Science/10.1038_s41597-024-03571-y/crops/10.1038_s41597-024-03571-y__42362084__p005__b00.png,yes,discrete,accessible,model,ACCESSIBLE,0.0,2,Fast-Path: nur 2 Farb- / 2 Grayscale-Cluster.
10.1038_s41597-024-03571-y__42362084__p006__b00,10.1038_s41597-024-03571-y__42362084__p006__b00,10.1038_s41597-024-03571-y,10.1038_s41597-024-03571-y.pdf,6,0,Computer Science/10.1038_s41597-024-03571-y/crops/10.1038_s41597-024-03571-y__42362084__p006__b00.png,yes,discrete,problematic,model,PROBLEMATIC,0.277,6,"V4 score=0.277 (thr=0.06, cluster_loss=2); komponenten: pair=0.12 + cluster_loss=0.08 + complexity=0.08 + cvd=0.00 + legend=0.00; 3 kollabierte Paare; RGB(0, 106, 192) vs RGB(191, 6, 6) (ΔE00=47.9, ΔL*=4.52, adj=1.00, leg=True); RGB(0, 106, 192) vs RGB(90, 98, 107) (ΔE00=17.98, ΔL*=3.19, adj=1.00, l"
10.1038_s41597-024-03571-y__42362084__p007__b00,10.1038_s41597-024-03571-y__42362084__p007__b00,10.1038_s41597-024-03571-y,10.1038_s41597-024-03571-y.pdf,7,0,Computer Science/10.1038_s41597-024-03571-y/crops/10.1038_s41597-024-03571-y__42362084__p007__b00.png,yes,discrete,accessible,model,ACCESSIBLE,0.0,1,Fast-Path: nur 1 Farb- / 1 Grayscale-Cluster.
10.1038_s41597-024-03571-y__42362084__p007__b01,10.1038_s41597-024-03571-y__42362084__p007__b01,10.1038_s41597-024-03571-y,10.1038_s41597-024-03571-y.pdf,7,1,Computer Science/10.1038_s41597-024-03571-y/crops/10.1038_s41597-024-03571-y__42362084__p007__b01.png,yes,discrete,problematic,model,PROBLEMATIC,0.202,5,"V4 score=0.202 (thr=0.08, cluster_loss=0); komponenten: pair=0.12 + cluster_loss=0.00 + complexity=0.08 + cvd=0.00 + legend=0.00; 1 kollabierte Paare; RGB(254, 201, 201) vs RGB(253, 232, 233) (ΔE00=11.11, ΔL*=8.37, adj=1.00, leg=True)"
10.1038_s41597-024-03571-y__42362084__p008__b00,10.1038_s41597-024-03571-y__42362084__p008__b00,10.1038_s41597-024-03571-y,10.1038_s41597-024-03571-y.pdf,8,0,Computer Science/10.1038_s41597-024-03571-y/crops/10.1038_s41597-024-03571-y__42362084__p008__b00.png,yes,discrete,problematic,model,PROBLEMATIC,0.454,8,"V4 score=0.454 (thr=0.06, cluster_loss=1); komponenten: pair=0.19 + cluster_loss=0.04 + complexity=0.16 + cvd=0.06 + legend=0.00; 4 kollabierte Paare; RGB(251, 26, 24) vs RGB(252, 92, 92) (ΔE00=11.29, ΔL*=7.36, adj=1.00, leg=True); RGB(0, 13, 254) vs RGB(136, 8, 9) (ΔE00=44.28, ΔL*=4.77, adj=1.00, l"
10.1038_s41597-024-03571-y__42362084__p008__b01,10.1038_s41597-024-03571-y__42362084__p008__b01,10.1038_s41597-024-03571-y,10.1038_s41597-024-03571-y.pdf,8,1,Computer Science/10.1038_s41597-024-03571-y/crops/10.1038_s41597-024-03571-y__42362084__p008__b01.png,yes,discrete,accessible,model,ACCESSIBLE,0.0,0,Zu wenige chromatische Pixel (0) — keine Farbcodierung.
10.1038_s41597-024-03571-y__42362084__p008__b02,10.1038_s41597-024-03571-y__42362084__p008__b02,10.1038_s41597-024-03571-y,10.1038_s41597-024-03571-y.pdf,8,2,Computer Science/10.1038_s41597-024-03571-y/crops/10.1038_s41597-024-03571-y__42362084__p008__b02.png,yes,discrete,accessible,model,ACCESSIBLE,0.0,0,Zu wenige chromatische Pixel (0) — keine Farbcodierung.
10.1038_s41597-024-03571-y__42362084__p008__b03,10.1038_s41597-024-03571-y__42362084__p008__b03,10.1038_s41597-024-03571-y,10.1038_s41597-024-03571-y.pdf,8,3,Computer Science/10.1038_s41597-024-03571-y/crops/10.1038_s41597-024-03571-y__42362084__p008__b03.png,yes,discrete,problematic,model,PROBLEMATIC,0.401,8,"V4 score=0.401 (thr=0.16, cluster_loss=0); komponenten: pair=0.18 + cluster_loss=0.00 + complexity=0.16 + cvd=0.06 + legend=0.00; 3 kollabierte Paare; RGB(251, 26, 24) vs RGB(252, 92, 92) (ΔE00=11.29, ΔL*=7.36, adj=1.00, leg=True); RGB(136, 8, 9) vs RGB(4, 19, 255) (ΔE00=44.3, ΔL*=5.46, adj=1.00, le"
10.1145_3624724__73f9e8a1__p001__b00,10.1145_3624724__73f9e8a1__p001__b00,10.1145_3624724,10.1145_3624724.pdf,1,0,Computer Science/10.1145_3624724/crops/10.1145_3624724__73f9e8a1__p001__b00.png,yes,rainbow_gradient,n/a,model,,,,
10.1145_3624724__73f9e8a1__p002__b00,10.1145_3624724__73f9e8a1__p002__b00,10.1145_3624724,10.1145_3624724.pdf,2,0,Computer Science/10.1145_3624724/crops/10.1145_3624724__73f9e8a1__p002__b00.png,yes,discrete,accessible,model,ACCESSIBLE,0.0,4,"V4 score=0.000 (thr=0.08); kein Pair kollabiert; globaler cluster_loss=0, n_color=4, komponenten: pair=0.00 + cluster_loss=0.00 + complexity=0.00 + cvd=0.00 + legend=0.00"
10.1145_3624724__73f9e8a1__p002__b01,10.1145_3624724__73f9e8a1__p002__b01,10.1145_3624724,10.1145_3624724.pdf,2,1,Computer Science/10.1145_3624724/crops/10.1145_3624724__73f9e8a1__p002__b01.png,yes,rainbow_gradient,n/a,model,,,,
10.1145_3624724__73f9e8a1__p003__b00,10.1145_3624724__73f9e8a1__p003__b00,10.1145_3624724,10.1145_3624724.pdf,3,0,Computer Science/10.1145_3624724/crops/10.1145_3624724__73f9e8a1__p003__b00.png,yes,rainbow_gradient,n/a,model,,,,
10.1145_3624724__73f9e8a1__p006__b00,10.1145_3624724__73f9e8a1__p006__b00,10.1145_3624724,10.1145_3624724.pdf,6,0,Computer Science/10.1145_3624724/crops/10.1145_3624724__73f9e8a1__p006__b00.png,yes,rainbow_gradient,n/a,model,,,,
10.1145_3624724__73f9e8a1__p007__b00,10.1145_3624724__73f9e8a1__p007__b00,10.1145_3624724,10.1145_3624724.pdf,7,0,Computer Science/10.1145_3624724/crops/10.1145_3624724__73f9e8a1__p007__b00.png,yes,discrete,problematic,model,PROBLEMATIC,0.12,2,"V4 score=0.120 (thr=0.06); kein Pair kollabiert; globaler cluster_loss=2, n_color=5, komponenten: pair=0.00 + cluster_loss=0.08 + complexity=0.04 + cvd=0.00 + legend=0.00"
10.1145_3624724__73f9e8a1__p008__b00,10.1145_3624724__73f9e8a1__p008__b00,10.1145_3624724,10.1145_3624724.pdf,8,0,Computer Science/10.1145_3624724/crops/10.1145_3624724__73f9e8a1__p008__b00.png,yes,rainbow_gradient,n/a,model,,,,
10.1145_3624724__73f9e8a1__p010__b00,10.1145_3624724__73f9e8a1__p010__b00,10.1145_3624724,10.1145_3624724.pdf,10,0,Computer Science/10.1145_3624724/crops/10.1145_3624724__73f9e8a1__p010__b00.png,yes,discrete,accessible,model,ACCESSIBLE,0.04,2,"V4 score=0.040 (thr=0.06); kein Pair kollabiert; globaler cluster_loss=1, n_color=3, komponenten: pair=0.00 + cluster_loss=0.04 + complexity=0.00 + cvd=0.00 + legend=0.00"
10.1145_3624724__73f9e8a1__p010__b01,10.1145_3624724__73f9e8a1__p010__b01,10.1145_3624724,10.1145_3624724.pdf,10,1,Computer Science/10.1145_3624724/crops/10.1145_3624724__73f9e8a1__p010__b01.png,yes,discrete,accessible,model,ACCESSIBLE,0.04,2,"V4 score=0.040 (thr=0.06); kein Pair kollabiert; globaler cluster_loss=1, n_color=3, komponenten: pair=0.00 + cluster_loss=0.04 + complexity=0.00 + cvd=0.00 + legend=0.00"
10.1145_3624724__73f9e8a1__p011__b00,10.1145_3624724__73f9e8a1__p011__b00,10.1145_3624724,10.1145_3624724.pdf,11,0,Computer Science/10.1145_3624724/crops/10.1145_3624724__73f9e8a1__p011__b00.png,yes,discrete,problematic,model,PROBLEMATIC,0.08,2,"V4 score=0.080 (thr=0.06); kein Pair kollabiert; globaler cluster_loss=2, n_color=4, komponenten: pair=0.00 + cluster_loss=0.08 + complexity=0.00 + cvd=0.00 + legend=0.00"
10.1186_s40537-024-00905-w__0aa28ddf__p007__b00,10.1186_s40537-024-00905-w__0aa28ddf__p007__b00,10.1186_s40537-024-00905-w,10.1186_s40537-024-00905-w.pdf,7,0,Computer Science/10.1186_s40537-024-00905-w/crops/10.1186_s40537-024-00905-w__0aa28ddf__p007__b00.png,yes,discrete,accessible,model,ACCESSIBLE,0.0,0,Zu wenige chromatische Pixel (85) — keine Farbcodierung.
10.1186_s40537-024-00905-w__0aa28ddf__p010__b00,10.1186_s40537-024-00905-w__0aa28ddf__p010__b00,10.1186_s40537-024-00905-w,10.1186_s40537-024-00905-w.pdf,10,0,Computer Science/10.1186_s40537-024-00905-w/crops/10.1186_s40537-024-00905-w__0aa28ddf__p010__b00.png,yes,discrete,accessible,model,ACCESSIBLE,0.0,0,Zu wenige chromatische Pixel (0) — keine Farbcodierung.
10.1186_s40537-024-00905-w__0aa28ddf__p010__b01,10.1186_s40537-024-00905-w__0aa28ddf__p010__b01,10.1186_s40537-024-00905-w,10.1186_s40537-024-00905-w.pdf,10,1,Computer Science/10.1186_s40537-024-00905-w/crops/10.1186_s40537-024-00905-w__0aa28ddf__p010__b01.png,yes,discrete,accessible,model,ACCESSIBLE,0.0,0,Zu wenige chromatische Pixel (0) — keine Farbcodierung.
10.1186_s40537-024-00905-w__0aa28ddf__p011__b00,10.1186_s40537-024-00905-w__0aa28ddf__p011__b00,10.1186_s40537-024-00905-w,10.1186_s40537-024-00905-w.pdf,11,0,Computer Science/10.1186_s40537-024-00905-w/crops/10.1186_s40537-024-00905-w__0aa28ddf__p011__b00.png,yes,discrete,accessible,model,ACCESSIBLE,0.0,0,Zu wenige chromatische Pixel (0) — keine Farbcodierung.
10.1186_s40537-024-00905-w__0aa28ddf__p011__b01,10.1186_s40537-024-00905-w__0aa28ddf__p011__b01,10.1186_s40537-024-00905-w,10.1186_s40537-024-00905-w.pdf,11,1,Computer Science/10.1186_s40537-024-00905-w/crops/10.1186_s40537-024-00905-w__0aa28ddf__p011__b01.png,yes,discrete,accessible,model,ACCESSIBLE,0.0,0,Zu wenige chromatische Pixel (0) — keine Farbcodierung.
10.1186_s40537-024-00905-w__0aa28ddf__p011__b02,10.1186_s40537-024-00905-w__0aa28ddf__p011__b02,10.1186_s40537-024-00905-w,10.1186_s40537-024-00905-w.pdf,11,2,Computer Science/10.1186_s40537-024-00905-w/crops/10.1186_s40537-024-00905-w__0aa28ddf__p011__b02.png,yes,discrete,accessible,model,ACCESSIBLE,0.0,0,Zu wenige chromatische Pixel (0) — keine Farbcodierung.
10.1186_s40537-024-00905-w__0aa28ddf__p011__b03,10.1186_s40537-024-00905-w__0aa28ddf__p011__b03,10.1186_s40537-024-00905-w,10.1186_s40537-024-00905-w.pdf,11,3,Computer Science/10.1186_s40537-024-00905-w/crops/10.1186_s40537-024-00905-w__0aa28ddf__p011__b03.png,yes,discrete,accessible,model,ACCESSIBLE,0.0,0,Zu wenige chromatische Pixel (0) — keine Farbcodierung.
10.1186_s40537-024-00905-w__0aa28ddf__p012__b00,10.1186_s40537-024-00905-w__0aa28ddf__p012__b00,10.1186_s40537-024-00905-w,10.1186_s40537-024-00905-w.pdf,12,0,Computer Science/10.1186_s40537-024-00905-w/crops/10.1186_s40537-024-00905-w__0aa28ddf__p012__b00.png,yes,discrete,accessible,model,ACCESSIBLE,0.0,0,Zu wenige chromatische Pixel (0) — keine Farbcodierung.
10.1186_s40537-024-00905-w__0aa28ddf__p012__b01,10.1186_s40537-024-00905-w__0aa28ddf__p012__b01,10.1186_s40537-024-00905-w,10.1186_s40537-024-00905-w.pdf,12,1,Computer Science/10.1186_s40537-024-00905-w/crops/10.1186_s40537-024-00905-w__0aa28ddf__p012__b01.png,yes,discrete,accessible,model,ACCESSIBLE,0.0,0,Zu wenige chromatische Pixel (0) — keine Farbcodierung.
10.1186_s40537-024-00905-w__0aa28ddf__p013__b00,10.1186_s40537-024-00905-w__0aa28ddf__p013__b00,10.1186_s40537-024-00905-w,10.1186_s40537-024-00905-w.pdf,13,0,Computer Science/10.1186_s40537-024-00905-w/crops/10.1186_s40537-024-00905-w__0aa28ddf__p013__b00.png,yes,discrete,accessible,model,ACCESSIBLE,0.0,0,Zu wenige chromatische Pixel (82) — keine Farbcodierung.
10.31695_ijasre.2024.1.1__3b05f907__p006__b00,10.31695_ijasre.2024.1.1__3b05f907__p006__b00,10.31695_ijasre.2024.1.1,10.31695_ijasre.2024.1.1.pdf,6,0,Computer Science/10.31695_ijasre.2024.1.1/crops/10.31695_ijasre.2024.1.1__3b05f907__p006__b00.png,yes,rainbow_gradient,n/a,model,,,,
10.58496_bjml_2024_007__720f3001__p005__b00,10.58496_bjml_2024_007__720f3001__p005__b00,10.58496_bjml_2024_007,10.58496_bjml_2024_007.pdf,5,0,Computer Science/10.58496_bjml_2024_007/crops/10.58496_bjml_2024_007__720f3001__p005__b00.png,yes,discrete,problematic,model,PROBLEMATIC,0.284,6,"V4 score=0.284 (thr=0.16, cluster_loss=0); komponenten: pair=0.20 + cluster_loss=0.00 + complexity=0.08 + cvd=0.00 + legend=0.00; 4 kollabierte Paare; RGB(217, 80, 68) vs RGB(29, 155, 216) (ΔE00=51.94, ΔL*=7.43, adj=1.00, leg=True); RGB(217, 80, 68) vs RGB(129, 97, 20) (ΔE00=31.52, ΔL*=9.66, adj=1.0"
10.61603_ceas.v2i1.33__639acd23__p002__b00,10.61603_ceas.v2i1.33__639acd23__p002__b00,10.61603_ceas.v2i1.33,10.61603_ceas.v2i1.33.pdf,2,0,Computer Science/10.61603_ceas.v2i1.33/crops/10.61603_ceas.v2i1.33__639acd23__p002__b00.png,yes,discrete,problematic,model,PROBLEMATIC,0.207,5,"V4 score=0.207 (thr=0.06, cluster_loss=1); komponenten: pair=0.13 + cluster_loss=0.04 + complexity=0.04 + cvd=0.00 + legend=0.00; 1 kollabierte Paare; RGB(171, 212, 223) vs RGB(240, 200, 163) (ΔE00=29.31, ΔL*=0.68, adj=0.30, leg=False)"
10.61603_ceas.v2i1.33__639acd23__p004__b00,10.61603_ceas.v2i1.33__639acd23__p004__b00,10.61603_ceas.v2i1.33,10.61603_ceas.v2i1.33.pdf,4,0,Computer Science/10.61603_ceas.v2i1.33/crops/10.61603_ceas.v2i1.33__639acd23__p004__b00.png,yes,discrete,accessible,model,ACCESSIBLE,0.0,1,Nach Spatial-Filter < 2 Farbregionen (1).
10.61603_ceas.v2i1.33__639acd23__p004__b01,10.61603_ceas.v2i1.33__639acd23__p004__b01,10.61603_ceas.v2i1.33,10.61603_ceas.v2i1.33.pdf,4,1,Computer Science/10.61603_ceas.v2i1.33/crops/10.61603_ceas.v2i1.33__639acd23__p004__b01.png,yes,rainbow_gradient,n/a,model,,,,
10.61603_ceas.v2i1.33__639acd23__p005__b00,10.61603_ceas.v2i1.33__639acd23__p005__b00,10.61603_ceas.v2i1.33,10.61603_ceas.v2i1.33.pdf,5,0,Computer Science/10.61603_ceas.v2i1.33/crops/10.61603_ceas.v2i1.33__639acd23__p005__b00.png,yes,rainbow_gradient,n/a,model,,,,
10.61603_ceas.v2i1.33__639acd23__p005__b01,10.61603_ceas.v2i1.33__639acd23__p005__b01,10.61603_ceas.v2i1.33,10.61603_ceas.v2i1.33.pdf,5,1,Computer Science/10.61603_ceas.v2i1.33/crops/10.61603_ceas.v2i1.33__639acd23__p005__b01.png,yes,rainbow_gradient,n/a,model,,,,
10.61603_ceas.v2i1.33__639acd23__p005__b02,10.61603_ceas.v2i1.33__639acd23__p005__b02,10.61603_ceas.v2i1.33,10.61603_ceas.v2i1.33.pdf,5,2,Computer Science/10.61603_ceas.v2i1.33/crops/10.61603_ceas.v2i1.33__639acd23__p005__b02.png,yes,discrete,accessible,model,ACCESSIBLE,0.0,2,"V4 score=0.000 (thr=0.16); kein Pair kollabiert; globaler cluster_loss=0, n_color=4, komponenten: pair=0.00 + cluster_loss=0.00 + complexity=0.00 + cvd=0.00 + legend=0.00"
10.61603_ceas.v2i1.33__639acd23__p005__b03,10.61603_ceas.v2i1.33__639acd23__p005__b03,10.61603_ceas.v2i1.33,10.61603_ceas.v2i1.33.pdf,5,3,Computer Science/10.61603_ceas.v2i1.33/crops/10.61603_ceas.v2i1.33__639acd23__p005__b03.png,yes,discrete,accessible,model,ACCESSIBLE,0.0,2,"V4 score=0.000 (thr=0.16); kein Pair kollabiert; globaler cluster_loss=0, n_color=3, komponenten: pair=0.00 + cluster_loss=0.00 + complexity=0.00 + cvd=0.00 + legend=0.00"
10.61603_ceas.v2i1.33__639acd23__p005__b04,10.61603_ceas.v2i1.33__639acd23__p005__b04,10.61603_ceas.v2i1.33,10.61603_ceas.v2i1.33.pdf,5,4,Computer Science/10.61603_ceas.v2i1.33/crops/10.61603_ceas.v2i1.33__639acd23__p005__b04.png,yes,discrete,accessible,model,ACCESSIBLE,0.0,2,"V4 score=0.000 (thr=0.16); kein Pair kollabiert; globaler cluster_loss=0, n_color=3, komponenten: pair=0.00 + cluster_loss=0.00 + complexity=0.00 + cvd=0.00 + legend=0.00"
10.61603_ceas.v2i1.33__639acd23__p006__b00,10.61603_ceas.v2i1.33__639acd23__p006__b00,10.61603_ceas.v2i1.33,10.61603_ceas.v2i1.33.pdf,6,0,Computer Science/10.61603_ceas.v2i1.33/crops/10.61603_ceas.v2i1.33__639acd23__p006__b00.png,yes,discrete,problematic,model,PROBLEMATIC,0.465,7,"V4 score=0.465 (thr=0.16, cluster_loss=0); komponenten: pair=0.21 + cluster_loss=0.00 + complexity=0.20 + cvd=0.06 + legend=0.00; 3 kollabierte Paare; RGB(252, 253, 0) vs RGB(235, 239, 236) (ΔE00=29.49, ΔL*=2.54, adj=1.00, leg=True); RGB(127, 155, 155) vs RGB(128, 130, 1) (ΔE00=29.51, ΔL*=9.16, adj="
10.1038_s41467-023-43532-4__019d8162__p002__b00,10.1038_s41467-023-43532-4__019d8162__p002__b00,10.1038_s41467-023-43532-4,10.1038_s41467-023-43532-4.pdf,2,0,Earth and Planetary Sciences/10.1038_s41467-023-43532-4/crops/10.1038_s41467-023-43532-4__019d8162__p002__b00.png,yes,rainbow_gradient,n/a,model,,,,
10.1038_s41467-023-43532-4__019d8162__p002__b01,10.1038_s41467-023-43532-4__019d8162__p002__b01,10.1038_s41467-023-43532-4,10.1038_s41467-023-43532-4.pdf,2,1,Earth and Planetary Sciences/10.1038_s41467-023-43532-4/crops/10.1038_s41467-023-43532-4__019d8162__p002__b01.png,yes,rainbow_gradient,n/a,model,,,,
10.1038_s41467-023-43532-4__019d8162__p002__b02,10.1038_s41467-023-43532-4__019d8162__p002__b02,10.1038_s41467-023-43532-4,10.1038_s41467-023-43532-4.pdf,2,2,Earth and Planetary Sciences/10.1038_s41467-023-43532-4/crops/10.1038_s41467-023-43532-4__019d8162__p002__b02.png,yes,rainbow_gradient,n/a,model,,,,
10.1038_s41467-023-43532-4__019d8162__p002__b03,10.1038_s41467-023-43532-4__019d8162__p002__b03,10.1038_s41467-023-43532-4,10.1038_s41467-023-43532-4.pdf,2,3,Earth and Planetary Sciences/10.1038_s41467-023-43532-4/crops/10.1038_s41467-023-43532-4__019d8162__p002__b03.png,yes,rainbow_gradient,n/a,model,,,,
10.1038_s41467-023-43532-4__019d8162__p002__b04,10.1038_s41467-023-43532-4__019d8162__p002__b04,10.1038_s41467-023-43532-4,10.1038_s41467-023-43532-4.pdf,2,4,Earth and Planetary Sciences/10.1038_s41467-023-43532-4/crops/10.1038_s41467-023-43532-4__019d8162__p002__b04.png,yes,rainbow_gradient,n/a,model,,,,
10.1038_s41467-023-43532-4__019d8162__p002__b05,10.1038_s41467-023-43532-4__019d8162__p002__b05,10.1038_s41467-023-43532-4,10.1038_s41467-023-43532-4.pdf,2,5,Earth and Planetary Sciences/10.1038_s41467-023-43532-4/crops/10.1038_s41467-023-43532-4__019d8162__p002__b05.png,yes,rainbow_gradient,n/a,model,,,,
10.1038_s41467-023-43532-4__019d8162__p003__b00,10.1038_s41467-023-43532-4__019d8162__p003__b00,10.1038_s41467-023-43532-4,10.1038_s41467-023-43532-4.pdf,3,0,Earth and Planetary Sciences/10.1038_s41467-023-43532-4/crops/10.1038_s41467-023-43532-4__019d8162__p003__b00.png,yes,discrete,accessible,model,ACCESSIBLE,0.105,6,"V4 score=0.105 (thr=0.16, cluster_loss=0); komponenten: pair=0.03 + cluster_loss=0.00 + complexity=0.08 + cvd=0.00 + legend=0.00; 4 kollabierte Paare; RGB(244, 192, 157) vs RGB(163, 195, 220) (ΔE00=30.96, ΔL*=4.39, adj=0.30, leg=False); RGB(244, 192, 157) vs RGB(250, 157, 158) (ΔE00=17.51, ΔL*=7.74,"
10.1038_s41467-023-43532-4__019d8162__p003__b01,10.1038_s41467-023-43532-4__019d8162__p003__b01,10.1038_s41467-023-43532-4,10.1038_s41467-023-43532-4.pdf,3,1,Earth and Planetary Sciences/10.1038_s41467-023-43532-4/crops/10.1038_s41467-023-43532-4__019d8162__p003__b01.png,yes,discrete,problematic,model,PROBLEMATIC,0.27,6,"V4 score=0.270 (thr=0.16, cluster_loss=0); komponenten: pair=0.19 + cluster_loss=0.00 + complexity=0.08 + cvd=0.00 + legend=0.00; 3 kollabierte Paare; RGB(245, 193, 162) vs RGB(167, 196, 217) (ΔE00=30.09, ΔL*=4.34, adj=1.00, leg=True); RGB(245, 193, 162) vs RGB(251, 157, 156) (ΔE00=16.72, ΔL*=7.96, "
10.1038_s41467-023-43532-4__019d8162__p003__b02,10.1038_s41467-023-43532-4__019d8162__p003__b02,10.1038_s41467-023-43532-4,10.1038_s41467-023-43532-4.pdf,3,2,Earth and Planetary Sciences/10.1038_s41467-023-43532-4/crops/10.1038_s41467-023-43532-4__019d8162__p003__b02.png,yes,discrete,accessible,model,ACCESSIBLE,0.154,6,"V4 score=0.154 (thr=0.16, cluster_loss=0); komponenten: pair=0.07 + cluster_loss=0.00 + complexity=0.08 + cvd=0.00 + legend=0.00; 4 kollabierte Paare; RGB(246, 193, 158) vs RGB(169, 195, 217) (ΔE00=30.23, ΔL*=4.18, adj=0.30, leg=False); RGB(246, 193, 158) vs RGB(250, 156, 155) (ΔE00=17.5, ΔL*=8.02, "
10.1038_s41467-023-43532-4__019d8162__p004__b00,10.1038_s41467-023-43532-4__019d8162__p004__b00,10.1038_s41467-023-43532-4,10.1038_s41467-023-43532-4.pdf,4,0,Earth and Planetary Sciences/10.1038_s41467-023-43532-4/crops/10.1038_s41467-023-43532-4__019d8162__p004__b00.png,yes,discrete,accessible,model,ACCESSIBLE,0.0,0,Zu wenige chromatische Pixel (0) — keine Farbcodierung.
10.1038_s41467-023-43532-4__019d8162__p004__b01,10.1038_s41467-023-43532-4__019d8162__p004__b01,10.1038_s41467-023-43532-4,10.1038_s41467-023-43532-4.pdf,4,1,Earth and Planetary Sciences/10.1038_s41467-023-43532-4/crops/10.1038_s41467-023-43532-4__019d8162__p004__b01.png,yes,discrete,accessible,model,ACCESSIBLE,0.0,0,Zu wenige chromatische Pixel (0) — keine Farbcodierung.
10.1038_s41467-023-43532-4__019d8162__p004__b02,10.1038_s41467-023-43532-4__019d8162__p004__b02,10.1038_s41467-023-43532-4,10.1038_s41467-023-43532-4.pdf,4,2,Earth and Planetary Sciences/10.1038_s41467-023-43532-4/crops/10.1038_s41467-023-43532-4__019d8162__p004__b02.png,yes,discrete,accessible,model,ACCESSIBLE,0.0,0,Zu wenige chromatische Pixel (0) — keine Farbcodierung.
10.1038_s41467-023-43532-4__019d8162__p005__b00,10.1038_s41467-023-43532-4__019d8162__p005__b00,10.1038_s41467-023-43532-4,10.1038_s41467-023-43532-4.pdf,5,0,Earth and Planetary Sciences/10.1038_s41467-023-43532-4/crops/10.1038_s41467-023-43532-4__019d8162__p005__b00.png,yes,discrete,problematic,model,PROBLEMATIC,0.209,7,"V4 score=0.209 (thr=0.08, cluster_loss=0); komponenten: pair=0.01 + cluster_loss=0.00 + complexity=0.20 + cvd=0.00 + legend=0.00; 1 kollabierte Paare; RGB(131, 173, 210) vs RGB(253, 131, 132) (ΔE00=39.7, ΔL*=0.14, adj=1.00, leg=True)"
10.1038_s41467-023-43532-4__019d8162__p005__b01,10.1038_s41467-023-43532-4__019d8162__p005__b01,10.1038_s41467-023-43532-4,10.1038_s41467-023-43532-4.pdf,5,1,Earth and Planetary Sciences/10.1038_s41467-023-43532-4/crops/10.1038_s41467-023-43532-4__019d8162__p005__b01.png,yes,discrete,problematic,model,PROBLEMATIC,0.428,7,"V4 score=0.428 (thr=0.16, cluster_loss=0); komponenten: pair=0.27 + cluster_loss=0.00 + complexity=0.16 + cvd=0.00 + legend=0.00; 3 kollabierte Paare; RGB(225, 235, 243) vs RGB(253, 219, 220) (ΔE00=18.86, ΔL*=2.27, adj=1.00, leg=True); RGB(126, 170, 208) vs RGB(254, 138, 138) (ΔE00=39.2, ΔL*=2.42, a"
10.1038_s41467-023-43532-4__019d8162__p005__b02,10.1038_s41467-023-43532-4__019d8162__p005__b02,10.1038_s41467-023-43532-4,10.1038_s41467-023-43532-4.pdf,5,2,Earth and Planetary Sciences/10.1038_s41467-023-43532-4/crops/10.1038_s41467-023-43532-4__019d8162__p005__b02.png,yes,discrete,problematic,model,PROBLEMATIC,0.437,7,"V4 score=0.437 (thr=0.08, cluster_loss=0); komponenten: pair=0.28 + cluster_loss=0.00 + complexity=0.16 + cvd=0.00 + legend=0.00; 4 kollabierte Paare; RGB(227, 237, 245) vs RGB(253, 219, 220) (ΔE00=18.83, ΔL*=3.21, adj=1.00, leg=True); RGB(127, 171, 209) vs RGB(254, 138, 138) (ΔE00=39.42, ΔL*=1.93, "
10.1038_s43247-024-01761-5__8acad1a5__p002__b00,10.1038_s43247-024-01761-5__8acad1a5__p002__b00,10.1038_s43247-024-01761-5,10.1038_s43247-024-01761-5.pdf,2,0,Earth and Planetary Sciences/10.1038_s43247-024-01761-5/crops/10.1038_s43247-024-01761-5__8acad1a5__p002__b00.png,yes,discrete,problematic,model,PROBLEMATIC,0.415,6,"V4 score=0.415 (thr=0.08, cluster_loss=0); komponenten: pair=0.25 + cluster_loss=0.00 + complexity=0.16 + cvd=0.00 + legend=0.00; 2 kollabierte Paare; RGB(254, 13, 13) vs RGB(37, 125, 184) (ΔE00=51.16, ΔL*=2.98, adj=1.00, leg=False); RGB(103, 162, 203) vs RGB(252, 119, 118) (ΔE00=45.61, ΔL*=1.41, ad"
10.1038_s43247-024-01761-5__8acad1a5__p003__b00,10.1038_s43247-024-01761-5__8acad1a5__p003__b00,10.1038_s43247-024-01761-5,10.1038_s43247-024-01761-5.pdf,3,0,Earth and Planetary Sciences/10.1038_s43247-024-01761-5/crops/10.1038_s43247-024-01761-5__8acad1a5__p003__b00.png,yes,discrete,problematic,model,PROBLEMATIC,0.7,8,"V4 score=0.700 (thr=0.06, cluster_loss=2); komponenten: pair=0.28 + cluster_loss=0.08 + complexity=0.28 + cvd=0.06 + legend=0.00; 4 kollabierte Paare; RGB(130, 12, 132) vs RGB(139, 7, 6) (ΔE00=33.7, ΔL*=2.5, adj=0.30, leg=False); RGB(248, 240, 240) vs RGB(178, 221, 234) (ΔE00=20.77, ΔL*=9.79, adj=1."
10.1038_s43247-024-01761-5__8acad1a5__p003__b01,10.1038_s43247-024-01761-5__8acad1a5__p003__b01,10.1038_s43247-024-01761-5,10.1038_s43247-024-01761-5.pdf,3,1,Earth and Planetary Sciences/10.1038_s43247-024-01761-5/crops/10.1038_s43247-024-01761-5__8acad1a5__p003__b01.png,yes,discrete,problematic,model,PROBLEMATIC,0.494,8,"V4 score=0.494 (thr=0.16, cluster_loss=0); komponenten: pair=0.33 + cluster_loss=0.00 + complexity=0.16 + cvd=0.00 + legend=0.00; 3 kollabierte Paare; RGB(191, 194, 193) vs RGB(191, 195, 249) (ΔE00=19.08, ΔL*=1.92, adj=1.00, leg=True); RGB(245, 21, 23) vs RGB(219, 108, 107) (ΔE00=15.29, ΔL*=7.11, ad"
10.1126_sciadv.adt5369__26c6daf0__p001__b00,10.1126_sciadv.adt5369__26c6daf0__p001__b00,10.1126_sciadv.adt5369,10.1126_sciadv.adt5369.pdf,1,0,Earth and Planetary Sciences/10.1126_sciadv.adt5369/crops/10.1126_sciadv.adt5369__26c6daf0__p001__b00.png,yes,rainbow_gradient,n/a,model,,,,
10.1126_sciadv.adt5369__26c6daf0__p003__b00,10.1126_sciadv.adt5369__26c6daf0__p003__b00,10.1126_sciadv.adt5369,10.1126_sciadv.adt5369.pdf,3,0,Earth and Planetary Sciences/10.1126_sciadv.adt5369/crops/10.1126_sciadv.adt5369__26c6daf0__p003__b00.png,yes,rainbow_gradient,n/a,model,,,,
10.1175_jcli-d-23-0479.1__b829941e__p002__b00,10.1175_jcli-d-23-0479.1__b829941e__p002__b00,10.1175_jcli-d-23-0479.1,10.1175_jcli-d-23-0479.1.pdf,2,0,Earth and Planetary Sciences/10.1175_jcli-d-23-0479.1/crops/10.1175_jcli-d-23-0479.1__b829941e__p002__b00.png,yes,discrete,problematic,model,PROBLEMATIC,0.316,6,"V4 score=0.316 (thr=0.16, cluster_loss=0); komponenten: pair=0.16 + cluster_loss=0.00 + complexity=0.16 + cvd=0.00 + legend=0.00; 2 kollabierte Paare; RGB(252, 170, 2) vs RGB(0, 193, 194) (ΔE00=46.23, ΔL*=4.81, adj=1.00, leg=True); RGB(40, 20, 10) vs RGB(72, 35, 2) (ΔE00=11.65, ΔL*=9.6, adj=1.00, le"
10.1175_jcli-d-23-0479.1__b829941e__p004__b00,10.1175_jcli-d-23-0479.1__b829941e__p004__b00,10.1175_jcli-d-23-0479.1,10.1175_jcli-d-23-0479.1.pdf,4,0,Earth and Planetary Sciences/10.1175_jcli-d-23-0479.1/crops/10.1175_jcli-d-23-0479.1__b829941e__p004__b00.png,yes,discrete,problematic,model,PROBLEMATIC,0.842,8,"V4 score=0.842 (thr=0.06, cluster_loss=3); komponenten: pair=0.38 + cluster_loss=0.12 + complexity=0.28 + cvd=0.06 + legend=0.00; 5 kollabierte Paare; RGB(48, 255, 255) vs RGB(222, 211, 255) (ΔE00=35.66, ΔL*=4.56, adj=1.00, leg=True); RGB(48, 255, 255) vs RGB(254, 193, 78) (ΔE00=44.72, ΔL*=9.71, adj"
10.1175_jcli-d-23-0479.1__b829941e__p005__b00,10.1175_jcli-d-23-0479.1__b829941e__p005__b00,10.1175_jcli-d-23-0479.1,10.1175_jcli-d-23-0479.1.pdf,5,0,Earth and Planetary Sciences/10.1175_jcli-d-23-0479.1/crops/10.1175_jcli-d-23-0479.1__b829941e__p005__b00.png,yes,discrete,problematic,model,PROBLEMATIC,0.2,2,"V4 score=0.200 (thr=0.16); kein Pair kollabiert; globaler cluster_loss=0, n_color=9, komponenten: pair=0.00 + cluster_loss=0.00 + complexity=0.20 + cvd=0.00 + legend=0.00"
10.1175_jcli-d-23-0479.1__b829941e__p006__b00,10.1175_jcli-d-23-0479.1__b829941e__p006__b00,10.1175_jcli-d-23-0479.1,10.1175_jcli-d-23-0479.1.pdf,6,0,Earth and Planetary Sciences/10.1175_jcli-d-23-0479.1/crops/10.1175_jcli-d-23-0479.1__b829941e__p006__b00.png,yes,discrete,accessible,model,ACCESSIBLE,0.085,5,"V4 score=0.085 (thr=0.16, cluster_loss=0); komponenten: pair=0.05 + cluster_loss=0.00 + complexity=0.04 + cvd=0.00 + legend=0.00; 1 kollabierte Paare; RGB(254, 115, 116) vs RGB(254, 160, 160) (ΔE00=10.13, ΔL*=9.77, adj=1.00, leg=True)"
10.1175_jcli-d-23-0479.1__b829941e__p006__b01,10.1175_jcli-d-23-0479.1__b829941e__p006__b01,10.1175_jcli-d-23-0479.1,10.1175_jcli-d-23-0479.1.pdf,6,1,Earth and Planetary Sciences/10.1175_jcli-d-23-0479.1/crops/10.1175_jcli-d-23-0479.1__b829941e__p006__b01.png,yes,discrete,problematic,model,PROBLEMATIC,0.538,8,"V4 score=0.538 (thr=0.06, cluster_loss=1); komponenten: pair=0.26 + cluster_loss=0.04 + complexity=0.24 + cvd=0.00 + legend=0.00; 5 kollabierte Paare; RGB(240, 237, 238) vs RGB(250, 218, 175) (ΔE00=17.04, ΔL*=5.65, adj=1.00, leg=True); RGB(97, 205, 154) vs RGB(162, 198, 217) (ΔE00=26.35, ΔL*=2.52, a"
10.1175_jcli-d-23-0479.1__b829941e__p007__b00,10.1175_jcli-d-23-0479.1__b829941e__p007__b00,10.1175_jcli-d-23-0479.1,10.1175_jcli-d-23-0479.1.pdf,7,0,Earth and Planetary Sciences/10.1175_jcli-d-23-0479.1/crops/10.1175_jcli-d-23-0479.1__b829941e__p007__b00.png,yes,discrete,problematic,model,PROBLEMATIC,0.196,5,"V4 score=0.196 (thr=0.06, cluster_loss=1); komponenten: pair=0.12 + cluster_loss=0.04 + complexity=0.04 + cvd=0.00 + legend=0.00; 5 kollabierte Paare; RGB(254, 241, 184) vs RGB(217, 244, 252) (ΔE00=24.31, ΔL*=0.34, adj=0.30, leg=False); RGB(254, 241, 184) vs RGB(254, 217, 116) (ΔE00=10.75, ΔL*=7.04,"
10.1175_jcli-d-23-0479.1__b829941e__p007__b01,10.1175_jcli-d-23-0479.1__b829941e__p007__b01,10.1175_jcli-d-23-0479.1,10.1175_jcli-d-23-0479.1.pdf,7,1,Earth and Planetary Sciences/10.1175_jcli-d-23-0479.1/crops/10.1175_jcli-d-23-0479.1__b829941e__p007__b01.png,yes,discrete,problematic,model,PROBLEMATIC,0.343,5,"V4 score=0.343 (thr=0.06, cluster_loss=2); komponenten: pair=0.22 + cluster_loss=0.08 + complexity=0.04 + cvd=0.00 + legend=0.00; 8 kollabierte Paare; RGB(155, 228, 250) vs RGB(253, 216, 112) (ΔE00=39.8, ΔL*=1.09, adj=0.30, leg=False); RGB(155, 228, 250) vs RGB(253, 240, 183) (ΔE00=32.39, ΔL*=8.1, a"
10.1175_jcli-d-23-0479.1__b829941e__p007__b02,10.1175_jcli-d-23-0479.1__b829941e__p007__b02,10.1175_jcli-d-23-0479.1,10.1175_jcli-d-23-0479.1.pdf,7,2,Earth and Planetary Sciences/10.1175_jcli-d-23-0479.1/crops/10.1175_jcli-d-23-0479.1__b829941e__p007__b02.png,yes,discrete,accessible,model,ACCESSIBLE,0.0,0,Zu wenige chromatische Pixel (0) — keine Farbcodierung.
10.1175_jcli-d-23-0479.1__b829941e__p007__b03,10.1175_jcli-d-23-0479.1__b829941e__p007__b03,10.1175_jcli-d-23-0479.1,10.1175_jcli-d-23-0479.1.pdf,7,3,Earth and Planetary Sciences/10.1175_jcli-d-23-0479.1/crops/10.1175_jcli-d-23-0479.1__b829941e__p007__b03.png,yes,discrete,accessible,model,ACCESSIBLE,0.0,0,Zu wenige chromatische Pixel (0) — keine Farbcodierung.
10.1175_jcli-d-23-0479.1__b829941e__p008__b00,10.1175_jcli-d-23-0479.1__b829941e__p008__b00,10.1175_jcli-d-23-0479.1,10.1175_jcli-d-23-0479.1.pdf,8,0,Earth and Planetary Sciences/10.1175_jcli-d-23-0479.1/crops/10.1175_jcli-d-23-0479.1__b829941e__p008__b00.png,yes,discrete,problematic,model,PROBLEMATIC,0.397,6,"V4 score=0.397 (thr=0.08, cluster_loss=0); komponenten: pair=0.28 + cluster_loss=0.00 + complexity=0.12 + cvd=0.00 + legend=0.00; 4 kollabierte Paare; RGB(252, 221, 11) vs RGB(253, 186, 227) (ΔE00=55.68, ΔL*=5.53, adj=0.69, leg=False); RGB(252, 221, 11) vs RGB(137, 231, 250) (ΔE00=44.51, ΔL*=1.6, ad"
10.1175_jcli-d-23-0479.1__b829941e__p008__b01,10.1175_jcli-d-23-0479.1__b829941e__p008__b01,10.1175_jcli-d-23-0479.1,10.1175_jcli-d-23-0479.1.pdf,8,1,Earth and Planetary Sciences/10.1175_jcli-d-23-0479.1/crops/10.1175_jcli-d-23-0479.1__b829941e__p008__b01.png,yes,discrete,problematic,model,PROBLEMATIC,0.559,7,"V4 score=0.559 (thr=0.06, cluster_loss=2); komponenten: pair=0.32 + cluster_loss=0.08 + complexity=0.16 + cvd=0.00 + legend=0.00; 5 kollabierte Paare; RGB(253, 216, 13) vs RGB(245, 240, 247) (ΔE00=34.98, ΔL*=8.16, adj=1.00, leg=True); RGB(253, 216, 13) vs RGB(253, 189, 230) (ΔE00=53.98, ΔL*=3.82, ad"
10.1175_jcli-d-23-0479.1__b829941e__p009__b00,10.1175_jcli-d-23-0479.1__b829941e__p009__b00,10.1175_jcli-d-23-0479.1,10.1175_jcli-d-23-0479.1.pdf,9,0,Earth and Planetary Sciences/10.1175_jcli-d-23-0479.1/crops/10.1175_jcli-d-23-0479.1__b829941e__p009__b00.png,yes,discrete,problematic,model,PROBLEMATIC,1.0,8,"V4 score=1.000 (thr=0.08, cluster_loss=0); komponenten: pair=0.92 + cluster_loss=0.00 + complexity=0.28 + cvd=0.06 + legend=0.00; 8 kollabierte Paare; RGB(244, 236, 242) vs RGB(184, 218, 237) (ΔE00=19.06, ΔL*=8.76, adj=1.00, leg=True); RGB(184, 218, 237) vs RGB(245, 176, 222) (ΔE00=28.71, ΔL*=5.56, "
10.1175_jcli-d-23-0479.1__b829941e__p009__b01,10.1175_jcli-d-23-0479.1__b829941e__p009__b01,10.1175_jcli-d-23-0479.1,10.1175_jcli-d-23-0479.1.pdf,9,1,Earth and Planetary Sciences/10.1175_jcli-d-23-0479.1/crops/10.1175_jcli-d-23-0479.1__b829941e__p009__b01.png,yes,discrete,accessible,model,ACCESSIBLE,0.138,7,"V4 score=0.138 (thr=0.16, cluster_loss=0); komponenten: pair=0.02 + cluster_loss=0.00 + complexity=0.12 + cvd=0.00 + legend=0.00; 3 kollabierte Paare; RGB(255, 243, 213) vs RGB(234, 238, 255) (ΔE00=20.38, ΔL*=1.62, adj=1.00, leg=True); RGB(234, 238, 255) vs RGB(254, 228, 165) (ΔE00=28.34, ΔL*=2.79, "
10.3389_fclim.2024.1506181__f1e11bb7__p003__b00,10.3389_fclim.2024.1506181__f1e11bb7__p003__b00,10.3389_fclim.2024.1506181,10.3389_fclim.2024.1506181.pdf,3,0,Earth and Planetary Sciences/10.3389_fclim.2024.1506181/crops/10.3389_fclim.2024.1506181__f1e11bb7__p003__b00.png,yes,discrete,problematic,model,PROBLEMATIC,0.337,7,"V4 score=0.337 (thr=0.06, cluster_loss=1); komponenten: pair=0.18 + cluster_loss=0.04 + complexity=0.12 + cvd=0.00 + legend=0.00; 3 kollabierte Paare; RGB(147, 215, 215) vs RGB(176, 191, 116) (ΔE00=26.24, ΔL*=7.41, adj=1.00, leg=True); RGB(102, 99, 92) vs RGB(4, 95, 117) (ΔE00=20.78, ΔL*=5.16, adj=1"
10.3389_fclim.2024.1506181__f1e11bb7__p004__b00,10.3389_fclim.2024.1506181__f1e11bb7__p004__b00,10.3389_fclim.2024.1506181,10.3389_fclim.2024.1506181.pdf,4,0,Earth and Planetary Sciences/10.3389_fclim.2024.1506181/crops/10.3389_fclim.2024.1506181__f1e11bb7__p004__b00.png,yes,rainbow_gradient,n/a,model,,,,
10.3389_fclim.2024.1506181__f1e11bb7__p004__b01,10.3389_fclim.2024.1506181__f1e11bb7__p004__b01,10.3389_fclim.2024.1506181,10.3389_fclim.2024.1506181.pdf,4,1,Earth and Planetary Sciences/10.3389_fclim.2024.1506181/crops/10.3389_fclim.2024.1506181__f1e11bb7__p004__b01.png,yes,rainbow_gradient,n/a,model,,,,
10.3389_fclim.2024.1506181__f1e11bb7__p005__b00,10.3389_fclim.2024.1506181__f1e11bb7__p005__b00,10.3389_fclim.2024.1506181,10.3389_fclim.2024.1506181.pdf,5,0,Earth and Planetary Sciences/10.3389_fclim.2024.1506181/crops/10.3389_fclim.2024.1506181__f1e11bb7__p005__b00.png,yes,rainbow_gradient,n/a,model,,,,
10.3389_fmars.2023.1125137__dd3ccb74__p001__b00,10.3389_fmars.2023.1125137__dd3ccb74__p001__b00,10.3389_fmars.2023.1125137,10.3389_fmars.2023.1125137.pdf,1,0,Earth and Planetary Sciences/10.3389_fmars.2023.1125137/crops/10.3389_fmars.2023.1125137__dd3ccb74__p001__b00.png,yes,discrete,accessible,model,ACCESSIBLE,0.0,3,"V4 score=0.000 (thr=0.16); kein Pair kollabiert; globaler cluster_loss=0, n_color=3, komponenten: pair=0.00 + cluster_loss=0.00 + complexity=0.00 + cvd=0.00 + legend=0.00"
10.3389_fmars.2023.1125137__dd3ccb74__p005__b00,10.3389_fmars.2023.1125137__dd3ccb74__p005__b00,10.3389_fmars.2023.1125137,10.3389_fmars.2023.1125137.pdf,5,0,Earth and Planetary Sciences/10.3389_fmars.2023.1125137/crops/10.3389_fmars.2023.1125137__dd3ccb74__p005__b00.png,yes,discrete,problematic,model,PROBLEMATIC,0.135,5,"V4 score=0.135 (thr=0.06, cluster_loss=1); komponenten: pair=0.05 + cluster_loss=0.04 + complexity=0.04 + cvd=0.00 + legend=0.00; 1 kollabierte Paare; RGB(236, 35, 38) vs RGB(185, 82, 153) (ΔE00=29.64, ΔL*=0.7, adj=1.00, leg=True)"
10.3389_fmars.2023.1125137__dd3ccb74__p005__b01,10.3389_fmars.2023.1125137__dd3ccb74__p005__b01,10.3389_fmars.2023.1125137,10.3389_fmars.2023.1125137.pdf,5,1,Earth and Planetary Sciences/10.3389_fmars.2023.1125137/crops/10.3389_fmars.2023.1125137__dd3ccb74__p005__b01.png,yes,discrete,problematic,model,PROBLEMATIC,0.12,2,"V4 score=0.120 (thr=0.06); kein Pair kollabiert; globaler cluster_loss=2, n_color=5, komponenten: pair=0.00 + cluster_loss=0.08 + complexity=0.04 + cvd=0.00 + legend=0.00"
10.3389_fmars.2023.1125137__dd3ccb74__p007__b00,10.3389_fmars.2023.1125137__dd3ccb74__p007__b00,10.3389_fmars.2023.1125137,10.3389_fmars.2023.1125137.pdf,7,0,Earth and Planetary Sciences/10.3389_fmars.2023.1125137/crops/10.3389_fmars.2023.1125137__dd3ccb74__p007__b00.png,yes,discrete,problematic,model,PROBLEMATIC,0.261,6,"V4 score=0.261 (thr=0.06, cluster_loss=2); komponenten: pair=0.10 + cluster_loss=0.08 + complexity=0.08 + cvd=0.00 + legend=0.00; 2 kollabierte Paare; RGB(237, 40, 38) vs RGB(183, 88, 161) (ΔE00=30.59, ΔL*=0.03, adj=1.00, leg=True); RGB(239, 113, 105) vs RGB(146, 159, 205) (ΔE00=34.11, ΔL*=3.27, adj"
10.3389_fmars.2023.1125137__dd3ccb74__p007__b01,10.3389_fmars.2023.1125137__dd3ccb74__p007__b01,10.3389_fmars.2023.1125137,10.3389_fmars.2023.1125137.pdf,7,1,Earth and Planetary Sciences/10.3389_fmars.2023.1125137/crops/10.3389_fmars.2023.1125137__dd3ccb74__p007__b01.png,yes,discrete,accessible,model,ACCESSIBLE,0.0,3,"V4 score=0.000 (thr=0.08); kein Pair kollabiert; globaler cluster_loss=0, n_color=3, komponenten: pair=0.00 + cluster_loss=0.00 + complexity=0.00 + cvd=0.00 + legend=0.00"
10.3389_fmars.2023.1125137__dd3ccb74__p007__b02,10.3389_fmars.2023.1125137__dd3ccb74__p007__b02,10.3389_fmars.2023.1125137,10.3389_fmars.2023.1125137.pdf,7,2,Earth and Planetary Sciences/10.3389_fmars.2023.1125137/crops/10.3389_fmars.2023.1125137__dd3ccb74__p007__b02.png,yes,discrete,problematic,model,PROBLEMATIC,0.213,6,"V4 score=0.213 (thr=0.06, cluster_loss=2); komponenten: pair=0.05 + cluster_loss=0.08 + complexity=0.08 + cvd=0.00 + legend=0.00; 2 kollabierte Paare; RGB(235, 43, 40) vs RGB(184, 86, 160) (ΔE00=30.52, ΔL*=0.27, adj=0.05, leg=False); RGB(239, 130, 120) vs RGB(169, 166, 210) (ΔE00=29.49, ΔL*=3.54, ad"
10.3389_fmars.2023.1125137__dd3ccb74__p008__b00,10.3389_fmars.2023.1125137__dd3ccb74__p008__b00,10.3389_fmars.2023.1125137,10.3389_fmars.2023.1125137.pdf,8,0,Earth and Planetary Sciences/10.3389_fmars.2023.1125137/crops/10.3389_fmars.2023.1125137__dd3ccb74__p008__b00.png,yes,discrete,accessible,model,ACCESSIBLE,0.0,2,Fast-Path: nur 2 Farb- / 2 Grayscale-Cluster.
10.3389_fmars.2023.1125137__dd3ccb74__p008__b01,10.3389_fmars.2023.1125137__dd3ccb74__p008__b01,10.3389_fmars.2023.1125137,10.3389_fmars.2023.1125137.pdf,8,1,Earth and Planetary Sciences/10.3389_fmars.2023.1125137/crops/10.3389_fmars.2023.1125137__dd3ccb74__p008__b01.png,yes,discrete,problematic,model,PROBLEMATIC,0.182,8,"V4 score=0.182 (thr=0.16, cluster_loss=0); komponenten: pair=0.02 + cluster_loss=0.00 + complexity=0.16 + cvd=0.00 + legend=0.00; 3 kollabierte Paare; RGB(70, 146, 197) vs RGB(121, 135, 149) (ΔE00=12.94, ΔL*=2.29, adj=1.00, leg=True); RGB(34, 117, 181) vs RGB(121, 135, 149) (ΔE00=16.11, ΔL*=8.56, ad"
10.3389_fmars.2023.1125137__dd3ccb74__p009__b00,10.3389_fmars.2023.1125137__dd3ccb74__p009__b00,10.3389_fmars.2023.1125137,10.3389_fmars.2023.1125137.pdf,9,0,Earth and Planetary Sciences/10.3389_fmars.2023.1125137/crops/10.3389_fmars.2023.1125137__dd3ccb74__p009__b00.png,yes,safe_gradient,n/a,model,,,,
10.3389_fmars.2023.1125137__dd3ccb74__p009__b01,10.3389_fmars.2023.1125137__dd3ccb74__p009__b01,10.3389_fmars.2023.1125137,10.3389_fmars.2023.1125137.pdf,9,1,Earth and Planetary Sciences/10.3389_fmars.2023.1125137/crops/10.3389_fmars.2023.1125137__dd3ccb74__p009__b01.png,yes,safe_gradient,n/a,model,,,,
10.3389_fmars.2024.1481734__fdaf4518__p003__b00,10.3389_fmars.2024.1481734__fdaf4518__p003__b00,10.3389_fmars.2024.1481734,10.3389_fmars.2024.1481734.pdf,3,0,Earth and Planetary Sciences/10.3389_fmars.2024.1481734/crops/10.3389_fmars.2024.1481734__fdaf4518__p003__b00.png,yes,discrete,accessible,model,ACCESSIBLE,0.0,2,Fast-Path: nur 2 Farb- / 2 Grayscale-Cluster.
10.3389_fmars.2024.1481734__fdaf4518__p004__b00,10.3389_fmars.2024.1481734__fdaf4518__p004__b00,10.3389_fmars.2024.1481734,10.3389_fmars.2024.1481734.pdf,4,0,Earth and Planetary Sciences/10.3389_fmars.2024.1481734/crops/10.3389_fmars.2024.1481734__fdaf4518__p004__b00.png,yes,discrete,problematic,model,PROBLEMATIC,0.729,6,"V4 score=0.729 (thr=0.06, cluster_loss=3); komponenten: pair=0.53 + cluster_loss=0.12 + complexity=0.08 + cvd=0.00 + legend=0.00; 3 kollabierte Paare; RGB(103, 122, 192) vs RGB(153, 97, 89) (ΔE00=31.63, ΔL*=5.51, adj=1.00, leg=True); RGB(103, 122, 192) vs RGB(102, 113, 71) (ΔE00=42.71, ΔL*=6.49, adj"
10.3389_fmars.2024.1481734__fdaf4518__p004__b01,10.3389_fmars.2024.1481734__fdaf4518__p004__b01,10.3389_fmars.2024.1481734,10.3389_fmars.2024.1481734.pdf,4,1,Earth and Planetary Sciences/10.3389_fmars.2024.1481734/crops/10.3389_fmars.2024.1481734__fdaf4518__p004__b01.png,yes,discrete,problematic,model,PROBLEMATIC,0.089,4,"V4 score=0.089 (thr=0.08, cluster_loss=0); komponenten: pair=0.09 + cluster_loss=0.00 + complexity=0.00 + cvd=0.00 + legend=0.00; 1 kollabierte Paare; RGB(106, 113, 61) vs RGB(154, 97, 87) (ΔE00=30.47, ΔL*=0.99, adj=1.00, leg=True)"
10.3389_fmars.2024.1481734__fdaf4518__p005__b00,10.3389_fmars.2024.1481734__fdaf4518__p005__b00,10.3389_fmars.2024.1481734,10.3389_fmars.2024.1481734.pdf,5,0,Earth and Planetary Sciences/10.3389_fmars.2024.1481734/crops/10.3389_fmars.2024.1481734__fdaf4518__p005__b00.png,yes,discrete,problematic,model,PROBLEMATIC,0.86,7,"V4 score=0.860 (thr=0.06, cluster_loss=3); komponenten: pair=0.62 + cluster_loss=0.12 + complexity=0.12 + cvd=0.00 + legend=0.00; 9 kollabierte Paare; RGB(144, 160, 209) vs RGB(184, 142, 136) (ΔE00=25.18, ΔL*=3.91, adj=1.00, leg=True); RGB(144, 160, 209) vs RGB(172, 186, 153) (ΔE00=33.78, ΔL*=7.44, "
10.3389_fmars.2024.1481734__fdaf4518__p005__b01,10.3389_fmars.2024.1481734__fdaf4518__p005__b01,10.3389_fmars.2024.1481734,10.3389_fmars.2024.1481734.pdf,5,1,Earth and Planetary Sciences/10.3389_fmars.2024.1481734/crops/10.3389_fmars.2024.1481734__fdaf4518__p005__b01.png,yes,discrete,accessible,model,ACCESSIBLE,0.0,0,Zu wenige chromatische Pixel (0) — keine Farbcodierung.
10.3389_fmars.2024.1481734__fdaf4518__p006__b00,10.3389_fmars.2024.1481734__fdaf4518__p006__b00,10.3389_fmars.2024.1481734,10.3389_fmars.2024.1481734.pdf,6,0,Earth and Planetary Sciences/10.3389_fmars.2024.1481734/crops/10.3389_fmars.2024.1481734__fdaf4518__p006__b00.png,yes,rainbow_gradient,n/a,model,,,,
10.3389_fmars.2024.1481734__fdaf4518__p006__b01,10.3389_fmars.2024.1481734__fdaf4518__p006__b01,10.3389_fmars.2024.1481734,10.3389_fmars.2024.1481734.pdf,6,1,Earth and Planetary Sciences/10.3389_fmars.2024.1481734/crops/10.3389_fmars.2024.1481734__fdaf4518__p006__b01.png,yes,discrete,problematic,model,PROBLEMATIC,0.97,8,"V4 score=0.970 (thr=0.06, cluster_loss=3); komponenten: pair=0.53 + cluster_loss=0.12 + complexity=0.32 + cvd=0.00 + legend=0.00; 6 kollabierte Paare; RGB(209, 208, 206) vs RGB(236, 228, 98) (ΔE00=25.69, ΔL*=5.8, adj=1.00, leg=True); RGB(209, 208, 206) vs RGB(190, 191, 219) (ΔE00=13.36, ΔL*=5.42, ad"
10.3389_fmars.2024.1481734__fdaf4518__p006__b02,10.3389_fmars.2024.1481734__fdaf4518__p006__b02,10.3389_fmars.2024.1481734,10.3389_fmars.2024.1481734.pdf,6,2,Earth and Planetary Sciences/10.3389_fmars.2024.1481734/crops/10.3389_fmars.2024.1481734__fdaf4518__p006__b02.png,yes,discrete,accessible,model,ACCESSIBLE,0.0,0,Zu wenige chromatische Pixel (0) — keine Farbcodierung.
10.3389_fmars.2024.1481734__fdaf4518__p006__b03,10.3389_fmars.2024.1481734__fdaf4518__p006__b03,10.3389_fmars.2024.1481734,10.3389_fmars.2024.1481734.pdf,6,3,Earth and Planetary Sciences/10.3389_fmars.2024.1481734/crops/10.3389_fmars.2024.1481734__fdaf4518__p006__b03.png,yes,discrete,accessible,model,ACCESSIBLE,0.0,0,Zu wenige chromatische Pixel (0) — keine Farbcodierung.
10.3389_fmars.2024.1481734__fdaf4518__p007__b00,10.3389_fmars.2024.1481734__fdaf4518__p007__b00,10.3389_fmars.2024.1481734,10.3389_fmars.2024.1481734.pdf,7,0,Earth and Planetary Sciences/10.3389_fmars.2024.1481734/crops/10.3389_fmars.2024.1481734__fdaf4518__p007__b00.png,yes,rainbow_gradient,n/a,model,,,,
10.3389_fmars.2024.1481734__fdaf4518__p007__b01,10.3389_fmars.2024.1481734__fdaf4518__p007__b01,10.3389_fmars.2024.1481734,10.3389_fmars.2024.1481734.pdf,7,1,Earth and Planetary Sciences/10.3389_fmars.2024.1481734/crops/10.3389_fmars.2024.1481734__fdaf4518__p007__b01.png,yes,rainbow_gradient,n/a,model,,,,
10.3389_fmars.2024.1481734__fdaf4518__p007__b02,10.3389_fmars.2024.1481734__fdaf4518__p007__b02,10.3389_fmars.2024.1481734,10.3389_fmars.2024.1481734.pdf,7,2,Earth and Planetary Sciences/10.3389_fmars.2024.1481734/crops/10.3389_fmars.2024.1481734__fdaf4518__p007__b02.png,yes,discrete,problematic,model,PROBLEMATIC,0.534,7,"V4 score=0.534 (thr=0.06, cluster_loss=1); komponenten: pair=0.37 + cluster_loss=0.04 + complexity=0.12 + cvd=0.00 + legend=0.00; 5 kollabierte Paare; RGB(62, 168, 66) vs RGB(156, 119, 192) (ΔE00=48.8, ΔL*=5.2, adj=1.00, leg=True); RGB(213, 61, 62) vs RGB(156, 119, 192) (ΔE00=33.23, ΔL*=6.77, adj=1."
10.3389_fmars.2024.1481734__fdaf4518__p008__b00,10.3389_fmars.2024.1481734__fdaf4518__p008__b00,10.3389_fmars.2024.1481734,10.3389_fmars.2024.1481734.pdf,8,0,Earth and Planetary Sciences/10.3389_fmars.2024.1481734/crops/10.3389_fmars.2024.1481734__fdaf4518__p008__b00.png,yes,rainbow_gradient,n/a,model,,,,
10.3389_fmars.2024.1481734__fdaf4518__p008__b01,10.3389_fmars.2024.1481734__fdaf4518__p008__b01,10.3389_fmars.2024.1481734,10.3389_fmars.2024.1481734.pdf,8,1,Earth and Planetary Sciences/10.3389_fmars.2024.1481734/crops/10.3389_fmars.2024.1481734__fdaf4518__p008__b01.png,yes,discrete,accessible,model,ACCESSIBLE,0.04,5,"V4 score=0.040 (thr=0.16); kein Pair kollabiert; globaler cluster_loss=0, n_color=5, komponenten: pair=0.00 + cluster_loss=0.00 + complexity=0.04 + cvd=0.00 + legend=0.00"
10.3389_fmars.2024.1481734__fdaf4518__p008__b02,10.3389_fmars.2024.1481734__fdaf4518__p008__b02,10.3389_fmars.2024.1481734,10.3389_fmars.2024.1481734.pdf,8,2,Earth and Planetary Sciences/10.3389_fmars.2024.1481734/crops/10.3389_fmars.2024.1481734__fdaf4518__p008__b02.png,yes,discrete,accessible,model,ACCESSIBLE,0.04,5,"V4 score=0.040 (thr=0.16); kein Pair kollabiert; globaler cluster_loss=0, n_color=5, komponenten: pair=0.00 + cluster_loss=0.00 + complexity=0.04 + cvd=0.00 + legend=0.00"
Improving_topside_ionospheric_empirical_model_usin__p003__b00,Improving_topside_ionospheric_empirical_model_usin__p003__b00,Improving_topside_ionospheric_empirical_model_usin,Improving_topside_ionospheric_empirical_model_usin.pdf,3,0,Earth and Planetary Sciences/Improving_topside_ionospheric_empirical_model_usin/crops/Improving_topside_ionospheric_empirical_model_usin__p003__b00.png,yes,discrete,problematic,model,PROBLEMATIC,0.644,8,"V4 score=0.644 (thr=0.16, cluster_loss=0); komponenten: pair=0.40 + cluster_loss=0.00 + complexity=0.24 + cvd=0.00 + legend=0.00; 5 kollabierte Paare; RGB(251, 26, 22) vs RGB(37, 140, 38) (ΔE00=71.09, ΔL*=2.52, adj=1.00, leg=True); RGB(251, 26, 22) vs RGB(100, 101, 176) (ΔE00=43.0, ΔL*=7.54, adj=1.0"
Improving_topside_ionospheric_empirical_model_usin__p005__b00,Improving_topside_ionospheric_empirical_model_usin__p005__b00,Improving_topside_ionospheric_empirical_model_usin,Improving_topside_ionospheric_empirical_model_usin.pdf,5,0,Earth and Planetary Sciences/Improving_topside_ionospheric_empirical_model_usin/crops/Improving_topside_ionospheric_empirical_model_usin__p005__b00.png,yes,discrete,problematic,model,PROBLEMATIC,1.0,8,"V4 score=1.000 (thr=0.06, cluster_loss=2); komponenten: pair=0.79 + cluster_loss=0.08 + complexity=0.28 + cvd=0.06 + legend=0.00; 13 kollabierte Paare; RGB(232, 243, 236) vs RGB(104, 240, 154) (ΔE00=23.86, ΔL*=8.93, adj=1.00, leg=True); RGB(232, 243, 236) vs RGB(142, 243, 113) (ΔE00=25.7, ΔL*=7.64, "
Improving_topside_ionospheric_empirical_model_usin__p005__b01,Improving_topside_ionospheric_empirical_model_usin__p005__b01,Improving_topside_ionospheric_empirical_model_usin,Improving_topside_ionospheric_empirical_model_usin.pdf,5,1,Earth and Planetary Sciences/Improving_topside_ionospheric_empirical_model_usin/crops/Improving_topside_ionospheric_empirical_model_usin__p005__b01.png,yes,discrete,problematic,model,PROBLEMATIC,0.83,8,"V4 score=0.830 (thr=0.16, cluster_loss=0); komponenten: pair=0.61 + cluster_loss=0.00 + complexity=0.16 + cvd=0.06 + legend=0.00; 10 kollabierte Paare; RGB(235, 242, 234) vs RGB(132, 241, 123) (ΔE00=25.13, ΔL*=8.18, adj=1.00, leg=True); RGB(132, 241, 123) vs RGB(213, 199, 49) (ΔE00=23.6, ΔL*=7.69, a"
Improving_topside_ionospheric_empirical_model_usin__p005__b02,Improving_topside_ionospheric_empirical_model_usin__p005__b02,Improving_topside_ionospheric_empirical_model_usin,Improving_topside_ionospheric_empirical_model_usin.pdf,5,2,Earth and Planetary Sciences/Improving_topside_ionospheric_empirical_model_usin/crops/Improving_topside_ionospheric_empirical_model_usin__p005__b02.png,yes,rainbow_gradient,n/a,model,,,,
Improving_topside_ionospheric_empirical_model_usin__p005__b03,Improving_topside_ionospheric_empirical_model_usin__p005__b03,Improving_topside_ionospheric_empirical_model_usin,Improving_topside_ionospheric_empirical_model_usin.pdf,5,3,Earth and Planetary Sciences/Improving_topside_ionospheric_empirical_model_usin/crops/Improving_topside_ionospheric_empirical_model_usin__p005__b03.png,yes,rainbow_gradient,n/a,model,,,,
Improving_topside_ionospheric_empirical_model_usin__p006__b00,Improving_topside_ionospheric_empirical_model_usin__p006__b00,Improving_topside_ionospheric_empirical_model_usin,Improving_topside_ionospheric_empirical_model_usin.pdf,6,0,Earth and Planetary Sciences/Improving_topside_ionospheric_empirical_model_usin/crops/Improving_topside_ionospheric_empirical_model_usin__p006__b00.png,yes,discrete,problematic,model,PROBLEMATIC,0.622,7,"V4 score=0.622 (thr=0.16, cluster_loss=0); komponenten: pair=0.44 + cluster_loss=0.00 + complexity=0.12 + cvd=0.06 + legend=0.00; 4 kollabierte Paare; RGB(250, 13, 13) vs RGB(4, 128, 10) (ΔE00=71.63, ΔL*=6.11, adj=1.00, leg=True); RGB(249, 115, 115) vs RGB(105, 180, 109) (ΔE00=60.5, ΔL*=2.25, adj=1."
Improving_topside_ionospheric_empirical_model_usin__p006__b01,Improving_topside_ionospheric_empirical_model_usin__p006__b01,Improving_topside_ionospheric_empirical_model_usin,Improving_topside_ionospheric_empirical_model_usin.pdf,6,1,Earth and Planetary Sciences/Improving_topside_ionospheric_empirical_model_usin/crops/Improving_topside_ionospheric_empirical_model_usin__p006__b01.png,yes,discrete,problematic,model,PROBLEMATIC,0.479,6,"V4 score=0.479 (thr=0.16, cluster_loss=0); komponenten: pair=0.34 + cluster_loss=0.00 + complexity=0.08 + cvd=0.06 + legend=0.00; 3 kollabierte Paare; RGB(250, 13, 13) vs RGB(4, 128, 10) (ΔE00=71.61, ΔL*=6.1, adj=1.00, leg=True); RGB(136, 197, 139) vs RGB(249, 130, 130) (ΔE00=54.47, ΔL*=6.22, adj=1."
Improving_topside_ionospheric_empirical_model_usin__p007__b00,Improving_topside_ionospheric_empirical_model_usin__p007__b00,Improving_topside_ionospheric_empirical_model_usin,Improving_topside_ionospheric_empirical_model_usin.pdf,7,0,Earth and Planetary Sciences/Improving_topside_ionospheric_empirical_model_usin/crops/Improving_topside_ionospheric_empirical_model_usin__p007__b00.png,yes,discrete,accessible,model,ACCESSIBLE,0.085,4,"V4 score=0.085 (thr=0.16, cluster_loss=0); komponenten: pair=0.09 + cluster_loss=0.00 + complexity=0.00 + cvd=0.00 + legend=0.00; 1 kollabierte Paare; RGB(72, 165, 78) vs RGB(245, 79, 80) (ΔE00=68.43, ΔL*=3.1, adj=1.00, leg=True)"
Improving_topside_ionospheric_empirical_model_usin__p007__b01,Improving_topside_ionospheric_empirical_model_usin__p007__b01,Improving_topside_ionospheric_empirical_model_usin,Improving_topside_ionospheric_empirical_model_usin.pdf,7,1,Earth and Planetary Sciences/Improving_topside_ionospheric_empirical_model_usin/crops/Improving_topside_ionospheric_empirical_model_usin__p007__b01.png,yes,discrete,problematic,model,PROBLEMATIC,0.089,4,"V4 score=0.089 (thr=0.08, cluster_loss=0); komponenten: pair=0.09 + cluster_loss=0.00 + complexity=0.00 + cvd=0.00 + legend=0.00; 1 kollabierte Paare; RGB(73, 165, 76) vs RGB(245, 79, 80) (ΔE00=68.39, ΔL*=3.05, adj=1.00, leg=True)"
Improving_topside_ionospheric_empirical_model_usin__p007__b02,Improving_topside_ionospheric_empirical_model_usin__p007__b02,Improving_topside_ionospheric_empirical_model_usin,Improving_topside_ionospheric_empirical_model_usin.pdf,7,2,Earth and Planetary Sciences/Improving_topside_ionospheric_empirical_model_usin/crops/Improving_topside_ionospheric_empirical_model_usin__p007__b02.png,yes,discrete,accessible,model,ACCESSIBLE,0.132,3,"V4 score=0.132 (thr=0.16, cluster_loss=0); komponenten: pair=0.13 + cluster_loss=0.00 + complexity=0.00 + cvd=0.00 + legend=0.00; 1 kollabierte Paare; RGB(73, 165, 76) vs RGB(245, 79, 80) (ΔE00=68.36, ΔL*=3.02, adj=1.00, leg=True)"
Improving_topside_ionospheric_empirical_model_usin__p007__b03,Improving_topside_ionospheric_empirical_model_usin__p007__b03,Improving_topside_ionospheric_empirical_model_usin,Improving_topside_ionospheric_empirical_model_usin.pdf,7,3,Earth and Planetary Sciences/Improving_topside_ionospheric_empirical_model_usin/crops/Improving_topside_ionospheric_empirical_model_usin__p007__b03.png,yes,discrete,problematic,model,PROBLEMATIC,0.143,3,"V4 score=0.143 (thr=0.08, cluster_loss=0); komponenten: pair=0.14 + cluster_loss=0.00 + complexity=0.00 + cvd=0.00 + legend=0.00; 1 kollabierte Paare; RGB(73, 165, 76) vs RGB(245, 79, 80) (ΔE00=68.45, ΔL*=3.05, adj=1.00, leg=True)"
Improving_topside_ionospheric_empirical_model_usin__p008__b00,Improving_topside_ionospheric_empirical_model_usin__p008__b00,Improving_topside_ionospheric_empirical_model_usin,Improving_topside_ionospheric_empirical_model_usin.pdf,8,0,Earth and Planetary Sciences/Improving_topside_ionospheric_empirical_model_usin/crops/Improving_topside_ionospheric_empirical_model_usin__p008__b00.png,yes,discrete,problematic,model,PROBLEMATIC,0.447,4,"V4 score=0.447 (thr=0.08, cluster_loss=0); komponenten: pair=0.29 + cluster_loss=0.00 + complexity=0.16 + cvd=0.00 + legend=0.00; 2 kollabierte Paare; RGB(0, 127, 12) vs RGB(247, 18, 11) (ΔE00=71.34, ΔL*=6.12, adj=1.00, leg=True); RGB(247, 18, 11) vs RGB(71, 151, 74) (ΔE00=66.63, ΔL*=3.96, adj=1.00,"
Improving_topside_ionospheric_empirical_model_usin__p008__b01,Improving_topside_ionospheric_empirical_model_usin__p008__b01,Improving_topside_ionospheric_empirical_model_usin,Improving_topside_ionospheric_empirical_model_usin.pdf,8,1,Earth and Planetary Sciences/Improving_topside_ionospheric_empirical_model_usin/crops/Improving_topside_ionospheric_empirical_model_usin__p008__b01.png,yes,rainbow_gradient,n/a,model,,,,
Improving_topside_ionospheric_empirical_model_usin__p008__b02,Improving_topside_ionospheric_empirical_model_usin__p008__b02,Improving_topside_ionospheric_empirical_model_usin,Improving_topside_ionospheric_empirical_model_usin.pdf,8,2,Earth and Planetary Sciences/Improving_topside_ionospheric_empirical_model_usin/crops/Improving_topside_ionospheric_empirical_model_usin__p008__b02.png,yes,rainbow_gradient,n/a,model,,,,
Improving_topside_ionospheric_empirical_model_usin__p008__b03,Improving_topside_ionospheric_empirical_model_usin__p008__b03,Improving_topside_ionospheric_empirical_model_usin,Improving_topside_ionospheric_empirical_model_usin.pdf,8,3,Earth and Planetary Sciences/Improving_topside_ionospheric_empirical_model_usin/crops/Improving_topside_ionospheric_empirical_model_usin__p008__b03.png,yes,rainbow_gradient,n/a,model,,,,
Improving_topside_ionospheric_empirical_model_usin__p008__b04,Improving_topside_ionospheric_empirical_model_usin__p008__b04,Improving_topside_ionospheric_empirical_model_usin,Improving_topside_ionospheric_empirical_model_usin.pdf,8,4,Earth and Planetary Sciences/Improving_topside_ionospheric_empirical_model_usin/crops/Improving_topside_ionospheric_empirical_model_usin__p008__b04.png,yes,rainbow_gradient,n/a,model,,,,
Improving_topside_ionospheric_empirical_model_usin__p008__b05,Improving_topside_ionospheric_empirical_model_usin__p008__b05,Improving_topside_ionospheric_empirical_model_usin,Improving_topside_ionospheric_empirical_model_usin.pdf,8,5,Earth and Planetary Sciences/Improving_topside_ionospheric_empirical_model_usin/crops/Improving_topside_ionospheric_empirical_model_usin__p008__b05.png,yes,rainbow_gradient,n/a,model,,,,
Improving_topside_ionospheric_empirical_model_usin__p008__b06,Improving_topside_ionospheric_empirical_model_usin__p008__b06,Improving_topside_ionospheric_empirical_model_usin,Improving_topside_ionospheric_empirical_model_usin.pdf,8,6,Earth and Planetary Sciences/Improving_topside_ionospheric_empirical_model_usin/crops/Improving_topside_ionospheric_empirical_model_usin__p008__b06.png,yes,rainbow_gradient,n/a,model,,,,
Improving_topside_ionospheric_empirical_model_usin__p009__b00,Improving_topside_ionospheric_empirical_model_usin__p009__b00,Improving_topside_ionospheric_empirical_model_usin,Improving_topside_ionospheric_empirical_model_usin.pdf,9,0,Earth and Planetary Sciences/Improving_topside_ionospheric_empirical_model_usin/crops/Improving_topside_ionospheric_empirical_model_usin__p009__b00.png,yes,rainbow_gradient,n/a,model,,,,
Improving_topside_ionospheric_empirical_model_usin__p009__b01,Improving_topside_ionospheric_empirical_model_usin__p009__b01,Improving_topside_ionospheric_empirical_model_usin,Improving_topside_ionospheric_empirical_model_usin.pdf,9,1,Earth and Planetary Sciences/Improving_topside_ionospheric_empirical_model_usin/crops/Improving_topside_ionospheric_empirical_model_usin__p009__b01.png,yes,rainbow_gradient,n/a,model,,,,
Improving_topside_ionospheric_empirical_model_usin__p009__b02,Improving_topside_ionospheric_empirical_model_usin__p009__b02,Improving_topside_ionospheric_empirical_model_usin,Improving_topside_ionospheric_empirical_model_usin.pdf,9,2,Earth and Planetary Sciences/Improving_topside_ionospheric_empirical_model_usin/crops/Improving_topside_ionospheric_empirical_model_usin__p009__b02.png,yes,rainbow_gradient,n/a,model,,,,
Improving_topside_ionospheric_empirical_model_usin__p009__b03,Improving_topside_ionospheric_empirical_model_usin__p009__b03,Improving_topside_ionospheric_empirical_model_usin,Improving_topside_ionospheric_empirical_model_usin.pdf,9,3,Earth and Planetary Sciences/Improving_topside_ionospheric_empirical_model_usin/crops/Improving_topside_ionospheric_empirical_model_usin__p009__b03.png,yes,rainbow_gradient,n/a,model,,,,
Improving_topside_ionospheric_empirical_model_usin__p009__b04,Improving_topside_ionospheric_empirical_model_usin__p009__b04,Improving_topside_ionospheric_empirical_model_usin,Improving_topside_ionospheric_empirical_model_usin.pdf,9,4,Earth and Planetary Sciences/Improving_topside_ionospheric_empirical_model_usin/crops/Improving_topside_ionospheric_empirical_model_usin__p009__b04.png,yes,rainbow_gradient,n/a,model,,,,
Improving_topside_ionospheric_empirical_model_usin__p009__b05,Improving_topside_ionospheric_empirical_model_usin__p009__b05,Improving_topside_ionospheric_empirical_model_usin,Improving_topside_ionospheric_empirical_model_usin.pdf,9,5,Earth and Planetary Sciences/Improving_topside_ionospheric_empirical_model_usin/crops/Improving_topside_ionospheric_empirical_model_usin__p009__b05.png,yes,rainbow_gradient,n/a,model,,,,
Improving_topside_ionospheric_empirical_model_usin__p010__b00,Improving_topside_ionospheric_empirical_model_usin__p010__b00,Improving_topside_ionospheric_empirical_model_usin,Improving_topside_ionospheric_empirical_model_usin.pdf,10,0,Earth and Planetary Sciences/Improving_topside_ionospheric_empirical_model_usin/crops/Improving_topside_ionospheric_empirical_model_usin__p010__b00.png,yes,rainbow_gradient,n/a,model,,,,
Improving_topside_ionospheric_empirical_model_usin__p010__b01,Improving_topside_ionospheric_empirical_model_usin__p010__b01,Improving_topside_ionospheric_empirical_model_usin,Improving_topside_ionospheric_empirical_model_usin.pdf,10,1,Earth and Planetary Sciences/Improving_topside_ionospheric_empirical_model_usin/crops/Improving_topside_ionospheric_empirical_model_usin__p010__b01.png,yes,rainbow_gradient,n/a,model,,,,
Improving_topside_ionospheric_empirical_model_usin__p010__b02,Improving_topside_ionospheric_empirical_model_usin__p010__b02,Improving_topside_ionospheric_empirical_model_usin,Improving_topside_ionospheric_empirical_model_usin.pdf,10,2,Earth and Planetary Sciences/Improving_topside_ionospheric_empirical_model_usin/crops/Improving_topside_ionospheric_empirical_model_usin__p010__b02.png,yes,rainbow_gradient,n/a,model,,,,
Improving_topside_ionospheric_empirical_model_usin__p010__b03,Improving_topside_ionospheric_empirical_model_usin__p010__b03,Improving_topside_ionospheric_empirical_model_usin,Improving_topside_ionospheric_empirical_model_usin.pdf,10,3,Earth and Planetary Sciences/Improving_topside_ionospheric_empirical_model_usin/crops/Improving_topside_ionospheric_empirical_model_usin__p010__b03.png,yes,rainbow_gradient,n/a,model,,,,
Improving_topside_ionospheric_empirical_model_usin__p010__b04,Improving_topside_ionospheric_empirical_model_usin__p010__b04,Improving_topside_ionospheric_empirical_model_usin,Improving_topside_ionospheric_empirical_model_usin.pdf,10,4,Earth and Planetary Sciences/Improving_topside_ionospheric_empirical_model_usin/crops/Improving_topside_ionospheric_empirical_model_usin__p010__b04.png,yes,rainbow_gradient,n/a,model,,,,
Improving_topside_ionospheric_empirical_model_usin__p010__b05,Improving_topside_ionospheric_empirical_model_usin__p010__b05,Improving_topside_ionospheric_empirical_model_usin,Improving_topside_ionospheric_empirical_model_usin.pdf,10,5,Earth and Planetary Sciences/Improving_topside_ionospheric_empirical_model_usin/crops/Improving_topside_ionospheric_empirical_model_usin__p010__b05.png,yes,rainbow_gradient,n/a,model,,,,
Improving_topside_ionospheric_empirical_model_usin__p011__b00,Improving_topside_ionospheric_empirical_model_usin__p011__b00,Improving_topside_ionospheric_empirical_model_usin,Improving_topside_ionospheric_empirical_model_usin.pdf,11,0,Earth and Planetary Sciences/Improving_topside_ionospheric_empirical_model_usin/crops/Improving_topside_ionospheric_empirical_model_usin__p011__b00.png,yes,rainbow_gradient,n/a,model,,,,
Improving_topside_ionospheric_empirical_model_usin__p011__b01,Improving_topside_ionospheric_empirical_model_usin__p011__b01,Improving_topside_ionospheric_empirical_model_usin,Improving_topside_ionospheric_empirical_model_usin.pdf,11,1,Earth and Planetary Sciences/Improving_topside_ionospheric_empirical_model_usin/crops/Improving_topside_ionospheric_empirical_model_usin__p011__b01.png,yes,rainbow_gradient,n/a,model,,,,
Improving_topside_ionospheric_empirical_model_usin__p011__b02,Improving_topside_ionospheric_empirical_model_usin__p011__b02,Improving_topside_ionospheric_empirical_model_usin,Improving_topside_ionospheric_empirical_model_usin.pdf,11,2,Earth and Planetary Sciences/Improving_topside_ionospheric_empirical_model_usin/crops/Improving_topside_ionospheric_empirical_model_usin__p011__b02.png,yes,rainbow_gradient,n/a,model,,,,
Improving_topside_ionospheric_empirical_model_usin__p011__b03,Improving_topside_ionospheric_empirical_model_usin__p011__b03,Improving_topside_ionospheric_empirical_model_usin,Improving_topside_ionospheric_empirical_model_usin.pdf,11,3,Earth and Planetary Sciences/Improving_topside_ionospheric_empirical_model_usin/crops/Improving_topside_ionospheric_empirical_model_usin__p011__b03.png,yes,rainbow_gradient,n/a,model,,,,
Improving_topside_ionospheric_empirical_model_usin__p011__b04,Improving_topside_ionospheric_empirical_model_usin__p011__b04,Improving_topside_ionospheric_empirical_model_usin,Improving_topside_ionospheric_empirical_model_usin.pdf,11,4,Earth and Planetary Sciences/Improving_topside_ionospheric_empirical_model_usin/crops/Improving_topside_ionospheric_empirical_model_usin__p011__b04.png,yes,rainbow_gradient,n/a,model,,,,
Improving_topside_ionospheric_empirical_model_usin__p011__b05,Improving_topside_ionospheric_empirical_model_usin__p011__b05,Improving_topside_ionospheric_empirical_model_usin,Improving_topside_ionospheric_empirical_model_usin.pdf,11,5,Earth and Planetary Sciences/Improving_topside_ionospheric_empirical_model_usin/crops/Improving_topside_ionospheric_empirical_model_usin__p011__b05.png,yes,rainbow_gradient,n/a,model,,,,
10.1186_s40807-024-00120-4__dfed31ec__p003__b00,10.1186_s40807-024-00120-4__dfed31ec__p003__b00,10.1186_s40807-024-00120-4,10.1186_s40807-024-00120-4.pdf,3,0,Energy/10.1186_s40807-024-00120-4/crops/10.1186_s40807-024-00120-4__dfed31ec__p003__b00.png,yes,discrete,accessible,model,ACCESSIBLE,0.0,0,Nach Spatial-Filter < 2 Farbregionen (0).
10.1186_s40807-024-00120-4__dfed31ec__p006__b00,10.1186_s40807-024-00120-4__dfed31ec__p006__b00,10.1186_s40807-024-00120-4,10.1186_s40807-024-00120-4.pdf,6,0,Energy/10.1186_s40807-024-00120-4/crops/10.1186_s40807-024-00120-4__dfed31ec__p006__b00.png,yes,rainbow_gradient,n/a,model,,,,
10.1186_s40807-024-00120-4__dfed31ec__p008__b00,10.1186_s40807-024-00120-4__dfed31ec__p008__b00,10.1186_s40807-024-00120-4,10.1186_s40807-024-00120-4.pdf,8,0,Energy/10.1186_s40807-024-00120-4/crops/10.1186_s40807-024-00120-4__dfed31ec__p008__b00.png,yes,discrete,accessible,model,ACCESSIBLE,0.0,2,Fast-Path: nur 2 Farb- / 1 Grayscale-Cluster.
10.1186_s40807-024-00120-4__dfed31ec__p012__b00,10.1186_s40807-024-00120-4__dfed31ec__p012__b00,10.1186_s40807-024-00120-4,10.1186_s40807-024-00120-4.pdf,12,0,Energy/10.1186_s40807-024-00120-4/crops/10.1186_s40807-024-00120-4__dfed31ec__p012__b00.png,yes,discrete,problematic,model,PROBLEMATIC,0.625,8,"V4 score=0.625 (thr=0.06, cluster_loss=1); komponenten: pair=0.36 + cluster_loss=0.04 + complexity=0.16 + cvd=0.06 + legend=0.00; 3 kollabierte Paare; RGB(252, 223, 222) vs RGB(210, 215, 253) (ΔE00=17.65, ΔL*=4.49, adj=1.00, leg=True); RGB(113, 113, 242) vs RGB(77, 79, 240) (ΔE00=10.71, ΔL*=9.9, adj"
10.1186_s40807-024-00120-4__dfed31ec__p012__b01,10.1186_s40807-024-00120-4__dfed31ec__p012__b01,10.1186_s40807-024-00120-4,10.1186_s40807-024-00120-4.pdf,12,1,Energy/10.1186_s40807-024-00120-4/crops/10.1186_s40807-024-00120-4__dfed31ec__p012__b01.png,yes,discrete,problematic,model,PROBLEMATIC,0.733,8,"V4 score=0.733 (thr=0.06, cluster_loss=1); komponenten: pair=0.45 + cluster_loss=0.04 + complexity=0.24 + cvd=0.00 + legend=0.00; 5 kollabierte Paare; RGB(240, 237, 246) vs RGB(252, 220, 218) (ΔE00=10.41, ΔL*=4.13, adj=1.00, leg=True); RGB(240, 237, 246) vs RGB(206, 208, 253) (ΔE00=13.23, ΔL*=9.48, "
10.1186_s40807-024-00120-4__dfed31ec__p013__b00,10.1186_s40807-024-00120-4__dfed31ec__p013__b00,10.1186_s40807-024-00120-4,10.1186_s40807-024-00120-4.pdf,13,0,Energy/10.1186_s40807-024-00120-4/crops/10.1186_s40807-024-00120-4__dfed31ec__p013__b00.png,yes,discrete,problematic,model,PROBLEMATIC,0.951,5,"V4 score=0.951 (thr=0.08, cluster_loss=0); komponenten: pair=0.91 + cluster_loss=0.00 + complexity=0.04 + cvd=0.00 + legend=0.00; 5 kollabierte Paare; RGB(251, 240, 206) vs RGB(224, 213, 232) (ΔE00=24.46, ΔL*=8.24, adj=1.00, leg=True); RGB(251, 240, 206) vs RGB(251, 204, 155) (ΔE00=12.8, ΔL*=9.98, a"
10.1186_s40807-024-00120-4__dfed31ec__p018__b00,10.1186_s40807-024-00120-4__dfed31ec__p018__b00,10.1186_s40807-024-00120-4,10.1186_s40807-024-00120-4.pdf,18,0,Energy/10.1186_s40807-024-00120-4/crops/10.1186_s40807-024-00120-4__dfed31ec__p018__b00.png,yes,discrete,problematic,model,PROBLEMATIC,1.0,8,"V4 score=1.000 (thr=0.06, cluster_loss=3); komponenten: pair=1.17 + cluster_loss=0.12 + complexity=0.16 + cvd=0.06 + legend=0.00; 11 kollabierte Paare; RGB(217, 232, 251) vs RGB(197, 226, 191) (ΔE00=23.33, ΔL*=4.11, adj=1.00, leg=True); RGB(217, 232, 251) vs RGB(174, 216, 154) (ΔE00=30.18, ΔL*=9.32,"
10.1038_s41597-023-02898-2__d6eb9a85__p001__b00,10.1038_s41597-023-02898-2__d6eb9a85__p001__b00,10.1038_s41597-023-02898-2,10.1038_s41597-023-02898-2.pdf,1,0,Engineering/10.1038_s41597-023-02898-2/crops/10.1038_s41597-023-02898-2__d6eb9a85__p001__b00.png,yes,rainbow_gradient,n/a,model,,,,
10.1038_s41597-023-02898-2__d6eb9a85__p006__b00,10.1038_s41597-023-02898-2__d6eb9a85__p006__b00,10.1038_s41597-023-02898-2,10.1038_s41597-023-02898-2.pdf,6,0,Engineering/10.1038_s41597-023-02898-2/crops/10.1038_s41597-023-02898-2__d6eb9a85__p006__b00.png,yes,discrete,problematic,model,PROBLEMATIC,0.9,8,"V4 score=0.900 (thr=0.06, cluster_loss=1); komponenten: pair=0.54 + cluster_loss=0.04 + complexity=0.32 + cvd=0.00 + legend=0.00; 7 kollabierte Paare; RGB(0, 94, 184) vs RGB(134, 88, 72) (ΔE00=36.13, ΔL*=1.5, adj=1.00, leg=True); RGB(0, 94, 184) vs RGB(213, 43, 43) (ΔE00=45.63, ΔL*=6.35, adj=1.00, l"
10.1109_led.2024.3356361__a42fcf40__p001__b00,10.1109_led.2024.3356361__a42fcf40__p001__b00,10.1109_led.2024.3356361,10.1109_led.2024.3356361.pdf,1,0,Engineering/10.1109_led.2024.3356361/crops/10.1109_led.2024.3356361__a42fcf40__p001__b00.png,yes,safe_gradient,n/a,model,,,,
10.48084_etasr.12744__3ac612ad__p004__b00,10.48084_etasr.12744__3ac612ad__p004__b00,10.48084_etasr.12744,10.48084_etasr.12744.pdf,4,0,Engineering/10.48084_etasr.12744/crops/10.48084_etasr.12744__3ac612ad__p004__b00.png,yes,discrete,accessible,model,ACCESSIBLE,0.0,0,Zu wenige chromatische Pixel (0) — keine Farbcodierung.
10.48084_etasr.12744__3ac612ad__p004__b01,10.48084_etasr.12744__3ac612ad__p004__b01,10.48084_etasr.12744,10.48084_etasr.12744.pdf,4,1,Engineering/10.48084_etasr.12744/crops/10.48084_etasr.12744__3ac612ad__p004__b01.png,yes,rainbow_gradient,n/a,model,,,,
10.48084_etasr.12744__3ac612ad__p004__b02,10.48084_etasr.12744__3ac612ad__p004__b02,10.48084_etasr.12744,10.48084_etasr.12744.pdf,4,2,Engineering/10.48084_etasr.12744/crops/10.48084_etasr.12744__3ac612ad__p004__b02.png,yes,discrete,accessible,model,ACCESSIBLE,0.0,1,Fast-Path: nur 1 Farb- / 1 Grayscale-Cluster.
10.48084_etasr.12744__3ac612ad__p005__b00,10.48084_etasr.12744__3ac612ad__p005__b00,10.48084_etasr.12744,10.48084_etasr.12744.pdf,5,0,Engineering/10.48084_etasr.12744/crops/10.48084_etasr.12744__3ac612ad__p005__b00.png,yes,discrete,accessible,model,ACCESSIBLE,0.0,1,Fast-Path: nur 1 Farb- / 1 Grayscale-Cluster.
10.48084_etasr.12744__3ac612ad__p005__b01,10.48084_etasr.12744__3ac612ad__p005__b01,10.48084_etasr.12744,10.48084_etasr.12744.pdf,5,1,Engineering/10.48084_etasr.12744/crops/10.48084_etasr.12744__3ac612ad__p005__b01.png,yes,discrete,accessible,model,ACCESSIBLE,0.0,1,Fast-Path: nur 1 Farb- / 2 Grayscale-Cluster.
10.58257_ijprems40411__719dc846__p002__b00,10.58257_ijprems40411__719dc846__p002__b00,10.58257_ijprems40411,10.58257_ijprems40411.pdf,2,0,Engineering/10.58257_ijprems40411/crops/10.58257_ijprems40411__719dc846__p002__b00.png,yes,discrete,accessible,model,ACCESSIBLE,0.12,7,"V4 score=0.120 (thr=0.16); kein Pair kollabiert; globaler cluster_loss=0, n_color=7, komponenten: pair=0.00 + cluster_loss=0.00 + complexity=0.12 + cvd=0.00 + legend=0.00"
10.58257_ijprems40411__719dc846__p003__b00,10.58257_ijprems40411__719dc846__p003__b00,10.58257_ijprems40411,10.58257_ijprems40411.pdf,3,0,Engineering/10.58257_ijprems40411/crops/10.58257_ijprems40411__719dc846__p003__b00.png,yes,rainbow_gradient,n/a,model,,,,
10.58257_ijprems40411__719dc846__p003__b01,10.58257_ijprems40411__719dc846__p003__b01,10.58257_ijprems40411,10.58257_ijprems40411.pdf,3,1,Engineering/10.58257_ijprems40411/crops/10.58257_ijprems40411__719dc846__p003__b01.png,yes,rainbow_gradient,n/a,model,,,,
10.58257_ijprems40411__719dc846__p003__b02,10.58257_ijprems40411__719dc846__p003__b02,10.58257_ijprems40411,10.58257_ijprems40411.pdf,3,2,Engineering/10.58257_ijprems40411/crops/10.58257_ijprems40411__719dc846__p003__b02.png,yes,rainbow_gradient,n/a,model,,,,
10.58257_ijprems40411__719dc846__p004__b00,10.58257_ijprems40411__719dc846__p004__b00,10.58257_ijprems40411,10.58257_ijprems40411.pdf,4,0,Engineering/10.58257_ijprems40411/crops/10.58257_ijprems40411__719dc846__p004__b00.png,yes,discrete,accessible,model,ACCESSIBLE,0.106,3,"V4 score=0.106 (thr=0.16, cluster_loss=0); komponenten: pair=0.11 + cluster_loss=0.00 + complexity=0.00 + cvd=0.00 + legend=0.00; 1 kollabierte Paare; RGB(10, 55, 146) vs RGB(70, 53, 71) (ΔE00=21.44, ΔL*=1.68, adj=1.00, leg=True)"
10.58257_ijprems40411__719dc846__p004__b01,10.58257_ijprems40411__719dc846__p004__b01,10.58257_ijprems40411,10.58257_ijprems40411.pdf,4,1,Engineering/10.58257_ijprems40411/crops/10.58257_ijprems40411__719dc846__p004__b01.png,yes,discrete,problematic,model,PROBLEMATIC,0.255,6,"V4 score=0.255 (thr=0.16, cluster_loss=0); komponenten: pair=0.17 + cluster_loss=0.00 + complexity=0.08 + cvd=0.00 + legend=0.00; 3 kollabierte Paare; RGB(22, 35, 123) vs RGB(71, 52, 68) (ΔE00=21.01, ΔL*=5.17, adj=0.44, leg=False); RGB(22, 35, 123) vs RGB(50, 31, 49) (ΔE00=20.65, ΔL*=4.45, adj=0.30,"
10.58257_ijprems40411__719dc846__p004__b02,10.58257_ijprems40411__719dc846__p004__b02,10.58257_ijprems40411,10.58257_ijprems40411.pdf,4,2,Engineering/10.58257_ijprems40411/crops/10.58257_ijprems40411__719dc846__p004__b02.png,yes,discrete,problematic,model,PROBLEMATIC,0.522,6,"V4 score=0.522 (thr=0.06, cluster_loss=1); komponenten: pair=0.40 + cluster_loss=0.04 + complexity=0.08 + cvd=0.00 + legend=0.00; 2 kollabierte Paare; RGB(16, 35, 124) vs RGB(72, 53, 69) (ΔE00=20.98, ΔL*=5.28, adj=1.00, leg=True); RGB(16, 35, 124) vs RGB(50, 31, 49) (ΔE00=20.64, ΔL*=4.35, adj=1.00, "
10.1007_s00338-024-02504-w__4b386863__p002__b00,10.1007_s00338-024-02504-w__4b386863__p002__b00,10.1007_s00338-024-02504-w,10.1007_s00338-024-02504-w.pdf,2,0,Environmental Science/10.1007_s00338-024-02504-w/crops/10.1007_s00338-024-02504-w__4b386863__p002__b00.png,yes,discrete,problematic,model,PROBLEMATIC,0.164,5,"V4 score=0.164 (thr=0.16, cluster_loss=0); komponenten: pair=0.12 + cluster_loss=0.00 + complexity=0.04 + cvd=0.00 + legend=0.00; 1 kollabierte Paare; RGB(53, 96, 137) vs RGB(90, 117, 135) (ΔE00=10.6, ΔL*=8.21, adj=1.00, leg=True)"
10.1007_s00338-024-02504-w__4b386863__p002__b01,10.1007_s00338-024-02504-w__4b386863__p002__b01,10.1007_s00338-024-02504-w,10.1007_s00338-024-02504-w.pdf,2,1,Environmental Science/10.1007_s00338-024-02504-w/crops/10.1007_s00338-024-02504-w__4b386863__p002__b01.png,yes,safe_gradient,n/a,model,,,,
10.1007_s00338-024-02504-w__4b386863__p002__b02,10.1007_s00338-024-02504-w__4b386863__p002__b02,10.1007_s00338-024-02504-w,10.1007_s00338-024-02504-w.pdf,2,2,Environmental Science/10.1007_s00338-024-02504-w/crops/10.1007_s00338-024-02504-w__4b386863__p002__b02.png,yes,safe_gradient,n/a,model,,,,
10.1007_s10346-024-02451-1__574b2592__p006__b00,10.1007_s10346-024-02451-1__574b2592__p006__b00,10.1007_s10346-024-02451-1,10.1007_s10346-024-02451-1.pdf,6,0,Environmental Science/10.1007_s10346-024-02451-1/crops/10.1007_s10346-024-02451-1__574b2592__p006__b00.png,yes,discrete,problematic,model,PROBLEMATIC,0.34,5,"V4 score=0.340 (thr=0.16, cluster_loss=0); komponenten: pair=0.30 + cluster_loss=0.00 + complexity=0.04 + cvd=0.00 + legend=0.00; 4 kollabierte Paare; RGB(155, 198, 242) vs RGB(194, 167, 143) (ΔE00=30.03, ΔL*=8.25, adj=1.00, leg=True); RGB(194, 167, 143) vs RGB(160, 154, 124) (ΔE00=11.85, ΔL*=6.77, "
10.1007_s10346-024-02451-1__574b2592__p007__b00,10.1007_s10346-024-02451-1__574b2592__p007__b00,10.1007_s10346-024-02451-1,10.1007_s10346-024-02451-1.pdf,7,0,Environmental Science/10.1007_s10346-024-02451-1/crops/10.1007_s10346-024-02451-1__574b2592__p007__b00.png,yes,discrete,accessible,model,ACCESSIBLE,0.0,2,"V4 score=0.000 (thr=0.16); kein Pair kollabiert; globaler cluster_loss=0, n_color=2, komponenten: pair=0.00 + cluster_loss=0.00 + complexity=0.00 + cvd=0.00 + legend=0.00"
10.1007_s10346-024-02451-1__574b2592__p008__b00,10.1007_s10346-024-02451-1__574b2592__p008__b00,10.1007_s10346-024-02451-1,10.1007_s10346-024-02451-1.pdf,8,0,Environmental Science/10.1007_s10346-024-02451-1/crops/10.1007_s10346-024-02451-1__574b2592__p008__b00.png,yes,discrete,problematic,model,PROBLEMATIC,0.239,7,"V4 score=0.239 (thr=0.16, cluster_loss=0); komponenten: pair=0.12 + cluster_loss=0.00 + complexity=0.12 + cvd=0.00 + legend=0.00; 2 kollabierte Paare; RGB(156, 175, 192) vs RGB(192, 199, 192) (ΔE00=13.45, ΔL*=9.14, adj=1.00, leg=True); RGB(59, 67, 62) vs RGB(67, 43, 46) (ΔE00=19.41, ΔL*=7.26, adj=1."
10.1007_s10346-024-02451-1__574b2592__p008__b01,10.1007_s10346-024-02451-1__574b2592__p008__b01,10.1007_s10346-024-02451-1,10.1007_s10346-024-02451-1.pdf,8,1,Environmental Science/10.1007_s10346-024-02451-1/crops/10.1007_s10346-024-02451-1__574b2592__p008__b01.png,yes,discrete,accessible,model,ACCESSIBLE,0.127,5,"V4 score=0.127 (thr=0.16, cluster_loss=0); komponenten: pair=0.09 + cluster_loss=0.00 + complexity=0.04 + cvd=0.00 + legend=0.00; 2 kollabierte Paare; RGB(190, 175, 155) vs RGB(132, 163, 207) (ΔE00=26.76, ΔL*=5.62, adj=1.00, leg=True); RGB(168, 154, 135) vs RGB(132, 163, 207) (ΔE00=26.62, ΔL*=2.03, "
10.1007_s10346-024-02451-1__574b2592__p011__b00,10.1007_s10346-024-02451-1__574b2592__p011__b00,10.1007_s10346-024-02451-1,10.1007_s10346-024-02451-1.pdf,11,0,Environmental Science/10.1007_s10346-024-02451-1/crops/10.1007_s10346-024-02451-1__574b2592__p011__b00.png,yes,rainbow_gradient,n/a,model,,,,
10.1038_s41538-023-00245-8__bd4d0777__p003__b00,10.1038_s41538-023-00245-8__bd4d0777__p003__b00,10.1038_s41538-023-00245-8,10.1038_s41538-023-00245-8.pdf,3,0,Environmental Science/10.1038_s41538-023-00245-8/crops/10.1038_s41538-023-00245-8__bd4d0777__p003__b00.png,yes,discrete,problematic,model,PROBLEMATIC,0.67,8,"V4 score=0.670 (thr=0.08, cluster_loss=0); komponenten: pair=0.43 + cluster_loss=0.00 + complexity=0.24 + cvd=0.00 + legend=0.00; 5 kollabierte Paare; RGB(110, 100, 128) vs RGB(204, 8, 9) (ΔE00=33.52, ΔL*=1.33, adj=1.00, leg=True); RGB(110, 100, 128) vs RGB(160, 125, 15) (ΔE00=40.98, ΔL*=9.9, adj=1."
10.1038_s41538-023-00245-8__bd4d0777__p005__b00,10.1038_s41538-023-00245-8__bd4d0777__p005__b00,10.1038_s41538-023-00245-8,10.1038_s41538-023-00245-8.pdf,5,0,Environmental Science/10.1038_s41538-023-00245-8/crops/10.1038_s41538-023-00245-8__bd4d0777__p005__b00.png,yes,rainbow_gradient,n/a,model,,,,
10.1038_s41538-023-00245-8__bd4d0777__p006__b00,10.1038_s41538-023-00245-8__bd4d0777__p006__b00,10.1038_s41538-023-00245-8,10.1038_s41538-023-00245-8.pdf,6,0,Environmental Science/10.1038_s41538-023-00245-8/crops/10.1038_s41538-023-00245-8__bd4d0777__p006__b00.png,yes,discrete,problematic,model,PROBLEMATIC,0.373,5,"V4 score=0.373 (thr=0.16, cluster_loss=0); komponenten: pair=0.33 + cluster_loss=0.00 + complexity=0.04 + cvd=0.00 + legend=0.00; 2 kollabierte Paare; RGB(246, 233, 218) vs RGB(190, 233, 250) (ΔE00=21.39, ΔL*=3.14, adj=1.00, leg=True); RGB(138, 172, 186) vs RGB(247, 172, 149) (ΔE00=36.61, ΔL*=8.59, "
10.1038_s41538-023-00245-8__bd4d0777__p008__b00,10.1038_s41538-023-00245-8__bd4d0777__p008__b00,10.1038_s41538-023-00245-8,10.1038_s41538-023-00245-8.pdf,8,0,Environmental Science/10.1038_s41538-023-00245-8/crops/10.1038_s41538-023-00245-8__bd4d0777__p008__b00.png,yes,discrete,accessible,model,ACCESSIBLE,0.0,1,Nach Spatial-Filter < 2 Farbregionen (1).
10.1038_s41558-024-01925-3__f2b9ee76__p003__b00,10.1038_s41558-024-01925-3__f2b9ee76__p003__b00,10.1038_s41558-024-01925-3,10.1038_s41558-024-01925-3.pdf,3,0,Environmental Science/10.1038_s41558-024-01925-3/crops/10.1038_s41558-024-01925-3__f2b9ee76__p003__b00.png,yes,discrete,accessible,model,ACCESSIBLE,0.0,1,Fast-Path: nur 1 Farb- / 1 Grayscale-Cluster.
10.1038_s41558-024-01925-3__f2b9ee76__p003__b01,10.1038_s41558-024-01925-3__f2b9ee76__p003__b01,10.1038_s41558-024-01925-3,10.1038_s41558-024-01925-3.pdf,3,1,Environmental Science/10.1038_s41558-024-01925-3/crops/10.1038_s41558-024-01925-3__f2b9ee76__p003__b01.png,yes,rainbow_gradient,n/a,model,,,,
10.1038_s41558-024-01925-3__f2b9ee76__p003__b02,10.1038_s41558-024-01925-3__f2b9ee76__p003__b02,10.1038_s41558-024-01925-3,10.1038_s41558-024-01925-3.pdf,3,2,Environmental Science/10.1038_s41558-024-01925-3/crops/10.1038_s41558-024-01925-3__f2b9ee76__p003__b02.png,yes,rainbow_gradient,n/a,model,,,,
10.1038_s41558-024-01925-3__f2b9ee76__p003__b03,10.1038_s41558-024-01925-3__f2b9ee76__p003__b03,10.1038_s41558-024-01925-3,10.1038_s41558-024-01925-3.pdf,3,3,Environmental Science/10.1038_s41558-024-01925-3/crops/10.1038_s41558-024-01925-3__f2b9ee76__p003__b03.png,yes,discrete,accessible,model,ACCESSIBLE,0.0,1,Fast-Path: nur 1 Farb- / 1 Grayscale-Cluster.
10.1038_s41558-024-01925-3__f2b9ee76__p003__b04,10.1038_s41558-024-01925-3__f2b9ee76__p003__b04,10.1038_s41558-024-01925-3,10.1038_s41558-024-01925-3.pdf,3,4,Environmental Science/10.1038_s41558-024-01925-3/crops/10.1038_s41558-024-01925-3__f2b9ee76__p003__b04.png,yes,safe_gradient,n/a,model,,,,
10.1038_s41558-024-01925-3__f2b9ee76__p003__b05,10.1038_s41558-024-01925-3__f2b9ee76__p003__b05,10.1038_s41558-024-01925-3,10.1038_s41558-024-01925-3.pdf,3,5,Environmental Science/10.1038_s41558-024-01925-3/crops/10.1038_s41558-024-01925-3__f2b9ee76__p003__b05.png,yes,discrete,accessible,model,ACCESSIBLE,0.0,1,Fast-Path: nur 1 Farb- / 1 Grayscale-Cluster.
10.1038_s41558-024-01925-3__f2b9ee76__p003__b06,10.1038_s41558-024-01925-3__f2b9ee76__p003__b06,10.1038_s41558-024-01925-3,10.1038_s41558-024-01925-3.pdf,3,6,Environmental Science/10.1038_s41558-024-01925-3/crops/10.1038_s41558-024-01925-3__f2b9ee76__p003__b06.png,yes,safe_gradient,n/a,model,,,,
10.1038_s41558-024-01925-3__f2b9ee76__p004__b00,10.1038_s41558-024-01925-3__f2b9ee76__p004__b00,10.1038_s41558-024-01925-3,10.1038_s41558-024-01925-3.pdf,4,0,Environmental Science/10.1038_s41558-024-01925-3/crops/10.1038_s41558-024-01925-3__f2b9ee76__p004__b00.png,yes,discrete,accessible,model,ACCESSIBLE,0.0,1,Nach Spatial-Filter < 2 Farbregionen (1).
10.1038_s41558-024-01925-3__f2b9ee76__p004__b01,10.1038_s41558-024-01925-3__f2b9ee76__p004__b01,10.1038_s41558-024-01925-3,10.1038_s41558-024-01925-3.pdf,4,1,Environmental Science/10.1038_s41558-024-01925-3/crops/10.1038_s41558-024-01925-3__f2b9ee76__p004__b01.png,yes,discrete,accessible,model,ACCESSIBLE,0.0,1,Nach Spatial-Filter < 2 Farbregionen (1).
10.1038_s41558-024-01925-3__f2b9ee76__p004__b02,10.1038_s41558-024-01925-3__f2b9ee76__p004__b02,10.1038_s41558-024-01925-3,10.1038_s41558-024-01925-3.pdf,4,2,Environmental Science/10.1038_s41558-024-01925-3/crops/10.1038_s41558-024-01925-3__f2b9ee76__p004__b02.png,yes,discrete,accessible,model,ACCESSIBLE,0.0,1,Nach Spatial-Filter < 2 Farbregionen (1).
10.1038_s41558-024-01925-3__f2b9ee76__p004__b03,10.1038_s41558-024-01925-3__f2b9ee76__p004__b03,10.1038_s41558-024-01925-3,10.1038_s41558-024-01925-3.pdf,4,3,Environmental Science/10.1038_s41558-024-01925-3/crops/10.1038_s41558-024-01925-3__f2b9ee76__p004__b03.png,yes,discrete,problematic,model,PROBLEMATIC,0.22,8,"V4 score=0.220 (thr=0.16); kein Pair kollabiert; globaler cluster_loss=0, n_color=8, komponenten: pair=0.00 + cluster_loss=0.00 + complexity=0.16 + cvd=0.06 + legend=0.00"
10.1038_s41558-024-01925-3__f2b9ee76__p004__b04,10.1038_s41558-024-01925-3__f2b9ee76__p004__b04,10.1038_s41558-024-01925-3,10.1038_s41558-024-01925-3.pdf,4,4,Environmental Science/10.1038_s41558-024-01925-3/crops/10.1038_s41558-024-01925-3__f2b9ee76__p004__b04.png,yes,discrete,accessible,model,ACCESSIBLE,0.0,1,Nach Spatial-Filter < 2 Farbregionen (1).
10.1038_s41558-024-01925-3__f2b9ee76__p012__b00,10.1038_s41558-024-01925-3__f2b9ee76__p012__b00,10.1038_s41558-024-01925-3,10.1038_s41558-024-01925-3.pdf,12,0,Environmental Science/10.1038_s41558-024-01925-3/crops/10.1038_s41558-024-01925-3__f2b9ee76__p012__b00.png,yes,discrete,accessible,model,ACCESSIBLE,0.04,3,"V4 score=0.040 (thr=0.16); kein Pair kollabiert; globaler cluster_loss=0, n_color=5, komponenten: pair=0.00 + cluster_loss=0.00 + complexity=0.04 + cvd=0.00 + legend=0.00"
10.1038_s41558-024-01925-3__f2b9ee76__p014__b00,10.1038_s41558-024-01925-3__f2b9ee76__p014__b00,10.1038_s41558-024-01925-3,10.1038_s41558-024-01925-3.pdf,14,0,Environmental Science/10.1038_s41558-024-01925-3/crops/10.1038_s41558-024-01925-3__f2b9ee76__p014__b00.png,yes,discrete,problematic,model,PROBLEMATIC,0.12,3,"V4 score=0.120 (thr=0.06); kein Pair kollabiert; globaler cluster_loss=1, n_color=6, komponenten: pair=0.00 + cluster_loss=0.04 + complexity=0.08 + cvd=0.00 + legend=0.00"
10.1038_s41561-024-01402-8__be70dd42__p002__b00,10.1038_s41561-024-01402-8__be70dd42__p002__b00,10.1038_s41561-024-01402-8,10.1038_s41561-024-01402-8.pdf,2,0,Environmental Science/10.1038_s41561-024-01402-8/crops/10.1038_s41561-024-01402-8__be70dd42__p002__b00.png,yes,discrete,accessible,model,ACCESSIBLE,0.0,2,Fast-Path: nur 2 Farb- / 2 Grayscale-Cluster.
10.1038_s41561-024-01402-8__be70dd42__p002__b01,10.1038_s41561-024-01402-8__be70dd42__p002__b01,10.1038_s41561-024-01402-8,10.1038_s41561-024-01402-8.pdf,2,1,Environmental Science/10.1038_s41561-024-01402-8/crops/10.1038_s41561-024-01402-8__be70dd42__p002__b01.png,yes,discrete,problematic,model,PROBLEMATIC,0.635,3,"V4 score=0.635 (thr=0.06, cluster_loss=1); komponenten: pair=0.59 + cluster_loss=0.04 + complexity=0.00 + cvd=0.00 + legend=0.00; 3 kollabierte Paare; RGB(206, 235, 247) vs RGB(244, 247, 236) (ΔE00=13.37, ΔL*=5.46, adj=1.00, leg=True); RGB(206, 235, 247) vs RGB(253, 240, 177) (ΔE00=27.38, ΔL*=3.0, a"
10.1038_s41561-024-01402-8__be70dd42__p003__b00,10.1038_s41561-024-01402-8__be70dd42__p003__b00,10.1038_s41561-024-01402-8,10.1038_s41561-024-01402-8.pdf,3,0,Environmental Science/10.1038_s41561-024-01402-8/crops/10.1038_s41561-024-01402-8__be70dd42__p003__b00.png,yes,discrete,problematic,model,PROBLEMATIC,0.833,8,"V4 score=0.833 (thr=0.06, cluster_loss=3); komponenten: pair=0.55 + cluster_loss=0.12 + complexity=0.16 + cvd=0.00 + legend=0.00; 7 kollabierte Paare; RGB(48, 34, 135) vs RGB(134, 35, 85) (ΔE00=24.03, ΔL*=9.87, adj=1.00, leg=True); RGB(214, 197, 220) vs RGB(161, 209, 154) (ΔE00=39.74, ΔL*=2.31, adj="
10.1038_s41561-024-01402-8__be70dd42__p004__b00,10.1038_s41561-024-01402-8__be70dd42__p004__b00,10.1038_s41561-024-01402-8,10.1038_s41561-024-01402-8.pdf,4,0,Environmental Science/10.1038_s41561-024-01402-8/crops/10.1038_s41561-024-01402-8__be70dd42__p004__b00.png,yes,discrete,problematic,model,PROBLEMATIC,0.64,8,"V4 score=0.640 (thr=0.06, cluster_loss=1); komponenten: pair=0.36 + cluster_loss=0.04 + complexity=0.24 + cvd=0.00 + legend=0.00; 4 kollabierte Paare; RGB(0, 111, 172) vs RGB(17, 116, 88) (ΔE00=32.31, ΔL*=1.86, adj=1.00, leg=True); RGB(0, 156, 114) vs RGB(66, 132, 171) (ΔE00=31.29, ΔL*=4.15, adj=1.0"
10.1038_s41561-024-01402-8__be70dd42__p005__b00,10.1038_s41561-024-01402-8__be70dd42__p005__b00,10.1038_s41561-024-01402-8,10.1038_s41561-024-01402-8.pdf,5,0,Environmental Science/10.1038_s41561-024-01402-8/crops/10.1038_s41561-024-01402-8__be70dd42__p005__b00.png,yes,safe_gradient,n/a,model,,,,
10.1038_s41561-024-01402-8__be70dd42__p009__b00,10.1038_s41561-024-01402-8__be70dd42__p009__b00,10.1038_s41561-024-01402-8,10.1038_s41561-024-01402-8.pdf,9,0,Environmental Science/10.1038_s41561-024-01402-8/crops/10.1038_s41561-024-01402-8__be70dd42__p009__b00.png,yes,discrete,problematic,model,PROBLEMATIC,0.43,8,"V4 score=0.430 (thr=0.16, cluster_loss=0); komponenten: pair=0.21 + cluster_loss=0.00 + complexity=0.16 + cvd=0.06 + legend=0.00; 4 kollabierte Paare; RGB(173, 196, 173) vs RGB(163, 183, 200) (ΔE00=19.59, ΔL*=3.57, adj=1.00, leg=True); RGB(163, 183, 200) vs RGB(195, 152, 164) (ΔE00=24.97, ΔL*=6.48, "
10.1038_s41561-024-01402-8__be70dd42__p010__b00,10.1038_s41561-024-01402-8__be70dd42__p010__b00,10.1038_s41561-024-01402-8,10.1038_s41561-024-01402-8.pdf,10,0,Environmental Science/10.1038_s41561-024-01402-8/crops/10.1038_s41561-024-01402-8__be70dd42__p010__b00.png,yes,discrete,problematic,model,PROBLEMATIC,0.46,8,"V4 score=0.460 (thr=0.16, cluster_loss=0); komponenten: pair=0.30 + cluster_loss=0.00 + complexity=0.16 + cvd=0.00 + legend=0.00; 4 kollabierte Paare; RGB(219, 210, 220) vs RGB(176, 199, 172) (ΔE00=25.25, ΔL*=7.16, adj=1.00, leg=True); RGB(176, 199, 172) vs RGB(166, 184, 204) (ΔE00=21.0, ΔL*=4.07, a"
10.1038_s41561-024-01402-8__be70dd42__p011__b00,10.1038_s41561-024-01402-8__be70dd42__p011__b00,10.1038_s41561-024-01402-8,10.1038_s41561-024-01402-8.pdf,11,0,Environmental Science/10.1038_s41561-024-01402-8/crops/10.1038_s41561-024-01402-8__be70dd42__p011__b00.png,yes,discrete,problematic,model,PROBLEMATIC,0.53,8,"V4 score=0.530 (thr=0.16, cluster_loss=0); komponenten: pair=0.23 + cluster_loss=0.00 + complexity=0.24 + cvd=0.06 + legend=0.00; 4 kollabierte Paare; RGB(162, 185, 204) vs RGB(172, 199, 173) (ΔE00=20.47, ΔL*=3.59, adj=1.00, leg=True); RGB(162, 185, 204) vs RGB(198, 151, 160) (ΔE00=27.33, ΔL*=6.89, "
10.1038_s41561-024-01402-8__be70dd42__p012__b00,10.1038_s41561-024-01402-8__be70dd42__p012__b00,10.1038_s41561-024-01402-8,10.1038_s41561-024-01402-8.pdf,12,0,Environmental Science/10.1038_s41561-024-01402-8/crops/10.1038_s41561-024-01402-8__be70dd42__p012__b00.png,yes,discrete,problematic,model,PROBLEMATIC,0.544,8,"V4 score=0.544 (thr=0.06, cluster_loss=1); komponenten: pair=0.22 + cluster_loss=0.04 + complexity=0.28 + cvd=0.00 + legend=0.00; 3 kollabierte Paare; RGB(163, 181, 201) vs RGB(173, 197, 172) (ΔE00=21.09, ΔL*=4.32, adj=1.00, leg=True); RGB(196, 133, 138) vs RGB(127, 123, 135) (ΔE00=19.4, ΔL*=9.96, a"
10.1038_s41561-024-01402-8__be70dd42__p013__b00,10.1038_s41561-024-01402-8__be70dd42__p013__b00,10.1038_s41561-024-01402-8,10.1038_s41561-024-01402-8.pdf,13,0,Environmental Science/10.1038_s41561-024-01402-8/crops/10.1038_s41561-024-01402-8__be70dd42__p013__b00.png,yes,discrete,accessible,model,ACCESSIBLE,0.137,6,"V4 score=0.137 (thr=0.16, cluster_loss=0); komponenten: pair=0.06 + cluster_loss=0.00 + complexity=0.08 + cvd=0.00 + legend=0.00; 1 kollabierte Paare; RGB(192, 136, 144) vs RGB(125, 131, 137) (ΔE00=22.4, ΔL*=7.88, adj=1.00, leg=True)"
10.1038_s41561-024-01402-8__be70dd42__p014__b00,10.1038_s41561-024-01402-8__be70dd42__p014__b00,10.1038_s41561-024-01402-8,10.1038_s41561-024-01402-8.pdf,14,0,Environmental Science/10.1038_s41561-024-01402-8/crops/10.1038_s41561-024-01402-8__be70dd42__p014__b00.png,yes,discrete,problematic,model,PROBLEMATIC,0.504,8,"V4 score=0.504 (thr=0.16, cluster_loss=0); komponenten: pair=0.26 + cluster_loss=0.00 + complexity=0.24 + cvd=0.00 + legend=0.00; 4 kollabierte Paare; RGB(239, 239, 243) vs RGB(226, 213, 148) (ΔE00=23.52, ΔL*=9.19, adj=1.00, leg=True); RGB(146, 183, 219) vs RGB(159, 206, 156) (ΔE00=33.06, ΔL*=5.29, "
10.1038_s41561-024-01402-8__be70dd42__p017__b00,10.1038_s41561-024-01402-8__be70dd42__p017__b00,10.1038_s41561-024-01402-8,10.1038_s41561-024-01402-8.pdf,17,0,Environmental Science/10.1038_s41561-024-01402-8/crops/10.1038_s41561-024-01402-8__be70dd42__p017__b00.png,yes,discrete,accessible,model,ACCESSIBLE,0.0,1,Nach Spatial-Filter < 2 Farbregionen (1).
10.1038_s41561-024-01402-8__be70dd42__p019__b00,10.1038_s41561-024-01402-8__be70dd42__p019__b00,10.1038_s41561-024-01402-8,10.1038_s41561-024-01402-8.pdf,19,0,Environmental Science/10.1038_s41561-024-01402-8/crops/10.1038_s41561-024-01402-8__be70dd42__p019__b00.png,yes,discrete,accessible,model,ACCESSIBLE,0.0,0,Zu wenige chromatische Pixel (0) — keine Farbcodierung.
10.1038_s44221-024-00206-9__4f25e316__p002__b00,10.1038_s44221-024-00206-9__4f25e316__p002__b00,10.1038_s44221-024-00206-9,10.1038_s44221-024-00206-9.pdf,2,0,Environmental Science/10.1038_s44221-024-00206-9/crops/10.1038_s44221-024-00206-9__4f25e316__p002__b00.png,yes,discrete,accessible,model,ACCESSIBLE,0.08,6,"V4 score=0.080 (thr=0.16); kein Pair kollabiert; globaler cluster_loss=0, n_color=6, komponenten: pair=0.00 + cluster_loss=0.00 + complexity=0.08 + cvd=0.00 + legend=0.00"
10.1038_s44221-024-00206-9__4f25e316__p003__b00,10.1038_s44221-024-00206-9__4f25e316__p003__b00,10.1038_s44221-024-00206-9,10.1038_s44221-024-00206-9.pdf,3,0,Environmental Science/10.1038_s44221-024-00206-9/crops/10.1038_s44221-024-00206-9__4f25e316__p003__b00.png,yes,discrete,problematic,model,PROBLEMATIC,0.681,6,"V4 score=0.681 (thr=0.06, cluster_loss=2); komponenten: pair=0.52 + cluster_loss=0.08 + complexity=0.08 + cvd=0.00 + legend=0.00; 4 kollabierte Paare; RGB(111, 47, 158) vs RGB(2, 95, 115) (ΔE00=27.08, ΔL*=3.14, adj=1.00, leg=True); RGB(111, 47, 158) vs RGB(164, 33, 28) (ΔE00=36.13, ΔL*=2.44, adj=1.0"
10.1038_s44221-024-00206-9__4f25e316__p003__b01,10.1038_s44221-024-00206-9__4f25e316__p003__b01,10.1038_s44221-024-00206-9,10.1038_s44221-024-00206-9.pdf,3,1,Environmental Science/10.1038_s44221-024-00206-9/crops/10.1038_s44221-024-00206-9__4f25e316__p003__b01.png,yes,discrete,accessible,model,ACCESSIBLE,0.0,1,Fast-Path: nur 1 Farb- / 1 Grayscale-Cluster.
10.1038_s44221-024-00206-9__4f25e316__p003__b02,10.1038_s44221-024-00206-9__4f25e316__p003__b02,10.1038_s44221-024-00206-9,10.1038_s44221-024-00206-9.pdf,3,2,Environmental Science/10.1038_s44221-024-00206-9/crops/10.1038_s44221-024-00206-9__4f25e316__p003__b02.png,yes,discrete,accessible,model,ACCESSIBLE,0.0,2,Fast-Path: nur 2 Farb- / 2 Grayscale-Cluster.
10.1038_s44221-024-00206-9__4f25e316__p003__b03,10.1038_s44221-024-00206-9__4f25e316__p003__b03,10.1038_s44221-024-00206-9,10.1038_s44221-024-00206-9.pdf,3,3,Environmental Science/10.1038_s44221-024-00206-9/crops/10.1038_s44221-024-00206-9__4f25e316__p003__b03.png,yes,discrete,accessible,model,ACCESSIBLE,0.0,2,"V4 score=0.000 (thr=0.16); kein Pair kollabiert; globaler cluster_loss=0, n_color=2, komponenten: pair=0.00 + cluster_loss=0.00 + complexity=0.00 + cvd=0.00 + legend=0.00"
10.1038_s44221-024-00206-9__4f25e316__p003__b04,10.1038_s44221-024-00206-9__4f25e316__p003__b04,10.1038_s44221-024-00206-9,10.1038_s44221-024-00206-9.pdf,3,4,Environmental Science/10.1038_s44221-024-00206-9/crops/10.1038_s44221-024-00206-9__4f25e316__p003__b04.png,yes,discrete,accessible,model,ACCESSIBLE,0.0,3,"V4 score=0.000 (thr=0.16); kein Pair kollabiert; globaler cluster_loss=0, n_color=3, komponenten: pair=0.00 + cluster_loss=0.00 + complexity=0.00 + cvd=0.00 + legend=0.00"
10.1038_s44221-024-00206-9__4f25e316__p003__b05,10.1038_s44221-024-00206-9__4f25e316__p003__b05,10.1038_s44221-024-00206-9,10.1038_s44221-024-00206-9.pdf,3,5,Environmental Science/10.1038_s44221-024-00206-9/crops/10.1038_s44221-024-00206-9__4f25e316__p003__b05.png,yes,discrete,accessible,model,ACCESSIBLE,0.0,2,"V4 score=0.000 (thr=0.16); kein Pair kollabiert; globaler cluster_loss=0, n_color=2, komponenten: pair=0.00 + cluster_loss=0.00 + complexity=0.00 + cvd=0.00 + legend=0.00"
10.1038_s44221-024-00206-9__4f25e316__p003__b06,10.1038_s44221-024-00206-9__4f25e316__p003__b06,10.1038_s44221-024-00206-9,10.1038_s44221-024-00206-9.pdf,3,6,Environmental Science/10.1038_s44221-024-00206-9/crops/10.1038_s44221-024-00206-9__4f25e316__p003__b06.png,yes,discrete,accessible,model,ACCESSIBLE,0.0,3,"V4 score=0.000 (thr=0.16); kein Pair kollabiert; globaler cluster_loss=0, n_color=3, komponenten: pair=0.00 + cluster_loss=0.00 + complexity=0.00 + cvd=0.00 + legend=0.00"
10.1038_s44221-024-00206-9__4f25e316__p005__b00,10.1038_s44221-024-00206-9__4f25e316__p005__b00,10.1038_s44221-024-00206-9,10.1038_s44221-024-00206-9.pdf,5,0,Environmental Science/10.1038_s44221-024-00206-9/crops/10.1038_s44221-024-00206-9__4f25e316__p005__b00.png,yes,rainbow_gradient,n/a,model,,,,
10.1038_s44221-024-00206-9__4f25e316__p005__b01,10.1038_s44221-024-00206-9__4f25e316__p005__b01,10.1038_s44221-024-00206-9,10.1038_s44221-024-00206-9.pdf,5,1,Environmental Science/10.1038_s44221-024-00206-9/crops/10.1038_s44221-024-00206-9__4f25e316__p005__b01.png,yes,discrete,accessible,model,ACCESSIBLE,0.133,3,"V4 score=0.133 (thr=0.16, cluster_loss=0); komponenten: pair=0.13 + cluster_loss=0.00 + complexity=0.00 + cvd=0.00 + legend=0.00; 1 kollabierte Paare; RGB(0, 175, 82) vs RGB(107, 146, 206) (ΔE00=46.05, ΔL*=2.72, adj=1.00, leg=True)"
10.1038_s44221-024-00206-9__4f25e316__p005__b02,10.1038_s44221-024-00206-9__4f25e316__p005__b02,10.1038_s44221-024-00206-9,10.1038_s44221-024-00206-9.pdf,5,2,Environmental Science/10.1038_s44221-024-00206-9/crops/10.1038_s44221-024-00206-9__4f25e316__p005__b02.png,yes,safe_gradient,n/a,model,,,,
10.32473_edis-ae459-2010__e629c6e2__p001__b00,10.32473_edis-ae459-2010__e629c6e2__p001__b00,10.32473_edis-ae459-2010,10.32473_edis-ae459-2010.pdf,1,0,Environmental Science/10.32473_edis-ae459-2010/crops/10.32473_edis-ae459-2010__e629c6e2__p001__b00.png,yes,discrete,problematic,model,PROBLEMATIC,0.16,3,"V4 score=0.160 (thr=0.06); kein Pair kollabiert; globaler cluster_loss=3, n_color=5, komponenten: pair=0.00 + cluster_loss=0.12 + complexity=0.04 + cvd=0.00 + legend=0.00"
10.3389_fenvs.2024.1336088__3f779a48__p003__b00,10.3389_fenvs.2024.1336088__3f779a48__p003__b00,10.3389_fenvs.2024.1336088,10.3389_fenvs.2024.1336088.pdf,3,0,Environmental Science/10.3389_fenvs.2024.1336088/crops/10.3389_fenvs.2024.1336088__3f779a48__p003__b00.png,yes,discrete,accessible,model,ACCESSIBLE,0.0,3,"V4 score=0.000 (thr=0.16); kein Pair kollabiert; globaler cluster_loss=0, n_color=3, komponenten: pair=0.00 + cluster_loss=0.00 + complexity=0.00 + cvd=0.00 + legend=0.00"
10.3389_fenvs.2024.1336088__3f779a48__p003__b01,10.3389_fenvs.2024.1336088__3f779a48__p003__b01,10.3389_fenvs.2024.1336088,10.3389_fenvs.2024.1336088.pdf,3,1,Environmental Science/10.3389_fenvs.2024.1336088/crops/10.3389_fenvs.2024.1336088__3f779a48__p003__b01.png,yes,discrete,problematic,model,PROBLEMATIC,0.521,7,"V4 score=0.521 (thr=0.08, cluster_loss=0); komponenten: pair=0.40 + cluster_loss=0.00 + complexity=0.12 + cvd=0.00 + legend=0.00; 7 kollabierte Paare; RGB(151, 193, 222) vs RGB(168, 177, 183) (ΔE00=11.02, ΔL*=4.26, adj=1.00, leg=True); RGB(151, 193, 222) vs RGB(193, 196, 71) (ΔE00=44.18, ΔL*=0.83, a"
10.3389_fenvs.2024.1336088__3f779a48__p003__b02,10.3389_fenvs.2024.1336088__3f779a48__p003__b02,10.3389_fenvs.2024.1336088,10.3389_fenvs.2024.1336088.pdf,3,2,Environmental Science/10.3389_fenvs.2024.1336088/crops/10.3389_fenvs.2024.1336088__3f779a48__p003__b02.png,yes,discrete,problematic,model,PROBLEMATIC,0.364,7,"V4 score=0.364 (thr=0.16, cluster_loss=0); komponenten: pair=0.20 + cluster_loss=0.00 + complexity=0.16 + cvd=0.00 + legend=0.00; 4 kollabierte Paare; RGB(252, 196, 175) vs RGB(174, 183, 195) (ΔE00=24.68, ΔL*=9.28, adj=1.00, leg=True); RGB(130, 140, 150) vs RGB(230, 141, 88) (ΔE00=30.91, ΔL*=9.63, a"
10.3389_fenvs.2024.1336088__3f779a48__p011__b00,10.3389_fenvs.2024.1336088__3f779a48__p011__b00,10.3389_fenvs.2024.1336088,10.3389_fenvs.2024.1336088.pdf,11,0,Environmental Science/10.3389_fenvs.2024.1336088/crops/10.3389_fenvs.2024.1336088__3f779a48__p011__b00.png,yes,discrete,accessible,model,ACCESSIBLE,0.0,1,Nach Spatial-Filter < 2 Farbregionen (1).
10.3389_fenvs.2024.1336088__3f779a48__p013__b00,10.3389_fenvs.2024.1336088__3f779a48__p013__b00,10.3389_fenvs.2024.1336088,10.3389_fenvs.2024.1336088.pdf,13,0,Environmental Science/10.3389_fenvs.2024.1336088/crops/10.3389_fenvs.2024.1336088__3f779a48__p013__b00.png,yes,discrete,problematic,model,PROBLEMATIC,0.468,6,"V4 score=0.468 (thr=0.16, cluster_loss=0); komponenten: pair=0.33 + cluster_loss=0.00 + complexity=0.08 + cvd=0.06 + legend=0.00; 4 kollabierte Paare; RGB(195, 47, 147) vs RGB(0, 121, 196) (ΔE00=43.86, ΔL*=2.19, adj=1.00, leg=True); RGB(169, 42, 147) vs RGB(0, 121, 196) (ΔE00=41.54, ΔL*=7.24, adj=1."
10.1038_s41420-024-01815-9__92d37c5d__p003__b00,10.1038_s41420-024-01815-9__92d37c5d__p003__b00,10.1038_s41420-024-01815-9,10.1038_s41420-024-01815-9.pdf,3,0,Immunology and Microbiology/10.1038_s41420-024-01815-9/crops/10.1038_s41420-024-01815-9__92d37c5d__p003__b00.png,yes,discrete,problematic,model,PROBLEMATIC,0.523,8,"V4 score=0.523 (thr=0.06, cluster_loss=2); komponenten: pair=0.22 + cluster_loss=0.08 + complexity=0.16 + cvd=0.06 + legend=0.00; 5 kollabierte Paare; RGB(197, 178, 207) vs RGB(161, 200, 230) (ΔE00=22.08, ΔL*=3.94, adj=1.00, leg=True); RGB(212, 199, 219) vs RGB(161, 200, 230) (ΔE00=20.42, ΔL*=3.12, "
10.1038_s41420-024-01815-9__92d37c5d__p005__b00,10.1038_s41420-024-01815-9__92d37c5d__p005__b00,10.1038_s41420-024-01815-9,10.1038_s41420-024-01815-9.pdf,5,0,Immunology and Microbiology/10.1038_s41420-024-01815-9/crops/10.1038_s41420-024-01815-9__92d37c5d__p005__b00.png,yes,discrete,problematic,model,PROBLEMATIC,0.542,6,"V4 score=0.542 (thr=0.16, cluster_loss=0); komponenten: pair=0.46 + cluster_loss=0.00 + complexity=0.08 + cvd=0.00 + legend=0.00; 5 kollabierte Paare; RGB(194, 207, 228) vs RGB(229, 178, 167) (ΔE00=24.27, ΔL*=5.62, adj=1.00, leg=True); RGB(183, 171, 200) vs RGB(223, 131, 130) (ΔE00=22.96, ΔL*=6.94, "
10.1038_s41420-024-01815-9__92d37c5d__p006__b00,10.1038_s41420-024-01815-9__92d37c5d__p006__b00,10.1038_s41420-024-01815-9,10.1038_s41420-024-01815-9.pdf,6,0,Immunology and Microbiology/10.1038_s41420-024-01815-9/crops/10.1038_s41420-024-01815-9__92d37c5d__p006__b00.png,yes,discrete,problematic,model,PROBLEMATIC,0.1,5,"V4 score=0.100 (thr=0.08); kein Pair kollabiert; globaler cluster_loss=0, n_color=5, komponenten: pair=0.00 + cluster_loss=0.00 + complexity=0.04 + cvd=0.06 + legend=0.00"
10.1038_s41420-024-01815-9__92d37c5d__p007__b00,10.1038_s41420-024-01815-9__92d37c5d__p007__b00,10.1038_s41420-024-01815-9,10.1038_s41420-024-01815-9.pdf,7,0,Immunology and Microbiology/10.1038_s41420-024-01815-9/crops/10.1038_s41420-024-01815-9__92d37c5d__p007__b00.png,yes,discrete,accessible,model,ACCESSIBLE,0.0,2,"V4 score=0.000 (thr=0.16); kein Pair kollabiert; globaler cluster_loss=0, n_color=2, komponenten: pair=0.00 + cluster_loss=0.00 + complexity=0.00 + cvd=0.00 + legend=0.00"
10.1038_s41423-024-01145-x__e13ec0ae__p002__b00,10.1038_s41423-024-01145-x__e13ec0ae__p002__b00,10.1038_s41423-024-01145-x,10.1038_s41423-024-01145-x.pdf,2,0,Immunology and Microbiology/10.1038_s41423-024-01145-x/crops/10.1038_s41423-024-01145-x__e13ec0ae__p002__b00.png,yes,discrete,problematic,model,PROBLEMATIC,0.205,5,"V4 score=0.205 (thr=0.16, cluster_loss=0); komponenten: pair=0.16 + cluster_loss=0.00 + complexity=0.04 + cvd=0.00 + legend=0.00; 1 kollabierte Paare; RGB(146, 163, 184) vs RGB(63, 166, 75) (ΔE00=35.85, ΔL*=5.68, adj=1.00, leg=True)"
10.1038_s41423-024-01145-x__e13ec0ae__p002__b01,10.1038_s41423-024-01145-x__e13ec0ae__p002__b01,10.1038_s41423-024-01145-x,10.1038_s41423-024-01145-x.pdf,2,1,Immunology and Microbiology/10.1038_s41423-024-01145-x/crops/10.1038_s41423-024-01145-x__e13ec0ae__p002__b01.png,yes,discrete,problematic,model,PROBLEMATIC,0.458,8,"V4 score=0.458 (thr=0.16, cluster_loss=0); komponenten: pair=0.30 + cluster_loss=0.00 + complexity=0.16 + cvd=0.00 + legend=0.00; 5 kollabierte Paare; RGB(128, 101, 147) vs RGB(0, 146, 164) (ΔE00=36.89, ΔL*=8.09, adj=1.00, leg=True); RGB(128, 101, 147) vs RGB(195, 80, 81) (ΔE00=25.59, ΔL*=2.41, adj="
10.1038_s41423-024-01145-x__e13ec0ae__p002__b02,10.1038_s41423-024-01145-x__e13ec0ae__p002__b02,10.1038_s41423-024-01145-x,10.1038_s41423-024-01145-x.pdf,2,2,Immunology and Microbiology/10.1038_s41423-024-01145-x/crops/10.1038_s41423-024-01145-x__e13ec0ae__p002__b02.png,yes,discrete,problematic,model,PROBLEMATIC,0.23,6,"V4 score=0.230 (thr=0.08, cluster_loss=0); komponenten: pair=0.15 + cluster_loss=0.00 + complexity=0.08 + cvd=0.00 + legend=0.00; 2 kollabierte Paare; RGB(151, 163, 183) vs RGB(59, 164, 75) (ΔE00=35.72, ΔL*=6.64, adj=1.00, leg=True); RGB(128, 101, 147) vs RGB(153, 89, 39) (ΔE00=35.14, ΔL*=3.01, adj="
10.1038_s41423-024-01145-x__e13ec0ae__p012__b00,10.1038_s41423-024-01145-x__e13ec0ae__p012__b00,10.1038_s41423-024-01145-x,10.1038_s41423-024-01145-x.pdf,12,0,Immunology and Microbiology/10.1038_s41423-024-01145-x/crops/10.1038_s41423-024-01145-x__e13ec0ae__p012__b00.png,yes,discrete,problematic,model,PROBLEMATIC,0.541,8,"V4 score=0.541 (thr=0.16, cluster_loss=0); komponenten: pair=0.34 + cluster_loss=0.00 + complexity=0.20 + cvd=0.00 + legend=0.00; 6 kollabierte Paare; RGB(146, 164, 187) vs RGB(78, 162, 80) (ΔE00=35.96, ΔL*=6.63, adj=1.00, leg=True); RGB(146, 164, 187) vs RGB(211, 116, 136) (ΔE00=30.12, ΔL*=6.95, ad"
10.1038_s41591-024-03130-3__d15554f8__p002__b00,10.1038_s41591-024-03130-3__d15554f8__p002__b00,10.1038_s41591-024-03130-3,10.1038_s41591-024-03130-3.pdf,2,0,Immunology and Microbiology/10.1038_s41591-024-03130-3/crops/10.1038_s41591-024-03130-3__d15554f8__p002__b00.png,yes,discrete,accessible,model,ACCESSIBLE,0.08,2,"V4 score=0.080 (thr=0.16); kein Pair kollabiert; globaler cluster_loss=0, n_color=6, komponenten: pair=0.00 + cluster_loss=0.00 + complexity=0.08 + cvd=0.00 + legend=0.00"
10.1038_s41591-024-03130-3__d15554f8__p002__b01,10.1038_s41591-024-03130-3__d15554f8__p002__b01,10.1038_s41591-024-03130-3,10.1038_s41591-024-03130-3.pdf,2,1,Immunology and Microbiology/10.1038_s41591-024-03130-3/crops/10.1038_s41591-024-03130-3__d15554f8__p002__b01.png,yes,discrete,accessible,model,ACCESSIBLE,0.119,4,"V4 score=0.119 (thr=0.16, cluster_loss=0); komponenten: pair=0.04 + cluster_loss=0.00 + complexity=0.08 + cvd=0.00 + legend=0.00; 1 kollabierte Paare; RGB(252, 73, 42) vs RGB(194, 120, 48) (ΔE00=19.3, ΔL*=0.28, adj=1.00, leg=True)"
10.1038_s41591-024-03130-3__d15554f8__p002__b02,10.1038_s41591-024-03130-3__d15554f8__p002__b02,10.1038_s41591-024-03130-3,10.1038_s41591-024-03130-3.pdf,2,2,Immunology and Microbiology/10.1038_s41591-024-03130-3/crops/10.1038_s41591-024-03130-3__d15554f8__p002__b02.png,yes,discrete,problematic,model,PROBLEMATIC,0.282,6,"V4 score=0.282 (thr=0.06, cluster_loss=1); komponenten: pair=0.16 + cluster_loss=0.04 + complexity=0.08 + cvd=0.00 + legend=0.00; 3 kollabierte Paare; RGB(212, 215, 186) vs RGB(191, 217, 240) (ΔE00=23.07, ΔL*=0.53, adj=1.00, leg=True); RGB(212, 215, 186) vs RGB(227, 237, 233) (ΔE00=11.15, ΔL*=8.21, "
10.1038_s41591-024-03130-3__d15554f8__p003__b00,10.1038_s41591-024-03130-3__d15554f8__p003__b00,10.1038_s41591-024-03130-3,10.1038_s41591-024-03130-3.pdf,3,0,Immunology and Microbiology/10.1038_s41591-024-03130-3/crops/10.1038_s41591-024-03130-3__d15554f8__p003__b00.png,yes,discrete,problematic,model,PROBLEMATIC,0.52,7,Fast-Path: cluster_loss=4 (≥4) — 7 Farb-Cluster kollabieren auf 3 Grayscale-Cluster.
10.1038_s41591-024-03130-3__d15554f8__p003__b01,10.1038_s41591-024-03130-3__d15554f8__p003__b01,10.1038_s41591-024-03130-3,10.1038_s41591-024-03130-3.pdf,3,1,Immunology and Microbiology/10.1038_s41591-024-03130-3/crops/10.1038_s41591-024-03130-3__d15554f8__p003__b01.png,yes,rainbow_gradient,n/a,model,,,,
10.1038_s41591-024-03130-3__d15554f8__p008__b00,10.1038_s41591-024-03130-3__d15554f8__p008__b00,10.1038_s41591-024-03130-3,10.1038_s41591-024-03130-3.pdf,8,0,Immunology and Microbiology/10.1038_s41591-024-03130-3/crops/10.1038_s41591-024-03130-3__d15554f8__p008__b00.png,yes,discrete,problematic,model,PROBLEMATIC,0.12,5,"V4 score=0.120 (thr=0.06); kein Pair kollabiert; globaler cluster_loss=1, n_color=6, komponenten: pair=0.00 + cluster_loss=0.04 + complexity=0.08 + cvd=0.00 + legend=0.00"
10.1038_s41591-024-03130-3__d15554f8__p010__b00,10.1038_s41591-024-03130-3__d15554f8__p010__b00,10.1038_s41591-024-03130-3,10.1038_s41591-024-03130-3.pdf,10,0,Immunology and Microbiology/10.1038_s41591-024-03130-3/crops/10.1038_s41591-024-03130-3__d15554f8__p010__b00.png,yes,discrete,problematic,model,PROBLEMATIC,0.352,6,"V4 score=0.352 (thr=0.06, cluster_loss=2); komponenten: pair=0.15 + cluster_loss=0.08 + complexity=0.12 + cvd=0.00 + legend=0.00; 3 kollabierte Paare; RGB(235, 39, 42) vs RGB(88, 100, 94) (ΔE00=39.56, ΔL*=9.98, adj=1.00, leg=True); RGB(235, 39, 42) vs RGB(105, 117, 111) (ΔE00=37.38, ΔL*=2.88, adj=1."
10.1038_s41698-024-00522-z__004412a4__p002__b00,10.1038_s41698-024-00522-z__004412a4__p002__b00,10.1038_s41698-024-00522-z,10.1038_s41698-024-00522-z.pdf,2,0,Immunology and Microbiology/10.1038_s41698-024-00522-z/crops/10.1038_s41698-024-00522-z__004412a4__p002__b00.png,yes,discrete,problematic,model,PROBLEMATIC,1.0,8,"V4 score=1.000 (thr=0.06, cluster_loss=3); komponenten: pair=0.82 + cluster_loss=0.12 + complexity=0.20 + cvd=0.00 + legend=0.00; 9 kollabierte Paare; RGB(230, 213, 230) vs RGB(250, 232, 38) (ΔE00=42.52, ΔL*=3.87, adj=1.00, leg=True); RGB(230, 213, 230) vs RGB(152, 218, 254) (ΔE00=30.6, ΔL*=3.41, ad"
10.1038_s41698-024-00522-z__004412a4__p003__b00,10.1038_s41698-024-00522-z__004412a4__p003__b00,10.1038_s41698-024-00522-z,10.1038_s41698-024-00522-z.pdf,3,0,Immunology and Microbiology/10.1038_s41698-024-00522-z/crops/10.1038_s41698-024-00522-z__004412a4__p003__b00.png,yes,discrete,problematic,model,PROBLEMATIC,0.756,7,"V4 score=0.756 (thr=0.08, cluster_loss=0); komponenten: pair=0.58 + cluster_loss=0.00 + complexity=0.12 + cvd=0.06 + legend=0.00; 8 kollabierte Paare; RGB(231, 226, 250) vs RGB(169, 231, 247) (ΔE00=24.72, ΔL*=2.77, adj=1.00, leg=True); RGB(231, 226, 250) vs RGB(149, 217, 254) (ΔE00=24.14, ΔL*=7.43, "
10.1038_s41698-024-00522-z__004412a4__p012__b00,10.1038_s41698-024-00522-z__004412a4__p012__b00,10.1038_s41698-024-00522-z,10.1038_s41698-024-00522-z.pdf,12,0,Immunology and Microbiology/10.1038_s41698-024-00522-z/crops/10.1038_s41698-024-00522-z__004412a4__p012__b00.png,yes,discrete,problematic,model,PROBLEMATIC,0.199,4,"V4 score=0.199 (thr=0.06, cluster_loss=2); komponenten: pair=0.12 + cluster_loss=0.08 + complexity=0.00 + cvd=0.00 + legend=0.00; 2 kollabierte Paare; RGB(251, 198, 198) vs RGB(149, 217, 254) (ΔE00=38.1, ΔL*=0.81, adj=1.00, leg=True); RGB(251, 198, 198) vs RGB(123, 198, 250) (ΔE00=36.71, ΔL*=7.64, a"
10.1038_s44385-025-00010-4__b000433e__p002__b00,10.1038_s44385-025-00010-4__b000433e__p002__b00,10.1038_s44385-025-00010-4,10.1038_s44385-025-00010-4.pdf,2,0,Immunology and Microbiology/10.1038_s44385-025-00010-4/crops/10.1038_s44385-025-00010-4__b000433e__p002__b00.png,yes,rainbow_gradient,n/a,model,,,,
10.1073_pnas.2411919121__6b8dfc20__p002__b00,10.1073_pnas.2411919121__6b8dfc20__p002__b00,10.1073_pnas.2411919121,10.1073_pnas.2411919121.pdf,2,0,Immunology and Microbiology/10.1073_pnas.2411919121/crops/10.1073_pnas.2411919121__6b8dfc20__p002__b00.png,yes,discrete,problematic,model,PROBLEMATIC,0.42,4,"V4 score=0.420 (thr=0.08, cluster_loss=0); komponenten: pair=0.42 + cluster_loss=0.00 + complexity=0.00 + cvd=0.00 + legend=0.00; 3 kollabierte Paare; RGB(152, 188, 214) vs RGB(253, 141, 112) (ΔE00=38.63, ΔL*=4.35, adj=1.00, leg=True); RGB(152, 188, 214) vs RGB(244, 199, 187) (ΔE00=30.67, ΔL*=9.42, "
10.1073_pnas.2411919121__6b8dfc20__p003__b00,10.1073_pnas.2411919121__6b8dfc20__p003__b00,10.1073_pnas.2411919121,10.1073_pnas.2411919121.pdf,3,0,Immunology and Microbiology/10.1073_pnas.2411919121/crops/10.1073_pnas.2411919121__6b8dfc20__p003__b00.png,yes,discrete,accessible,model,ACCESSIBLE,0.0,2,"V4 score=0.000 (thr=0.08); kein Pair kollabiert; globaler cluster_loss=0, n_color=3, komponenten: pair=0.00 + cluster_loss=0.00 + complexity=0.00 + cvd=0.00 + legend=0.00"
10.1073_pnas.2411919121__6b8dfc20__p004__b00,10.1073_pnas.2411919121__6b8dfc20__p004__b00,10.1073_pnas.2411919121,10.1073_pnas.2411919121.pdf,4,0,Immunology and Microbiology/10.1073_pnas.2411919121/crops/10.1073_pnas.2411919121__6b8dfc20__p004__b00.png,yes,discrete,problematic,model,PROBLEMATIC,0.967,7,"V4 score=0.967 (thr=0.06, cluster_loss=2); komponenten: pair=0.73 + cluster_loss=0.08 + complexity=0.16 + cvd=0.00 + legend=0.00; 5 kollabierte Paare; RGB(5, 198, 207) vs RGB(236, 181, 41) (ΔE00=44.14, ΔL*=3.66, adj=1.00, leg=True); RGB(0, 100, 6) vs RGB(138, 32, 100) (ΔE00=71.56, ΔL*=3.52, adj=1.00"
10.1073_pnas.2411919121__6b8dfc20__p004__b01,10.1073_pnas.2411919121__6b8dfc20__p004__b01,10.1073_pnas.2411919121,10.1073_pnas.2411919121.pdf,4,1,Immunology and Microbiology/10.1073_pnas.2411919121/crops/10.1073_pnas.2411919121__6b8dfc20__p004__b01.png,yes,discrete,accessible,model,ACCESSIBLE,0.0,2,Fast-Path: nur 2 Farb- / 2 Grayscale-Cluster.
10.1073_pnas.2411919121__6b8dfc20__p005__b00,10.1073_pnas.2411919121__6b8dfc20__p005__b00,10.1073_pnas.2411919121,10.1073_pnas.2411919121.pdf,5,0,Immunology and Microbiology/10.1073_pnas.2411919121/crops/10.1073_pnas.2411919121__6b8dfc20__p005__b00.png,yes,discrete,problematic,model,PROBLEMATIC,0.703,3,"V4 score=0.703 (thr=0.06, cluster_loss=3); komponenten: pair=0.42 + cluster_loss=0.12 + complexity=0.16 + cvd=0.00 + legend=0.00; 1 kollabierte Paare; RGB(108, 169, 208) vs RGB(217, 166, 38) (ΔE00=48.58, ΔL*=4.45, adj=1.00, leg=True)"
10.1073_pnas.2411919121__6b8dfc20__p005__b01,10.1073_pnas.2411919121__6b8dfc20__p005__b01,10.1073_pnas.2411919121,10.1073_pnas.2411919121.pdf,5,1,Immunology and Microbiology/10.1073_pnas.2411919121/crops/10.1073_pnas.2411919121__6b8dfc20__p005__b01.png,yes,discrete,problematic,model,PROBLEMATIC,0.377,2,"V4 score=0.377 (thr=0.06, cluster_loss=2); komponenten: pair=0.14 + cluster_loss=0.08 + complexity=0.16 + cvd=0.00 + legend=0.00; 1 kollabierte Paare; RGB(108, 169, 208) vs RGB(219, 167, 40) (ΔE00=48.5, ΔL*=4.51, adj=0.30, leg=False)"
10.1073_pnas.2411919121__6b8dfc20__p005__b02,10.1073_pnas.2411919121__6b8dfc20__p005__b02,10.1073_pnas.2411919121,10.1073_pnas.2411919121.pdf,5,2,Immunology and Microbiology/10.1073_pnas.2411919121/crops/10.1073_pnas.2411919121__6b8dfc20__p005__b02.png,yes,discrete,problematic,model,PROBLEMATIC,0.52,9,Fast-Path: cluster_loss=4 (≥4) — 9 Farb-Cluster kollabieren auf 5 Grayscale-Cluster.
10.1073_pnas.2411919121__6b8dfc20__p005__b03,10.1073_pnas.2411919121__6b8dfc20__p005__b03,10.1073_pnas.2411919121,10.1073_pnas.2411919121.pdf,5,3,Immunology and Microbiology/10.1073_pnas.2411919121/crops/10.1073_pnas.2411919121__6b8dfc20__p005__b03.png,yes,discrete,problematic,model,PROBLEMATIC,0.389,2,"V4 score=0.389 (thr=0.06, cluster_loss=2); komponenten: pair=0.15 + cluster_loss=0.08 + complexity=0.16 + cvd=0.00 + legend=0.00; 1 kollabierte Paare; RGB(111, 169, 208) vs RGB(217, 166, 38) (ΔE00=48.6, ΔL*=4.5, adj=0.30, leg=False)"
10.1073_pnas.2411919121__6b8dfc20__p005__b04,10.1073_pnas.2411919121__6b8dfc20__p005__b04,10.1073_pnas.2411919121,10.1073_pnas.2411919121.pdf,5,4,Immunology and Microbiology/10.1073_pnas.2411919121/crops/10.1073_pnas.2411919121__6b8dfc20__p005__b04.png,yes,rainbow_gradient,n/a,model,,,,
10.1073_pnas.2411919121__6b8dfc20__p006__b00,10.1073_pnas.2411919121__6b8dfc20__p006__b00,10.1073_pnas.2411919121,10.1073_pnas.2411919121.pdf,6,0,Immunology and Microbiology/10.1073_pnas.2411919121/crops/10.1073_pnas.2411919121__6b8dfc20__p006__b00.png,yes,discrete,problematic,model,PROBLEMATIC,0.418,4,"V4 score=0.418 (thr=0.16, cluster_loss=0); komponenten: pair=0.42 + cluster_loss=0.00 + complexity=0.00 + cvd=0.00 + legend=0.00; 2 kollabierte Paare; RGB(112, 171, 209) vs RGB(218, 169, 44) (ΔE00=48.14, ΔL*=4.62, adj=1.00, leg=True); RGB(236, 237, 235) vs RGB(240, 223, 176) (ΔE00=15.8, ΔL*=4.87, ad"
10.1073_pnas.2411919121__6b8dfc20__p006__b01,10.1073_pnas.2411919121__6b8dfc20__p006__b01,10.1073_pnas.2411919121,10.1073_pnas.2411919121.pdf,6,1,Immunology and Microbiology/10.1073_pnas.2411919121/crops/10.1073_pnas.2411919121__6b8dfc20__p006__b01.png,yes,rainbow_gradient,n/a,model,,,,
10.1073_pnas.2411919121__6b8dfc20__p006__b02,10.1073_pnas.2411919121__6b8dfc20__p006__b02,10.1073_pnas.2411919121,10.1073_pnas.2411919121.pdf,6,2,Immunology and Microbiology/10.1073_pnas.2411919121/crops/10.1073_pnas.2411919121__6b8dfc20__p006__b02.png,yes,discrete,problematic,model,PROBLEMATIC,0.725,5,"V4 score=0.725 (thr=0.06, cluster_loss=1); komponenten: pair=0.55 + cluster_loss=0.04 + complexity=0.08 + cvd=0.06 + legend=0.00; 4 kollabierte Paare; RGB(111, 170, 208) vs RGB(218, 169, 44) (ΔE00=48.09, ΔL*=4.72, adj=1.00, leg=True); RGB(218, 169, 44) vs RGB(157, 196, 218) (ΔE00=40.93, ΔL*=5.4, adj"
10.1073_pnas.2411919121__6b8dfc20__p006__b03,10.1073_pnas.2411919121__6b8dfc20__p006__b03,10.1073_pnas.2411919121,10.1073_pnas.2411919121.pdf,6,3,Immunology and Microbiology/10.1073_pnas.2411919121/crops/10.1073_pnas.2411919121__6b8dfc20__p006__b03.png,yes,discrete,accessible,model,ACCESSIBLE,0.0,0,Zu wenige chromatische Pixel (0) — keine Farbcodierung.
10.1073_pnas.2411919121__6b8dfc20__p007__b00,10.1073_pnas.2411919121__6b8dfc20__p007__b00,10.1073_pnas.2411919121,10.1073_pnas.2411919121.pdf,7,0,Immunology and Microbiology/10.1073_pnas.2411919121/crops/10.1073_pnas.2411919121__6b8dfc20__p007__b00.png,yes,discrete,accessible,model,ACCESSIBLE,0.0,0,Zu wenige chromatische Pixel (0) — keine Farbcodierung.
10.1186_s12964-023-01466-w__7c71e803__p003__b00,10.1186_s12964-023-01466-w__7c71e803__p003__b00,10.1186_s12964-023-01466-w,10.1186_s12964-023-01466-w.pdf,3,0,Immunology and Microbiology/10.1186_s12964-023-01466-w/crops/10.1186_s12964-023-01466-w__7c71e803__p003__b00.png,yes,discrete,accessible,model,ACCESSIBLE,0.062,3,"V4 score=0.062 (thr=0.08, cluster_loss=0); komponenten: pair=0.06 + cluster_loss=0.00 + complexity=0.00 + cvd=0.00 + legend=0.00; 1 kollabierte Paare; RGB(241, 204, 204) vs RGB(123, 203, 232) (ΔE00=40.27, ΔL*=7.64, adj=1.00, leg=True)"
10.1186_s12964-023-01466-w__7c71e803__p006__b00,10.1186_s12964-023-01466-w__7c71e803__p006__b00,10.1186_s12964-023-01466-w,10.1186_s12964-023-01466-w.pdf,6,0,Immunology and Microbiology/10.1186_s12964-023-01466-w/crops/10.1186_s12964-023-01466-w__7c71e803__p006__b00.png,yes,discrete,problematic,model,PROBLEMATIC,0.52,9,Fast-Path: cluster_loss=4 (≥4) — 9 Farb-Cluster kollabieren auf 5 Grayscale-Cluster.
10.1186_s12964-023-01466-w__7c71e803__p006__b01,10.1186_s12964-023-01466-w__7c71e803__p006__b01,10.1186_s12964-023-01466-w,10.1186_s12964-023-01466-w.pdf,6,1,Immunology and Microbiology/10.1186_s12964-023-01466-w/crops/10.1186_s12964-023-01466-w__7c71e803__p006__b01.png,yes,discrete,accessible,model,ACCESSIBLE,0.108,3,"V4 score=0.108 (thr=0.16, cluster_loss=0); komponenten: pair=0.05 + cluster_loss=0.00 + complexity=0.00 + cvd=0.06 + legend=0.00; 1 kollabierte Paare; RGB(140, 196, 220) vs RGB(211, 195, 223) (ΔE00=27.37, ΔL*=4.63, adj=1.00, leg=True)"
10.1186_s12964-023-01466-w__7c71e803__p009__b00,10.1186_s12964-023-01466-w__7c71e803__p009__b00,10.1186_s12964-023-01466-w,10.1186_s12964-023-01466-w.pdf,9,0,Immunology and Microbiology/10.1186_s12964-023-01466-w/crops/10.1186_s12964-023-01466-w__7c71e803__p009__b00.png,yes,discrete,accessible,model,ACCESSIBLE,0.0,4,"V4 score=0.000 (thr=0.16); kein Pair kollabiert; globaler cluster_loss=0, n_color=4, komponenten: pair=0.00 + cluster_loss=0.00 + complexity=0.00 + cvd=0.00 + legend=0.00"
10.1186_s12964-023-01466-w__7c71e803__p014__b00,10.1186_s12964-023-01466-w__7c71e803__p014__b00,10.1186_s12964-023-01466-w,10.1186_s12964-023-01466-w.pdf,14,0,Immunology and Microbiology/10.1186_s12964-023-01466-w/crops/10.1186_s12964-023-01466-w__7c71e803__p014__b00.png,yes,rainbow_gradient,n/a,model,,,,
10.15585_mmwr.mm7414a1__0d37aaeb__p001__b00,10.15585_mmwr.mm7414a1__0d37aaeb__p001__b00,10.15585_mmwr.mm7414a1,10.15585_mmwr.mm7414a1.pdf,1,0,Immunology and Microbiology/10.15585_mmwr.mm7414a1/crops/10.15585_mmwr.mm7414a1__0d37aaeb__p001__b00.png,yes,discrete,accessible,model,ACCESSIBLE,0.0,1,Fast-Path: nur 1 Farb- / 1 Grayscale-Cluster.
10.15585_mmwr.mm7414a1__0d37aaeb__p001__b01,10.15585_mmwr.mm7414a1__0d37aaeb__p001__b01,10.15585_mmwr.mm7414a1,10.15585_mmwr.mm7414a1.pdf,1,1,Immunology and Microbiology/10.15585_mmwr.mm7414a1/crops/10.15585_mmwr.mm7414a1__0d37aaeb__p001__b01.png,yes,discrete,accessible,model,ACCESSIBLE,0.0,2,Fast-Path: nur 2 Farb- / 1 Grayscale-Cluster.
10.15585_mmwr.mm7414a1__0d37aaeb__p002__b00,10.15585_mmwr.mm7414a1__0d37aaeb__p002__b00,10.15585_mmwr.mm7414a1,10.15585_mmwr.mm7414a1.pdf,2,0,Immunology and Microbiology/10.15585_mmwr.mm7414a1/crops/10.15585_mmwr.mm7414a1__0d37aaeb__p002__b00.png,yes,rainbow_gradient,n/a,model,,,,
10.15585_mmwr.mm7414a1__0d37aaeb__p003__b00,10.15585_mmwr.mm7414a1__0d37aaeb__p003__b00,10.15585_mmwr.mm7414a1,10.15585_mmwr.mm7414a1.pdf,3,0,Immunology and Microbiology/10.15585_mmwr.mm7414a1/crops/10.15585_mmwr.mm7414a1__0d37aaeb__p003__b00.png,yes,discrete,accessible,model,ACCESSIBLE,0.0,3,"V4 score=0.000 (thr=0.08); kein Pair kollabiert; globaler cluster_loss=0, n_color=3, komponenten: pair=0.00 + cluster_loss=0.00 + complexity=0.00 + cvd=0.00 + legend=0.00"
10.15585_mmwr.mm7414a1__0d37aaeb__p004__b00,10.15585_mmwr.mm7414a1__0d37aaeb__p004__b00,10.15585_mmwr.mm7414a1,10.15585_mmwr.mm7414a1.pdf,4,0,Immunology and Microbiology/10.15585_mmwr.mm7414a1/crops/10.15585_mmwr.mm7414a1__0d37aaeb__p004__b00.png,yes,discrete,accessible,model,ACCESSIBLE,0.0,2,Fast-Path: nur 2 Farb- / 2 Grayscale-Cluster.
10.15585_mmwr.mm7414a1__0d37aaeb__p005__b00,10.15585_mmwr.mm7414a1__0d37aaeb__p005__b00,10.15585_mmwr.mm7414a1,10.15585_mmwr.mm7414a1.pdf,5,0,Immunology and Microbiology/10.15585_mmwr.mm7414a1/crops/10.15585_mmwr.mm7414a1__0d37aaeb__p005__b00.png,yes,rainbow_gradient,n/a,model,,,,
10.15585_mmwr.mm7414a1__0d37aaeb__p005__b01,10.15585_mmwr.mm7414a1__0d37aaeb__p005__b01,10.15585_mmwr.mm7414a1,10.15585_mmwr.mm7414a1.pdf,5,1,Immunology and Microbiology/10.15585_mmwr.mm7414a1/crops/10.15585_mmwr.mm7414a1__0d37aaeb__p005__b01.png,yes,discrete,accessible,model,ACCESSIBLE,0.0,0,Zu wenige chromatische Pixel (0) — keine Farbcodierung.
10.2147_idr.s505311__323dcaad__p001__b00,10.2147_idr.s505311__323dcaad__p001__b00,10.2147_idr.s505311,10.2147_idr.s505311.pdf,1,0,Immunology and Microbiology/10.2147_idr.s505311/crops/10.2147_idr.s505311__323dcaad__p001__b00.png,yes,discrete,problematic,model,PROBLEMATIC,0.28,2,"V4 score=0.280 (thr=0.06); kein Pair kollabiert; globaler cluster_loss=2, n_color=9, komponenten: pair=0.00 + cluster_loss=0.08 + complexity=0.20 + cvd=0.00 + legend=0.00"
10.2147_idr.s505311__323dcaad__p002__b00,10.2147_idr.s505311__323dcaad__p002__b00,10.2147_idr.s505311,10.2147_idr.s505311.pdf,2,0,Immunology and Microbiology/10.2147_idr.s505311/crops/10.2147_idr.s505311__323dcaad__p002__b00.png,yes,discrete,accessible,model,ACCESSIBLE,0.0,0,Zu wenige chromatische Pixel (0) — keine Farbcodierung.
10.2147_idr.s505311__323dcaad__p002__b01,10.2147_idr.s505311__323dcaad__p002__b01,10.2147_idr.s505311,10.2147_idr.s505311.pdf,2,1,Immunology and Microbiology/10.2147_idr.s505311/crops/10.2147_idr.s505311__323dcaad__p002__b01.png,yes,discrete,accessible,model,ACCESSIBLE,0.0,0,Zu wenige chromatische Pixel (0) — keine Farbcodierung.
10.2147_idr.s505311__323dcaad__p002__b02,10.2147_idr.s505311__323dcaad__p002__b02,10.2147_idr.s505311,10.2147_idr.s505311.pdf,2,2,Immunology and Microbiology/10.2147_idr.s505311/crops/10.2147_idr.s505311__323dcaad__p002__b02.png,yes,discrete,accessible,model,ACCESSIBLE,0.0,0,Zu wenige chromatische Pixel (0) — keine Farbcodierung.
10.2147_idr.s505311__323dcaad__p002__b03,10.2147_idr.s505311__323dcaad__p002__b03,10.2147_idr.s505311,10.2147_idr.s505311.pdf,2,3,Immunology and Microbiology/10.2147_idr.s505311/crops/10.2147_idr.s505311__323dcaad__p002__b03.png,yes,discrete,accessible,model,ACCESSIBLE,0.0,0,Zu wenige chromatische Pixel (0) — keine Farbcodierung.
10.2147_idr.s505311__323dcaad__p002__b04,10.2147_idr.s505311__323dcaad__p002__b04,10.2147_idr.s505311,10.2147_idr.s505311.pdf,2,4,Immunology and Microbiology/10.2147_idr.s505311/crops/10.2147_idr.s505311__323dcaad__p002__b04.png,yes,discrete,accessible,model,ACCESSIBLE,0.0,0,Zu wenige chromatische Pixel (0) — keine Farbcodierung.
10.2147_idr.s505311__323dcaad__p002__b05,10.2147_idr.s505311__323dcaad__p002__b05,10.2147_idr.s505311,10.2147_idr.s505311.pdf,2,5,Immunology and Microbiology/10.2147_idr.s505311/crops/10.2147_idr.s505311__323dcaad__p002__b05.png,yes,discrete,accessible,model,ACCESSIBLE,0.0,0,Zu wenige chromatische Pixel (0) — keine Farbcodierung.
10.2147_idr.s505311__323dcaad__p002__b06,10.2147_idr.s505311__323dcaad__p002__b06,10.2147_idr.s505311,10.2147_idr.s505311.pdf,2,6,Immunology and Microbiology/10.2147_idr.s505311/crops/10.2147_idr.s505311__323dcaad__p002__b06.png,yes,discrete,accessible,model,ACCESSIBLE,0.0,0,Zu wenige chromatische Pixel (0) — keine Farbcodierung.
10.2147_idr.s505311__323dcaad__p002__b07,10.2147_idr.s505311__323dcaad__p002__b07,10.2147_idr.s505311,10.2147_idr.s505311.pdf,2,7,Immunology and Microbiology/10.2147_idr.s505311/crops/10.2147_idr.s505311__323dcaad__p002__b07.png,yes,discrete,accessible,model,ACCESSIBLE,0.0,0,Zu wenige chromatische Pixel (0) — keine Farbcodierung.
10.2147_idr.s505311__323dcaad__p002__b08,10.2147_idr.s505311__323dcaad__p002__b08,10.2147_idr.s505311,10.2147_idr.s505311.pdf,2,8,Immunology and Microbiology/10.2147_idr.s505311/crops/10.2147_idr.s505311__323dcaad__p002__b08.png,yes,discrete,accessible,model,ACCESSIBLE,0.0,0,Zu wenige chromatische Pixel (0) — keine Farbcodierung.
10.2807_1560-7917.es.2024.29.11.2400106__a7485c06__p001__b00,10.2807_1560-7917.es.2024.29.11.2400106__a7485c06__p001__b00,10.2807_1560-7917.es.2024.29.11.2400106,10.2807_1560-7917.es.2024.29.11.2400106.pdf,1,0,Immunology and Microbiology/10.2807_1560-7917.es.2024.29.11.2400106/crops/10.2807_1560-7917.es.2024.29.11.2400106__a7485c06__p001__b00.png,yes,discrete,accessible,model,ACCESSIBLE,0.0,1,Fast-Path: nur 1 Farb- / 1 Grayscale-Cluster.
10.2807_1560-7917.es.2024.29.11.2400106__a7485c06__p002__b00,10.2807_1560-7917.es.2024.29.11.2400106__a7485c06__p002__b00,10.2807_1560-7917.es.2024.29.11.2400106,10.2807_1560-7917.es.2024.29.11.2400106.pdf,2,0,Immunology and Microbiology/10.2807_1560-7917.es.2024.29.11.2400106/crops/10.2807_1560-7917.es.2024.29.11.2400106__a7485c06__p002__b00.png,yes,discrete,problematic,model,PROBLEMATIC,0.253,6,"V4 score=0.253 (thr=0.16, cluster_loss=0); komponenten: pair=0.11 + cluster_loss=0.00 + complexity=0.08 + cvd=0.06 + legend=0.00; 4 kollabierte Paare; RGB(251, 219, 213) vs RGB(249, 201, 164) (ΔE00=12.24, ΔL*=5.45, adj=1.00, leg=True); RGB(246, 164, 163) vs RGB(246, 164, 98) (ΔE00=19.82, ΔL*=1.33, a"
10.2807_1560-7917.es.2024.29.11.2400106__a7485c06__p004__b00,10.2807_1560-7917.es.2024.29.11.2400106__a7485c06__p004__b00,10.2807_1560-7917.es.2024.29.11.2400106,10.2807_1560-7917.es.2024.29.11.2400106.pdf,4,0,Immunology and Microbiology/10.2807_1560-7917.es.2024.29.11.2400106/crops/10.2807_1560-7917.es.2024.29.11.2400106__a7485c06__p004__b00.png,yes,discrete,accessible,model,ACCESSIBLE,0.0,4,"V4 score=0.000 (thr=0.16); kein Pair kollabiert; globaler cluster_loss=0, n_color=4, komponenten: pair=0.00 + cluster_loss=0.00 + complexity=0.00 + cvd=0.00 + legend=0.00"
10.2807_1560-7917.es.2024.29.11.2400106__a7485c06__p004__b01,10.2807_1560-7917.es.2024.29.11.2400106__a7485c06__p004__b01,10.2807_1560-7917.es.2024.29.11.2400106,10.2807_1560-7917.es.2024.29.11.2400106.pdf,4,1,Immunology and Microbiology/10.2807_1560-7917.es.2024.29.11.2400106/crops/10.2807_1560-7917.es.2024.29.11.2400106__a7485c06__p004__b01.png,yes,discrete,problematic,model,PROBLEMATIC,0.384,8,"V4 score=0.384 (thr=0.06, cluster_loss=2); komponenten: pair=0.08 + cluster_loss=0.08 + complexity=0.16 + cvd=0.06 + legend=0.00; 3 kollabierte Paare; RGB(186, 154, 200) vs RGB(119, 175, 199) (ΔE00=28.07, ΔL*=0.59, adj=1.00, leg=True); RGB(0, 127, 162) vs RGB(232, 58, 39) (ΔE00=56.36, ΔL*=3.13, adj="
10.2807_1560-7917.es.2024.29.11.2400106__a7485c06__p004__b02,10.2807_1560-7917.es.2024.29.11.2400106__a7485c06__p004__b02,10.2807_1560-7917.es.2024.29.11.2400106,10.2807_1560-7917.es.2024.29.11.2400106.pdf,4,2,Immunology and Microbiology/10.2807_1560-7917.es.2024.29.11.2400106/crops/10.2807_1560-7917.es.2024.29.11.2400106__a7485c06__p004__b02.png,yes,discrete,accessible,model,ACCESSIBLE,0.0,3,"V4 score=0.000 (thr=0.16); kein Pair kollabiert; globaler cluster_loss=0, n_color=3, komponenten: pair=0.00 + cluster_loss=0.00 + complexity=0.00 + cvd=0.00 + legend=0.00"
10.2807_1560-7917.es.2024.29.11.2400106__a7485c06__p004__b03,10.2807_1560-7917.es.2024.29.11.2400106__a7485c06__p004__b03,10.2807_1560-7917.es.2024.29.11.2400106,10.2807_1560-7917.es.2024.29.11.2400106.pdf,4,3,Immunology and Microbiology/10.2807_1560-7917.es.2024.29.11.2400106/crops/10.2807_1560-7917.es.2024.29.11.2400106__a7485c06__p004__b03.png,yes,discrete,accessible,model,ACCESSIBLE,0.0,4,"V4 score=0.000 (thr=0.16); kein Pair kollabiert; globaler cluster_loss=0, n_color=4, komponenten: pair=0.00 + cluster_loss=0.00 + complexity=0.00 + cvd=0.00 + legend=0.00"
10.2807_1560-7917.es.2024.29.11.2400106__a7485c06__p004__b04,10.2807_1560-7917.es.2024.29.11.2400106__a7485c06__p004__b04,10.2807_1560-7917.es.2024.29.11.2400106,10.2807_1560-7917.es.2024.29.11.2400106.pdf,4,4,Immunology and Microbiology/10.2807_1560-7917.es.2024.29.11.2400106/crops/10.2807_1560-7917.es.2024.29.11.2400106__a7485c06__p004__b04.png,yes,discrete,accessible,model,ACCESSIBLE,0.0,3,"V4 score=0.000 (thr=0.16); kein Pair kollabiert; globaler cluster_loss=0, n_color=3, komponenten: pair=0.00 + cluster_loss=0.00 + complexity=0.00 + cvd=0.00 + legend=0.00"
10.3389_fimmu.2024.1352946__5d7428a6__p002__b00,10.3389_fimmu.2024.1352946__5d7428a6__p002__b00,10.3389_fimmu.2024.1352946,10.3389_fimmu.2024.1352946.pdf,2,0,Immunology and Microbiology/10.3389_fimmu.2024.1352946/crops/10.3389_fimmu.2024.1352946__5d7428a6__p002__b00.png,yes,discrete,problematic,model,PROBLEMATIC,0.672,5,"V4 score=0.672 (thr=0.16, cluster_loss=0); komponenten: pair=0.63 + cluster_loss=0.00 + complexity=0.04 + cvd=0.00 + legend=0.00; 6 kollabierte Paare; RGB(229, 238, 221) vs RGB(243, 202, 204) (ΔE00=25.37, ΔL*=8.19, adj=1.00, leg=True); RGB(243, 202, 204) vs RGB(171, 214, 215) (ΔE00=36.73, ΔL*=1.91, "
10.3389_fimmu.2024.1352946__5d7428a6__p002__b01,10.3389_fimmu.2024.1352946__5d7428a6__p002__b01,10.3389_fimmu.2024.1352946,10.3389_fimmu.2024.1352946.pdf,2,1,Immunology and Microbiology/10.3389_fimmu.2024.1352946/crops/10.3389_fimmu.2024.1352946__5d7428a6__p002__b01.png,yes,discrete,problematic,model,PROBLEMATIC,0.672,5,"V4 score=0.672 (thr=0.16, cluster_loss=0); komponenten: pair=0.63 + cluster_loss=0.00 + complexity=0.04 + cvd=0.00 + legend=0.00; 6 kollabierte Paare; RGB(229, 238, 221) vs RGB(243, 202, 204) (ΔE00=25.37, ΔL*=8.19, adj=1.00, leg=True); RGB(243, 202, 204) vs RGB(171, 214, 215) (ΔE00=36.73, ΔL*=1.91, "
10.3389_fimmu.2024.1352946__5d7428a6__p003__b00,10.3389_fimmu.2024.1352946__5d7428a6__p003__b00,10.3389_fimmu.2024.1352946,10.3389_fimmu.2024.1352946.pdf,3,0,Immunology and Microbiology/10.3389_fimmu.2024.1352946/crops/10.3389_fimmu.2024.1352946__5d7428a6__p003__b00.png,yes,discrete,accessible,model,ACCESSIBLE,0.0,0,Nach Spatial-Filter < 2 Farbregionen (0).
10.3389_fimmu.2024.1352946__5d7428a6__p004__b00,10.3389_fimmu.2024.1352946__5d7428a6__p004__b00,10.3389_fimmu.2024.1352946,10.3389_fimmu.2024.1352946.pdf,4,0,Immunology and Microbiology/10.3389_fimmu.2024.1352946/crops/10.3389_fimmu.2024.1352946__5d7428a6__p004__b00.png,yes,discrete,problematic,model,PROBLEMATIC,0.613,6,"V4 score=0.613 (thr=0.06, cluster_loss=2); komponenten: pair=0.39 + cluster_loss=0.08 + complexity=0.08 + cvd=0.06 + legend=0.00; 9 kollabierte Paare; RGB(227, 203, 165) vs RGB(249, 199, 201) (ΔE00=19.68, ΔL*=1.81, adj=0.30, leg=False); RGB(227, 203, 165) vs RGB(173, 197, 218) (ΔE00=26.58, ΔL*=4.31,"
10.3389_fimmu.2024.1352946__5d7428a6__p005__b00,10.3389_fimmu.2024.1352946__5d7428a6__p005__b00,10.3389_fimmu.2024.1352946,10.3389_fimmu.2024.1352946.pdf,5,0,Immunology and Microbiology/10.3389_fimmu.2024.1352946/crops/10.3389_fimmu.2024.1352946__5d7428a6__p005__b00.png,yes,discrete,problematic,model,PROBLEMATIC,0.593,7,"V4 score=0.593 (thr=0.16, cluster_loss=0); komponenten: pair=0.41 + cluster_loss=0.00 + complexity=0.12 + cvd=0.06 + legend=0.00; 7 kollabierte Paare; RGB(212, 130, 178) vs RGB(229, 155, 158) (ΔE00=15.06, ΔL*=6.82, adj=1.00, leg=True); RGB(238, 241, 246) vs RGB(251, 200, 202) (ΔE00=19.24, ΔL*=9.61, "
10.3389_fimmu.2024.1352946__5d7428a6__p007__b00,10.3389_fimmu.2024.1352946__5d7428a6__p007__b00,10.3389_fimmu.2024.1352946,10.3389_fimmu.2024.1352946.pdf,7,0,Immunology and Microbiology/10.3389_fimmu.2024.1352946/crops/10.3389_fimmu.2024.1352946__5d7428a6__p007__b00.png,yes,discrete,problematic,model,PROBLEMATIC,0.736,8,"V4 score=0.736 (thr=0.06, cluster_loss=2); komponenten: pair=0.40 + cluster_loss=0.08 + complexity=0.20 + cvd=0.06 + legend=0.00; 8 kollabierte Paare; RGB(246, 193, 194) vs RGB(203, 181, 229) (ΔE00=18.47, ΔL*=5.79, adj=1.00, leg=True); RGB(246, 193, 194) vs RGB(166, 214, 165) (ΔE00=39.99, ΔL*=1.67, "
10.3389_fimmu.2024.1352946__5d7428a6__p007__b01,10.3389_fimmu.2024.1352946__5d7428a6__p007__b01,10.3389_fimmu.2024.1352946,10.3389_fimmu.2024.1352946.pdf,7,1,Immunology and Microbiology/10.3389_fimmu.2024.1352946/crops/10.3389_fimmu.2024.1352946__5d7428a6__p007__b01.png,yes,rainbow_gradient,n/a,model,,,,
10.3389_fimmu.2024.1352946__5d7428a6__p010__b00,10.3389_fimmu.2024.1352946__5d7428a6__p010__b00,10.3389_fimmu.2024.1352946,10.3389_fimmu.2024.1352946.pdf,10,0,Immunology and Microbiology/10.3389_fimmu.2024.1352946/crops/10.3389_fimmu.2024.1352946__5d7428a6__p010__b00.png,yes,discrete,problematic,model,PROBLEMATIC,0.163,4,"V4 score=0.163 (thr=0.16, cluster_loss=0); komponenten: pair=0.16 + cluster_loss=0.00 + complexity=0.00 + cvd=0.00 + legend=0.00; 2 kollabierte Paare; RGB(250, 240, 185) vs RGB(243, 201, 203) (ΔE00=26.56, ΔL*=9.64, adj=1.00, leg=True); RGB(243, 201, 203) vs RGB(225, 207, 152) (ΔE00=24.43, ΔL*=1.23, "
10.3389_fimmu.2024.1352946__5d7428a6__p010__b01,10.3389_fimmu.2024.1352946__5d7428a6__p010__b01,10.3389_fimmu.2024.1352946,10.3389_fimmu.2024.1352946.pdf,10,1,Immunology and Microbiology/10.3389_fimmu.2024.1352946/crops/10.3389_fimmu.2024.1352946__5d7428a6__p010__b01.png,yes,discrete,problematic,model,PROBLEMATIC,0.162,4,"V4 score=0.162 (thr=0.16, cluster_loss=0); komponenten: pair=0.16 + cluster_loss=0.00 + complexity=0.00 + cvd=0.00 + legend=0.00; 2 kollabierte Paare; RGB(250, 240, 185) vs RGB(243, 201, 203) (ΔE00=26.57, ΔL*=9.64, adj=1.00, leg=True); RGB(243, 201, 203) vs RGB(225, 207, 152) (ΔE00=24.43, ΔL*=1.3, a"
10.3389_fmicb.2024.1403168__2baed4e3__p001__b00,10.3389_fmicb.2024.1403168__2baed4e3__p001__b00,10.3389_fmicb.2024.1403168,10.3389_fmicb.2024.1403168.pdf,1,0,Immunology and Microbiology/10.3389_fmicb.2024.1403168/crops/10.3389_fmicb.2024.1403168__2baed4e3__p001__b00.png,yes,discrete,problematic,model,PROBLEMATIC,0.645,7,"V4 score=0.645 (thr=0.08, cluster_loss=0); komponenten: pair=0.47 + cluster_loss=0.00 + complexity=0.12 + cvd=0.06 + legend=0.00; 5 kollabierte Paare; RGB(23, 182, 197) vs RGB(156, 192, 66) (ΔE00=37.23, ΔL*=4.81, adj=1.00, leg=True); RGB(23, 182, 197) vs RGB(229, 150, 56) (ΔE00=45.23, ΔL*=0.54, adj="
10.3389_fmicb.2024.1403168__2baed4e3__p004__b00,10.3389_fmicb.2024.1403168__2baed4e3__p004__b00,10.3389_fmicb.2024.1403168,10.3389_fmicb.2024.1403168.pdf,4,0,Immunology and Microbiology/10.3389_fmicb.2024.1403168/crops/10.3389_fmicb.2024.1403168__2baed4e3__p004__b00.png,yes,rainbow_gradient,n/a,model,,,,
10.3389_fmicb.2024.1403168__2baed4e3__p004__b01,10.3389_fmicb.2024.1403168__2baed4e3__p004__b01,10.3389_fmicb.2024.1403168,10.3389_fmicb.2024.1403168.pdf,4,1,Immunology and Microbiology/10.3389_fmicb.2024.1403168/crops/10.3389_fmicb.2024.1403168__2baed4e3__p004__b01.png,yes,discrete,accessible,model,ACCESSIBLE,0.0,3,"V4 score=0.000 (thr=0.16); kein Pair kollabiert; globaler cluster_loss=0, n_color=3, komponenten: pair=0.00 + cluster_loss=0.00 + complexity=0.00 + cvd=0.00 + legend=0.00"
10.3389_fmicb.2024.1403168__2baed4e3__p005__b00,10.3389_fmicb.2024.1403168__2baed4e3__p005__b00,10.3389_fmicb.2024.1403168,10.3389_fmicb.2024.1403168.pdf,5,0,Immunology and Microbiology/10.3389_fmicb.2024.1403168/crops/10.3389_fmicb.2024.1403168__2baed4e3__p005__b00.png,yes,safe_gradient,n/a,model,,,,
10.5551_jat.rv22015__7d75f3e5__p003__b00,10.5551_jat.rv22015__7d75f3e5__p003__b00,10.5551_jat.rv22015,10.5551_jat.rv22015.pdf,3,0,Immunology and Microbiology/10.5551_jat.rv22015/crops/10.5551_jat.rv22015__7d75f3e5__p003__b00.png,yes,discrete,problematic,model,PROBLEMATIC,0.283,5,"V4 score=0.283 (thr=0.08, cluster_loss=0); komponenten: pair=0.24 + cluster_loss=0.00 + complexity=0.04 + cvd=0.00 + legend=0.00; 3 kollabierte Paare; RGB(227, 145, 135) vs RGB(186, 173, 212) (ΔE00=23.92, ΔL*=4.61, adj=1.00, leg=True); RGB(227, 145, 135) vs RGB(158, 141, 188) (ΔE00=25.17, ΔL*=6.8, a"
10.5551_jat.rv22015__7d75f3e5__p005__b00,10.5551_jat.rv22015__7d75f3e5__p005__b00,10.5551_jat.rv22015,10.5551_jat.rv22015.pdf,5,0,Immunology and Microbiology/10.5551_jat.rv22015/crops/10.5551_jat.rv22015__7d75f3e5__p005__b00.png,yes,discrete,problematic,model,PROBLEMATIC,0.464,7,"V4 score=0.464 (thr=0.06, cluster_loss=1); komponenten: pair=0.30 + cluster_loss=0.04 + complexity=0.12 + cvd=0.00 + legend=0.00; 5 kollabierte Paare; RGB(225, 147, 136) vs RGB(174, 172, 212) (ΔE00=26.01, ΔL*=3.05, adj=1.00, leg=True); RGB(225, 147, 136) vs RGB(147, 141, 187) (ΔE00=26.88, ΔL*=8.11, "
10.5551_jat.rv22015__7d75f3e5__p005__b01,10.5551_jat.rv22015__7d75f3e5__p005__b01,10.5551_jat.rv22015,10.5551_jat.rv22015.pdf,5,1,Immunology and Microbiology/10.5551_jat.rv22015/crops/10.5551_jat.rv22015__7d75f3e5__p005__b01.png,yes,discrete,problematic,model,PROBLEMATIC,0.511,6,"V4 score=0.511 (thr=0.08, cluster_loss=0); komponenten: pair=0.43 + cluster_loss=0.00 + complexity=0.08 + cvd=0.00 + legend=0.00; 4 kollabierte Paare; RGB(225, 147, 136) vs RGB(174, 172, 212) (ΔE00=26.0, ΔL*=3.01, adj=1.00, leg=True); RGB(225, 147, 136) vs RGB(145, 148, 194) (ΔE00=28.13, ΔL*=5.88, a"
10.5551_jat.rv22015__7d75f3e5__p005__b02,10.5551_jat.rv22015__7d75f3e5__p005__b02,10.5551_jat.rv22015,10.5551_jat.rv22015.pdf,5,2,Immunology and Microbiology/10.5551_jat.rv22015/crops/10.5551_jat.rv22015__7d75f3e5__p005__b02.png,yes,discrete,problematic,model,PROBLEMATIC,0.123,5,"V4 score=0.123 (thr=0.08, cluster_loss=0); komponenten: pair=0.08 + cluster_loss=0.00 + complexity=0.04 + cvd=0.00 + legend=0.00; 1 kollabierte Paare; RGB(227, 196, 149) vs RGB(200, 184, 212) (ΔE00=30.11, ΔL*=3.93, adj=0.48, leg=False)"
10.5551_jat.rv22015__7d75f3e5__p007__b00,10.5551_jat.rv22015__7d75f3e5__p007__b00,10.5551_jat.rv22015,10.5551_jat.rv22015.pdf,7,0,Immunology and Microbiology/10.5551_jat.rv22015/crops/10.5551_jat.rv22015__7d75f3e5__p007__b00.png,yes,discrete,problematic,model,PROBLEMATIC,0.509,7,"V4 score=0.509 (thr=0.16, cluster_loss=0); komponenten: pair=0.39 + cluster_loss=0.00 + complexity=0.12 + cvd=0.00 + legend=0.00; 4 kollabierte Paare; RGB(229, 140, 135) vs RGB(169, 172, 211) (ΔE00=27.33, ΔL*=3.77, adj=1.00, leg=True); RGB(237, 215, 217) vs RGB(234, 203, 103) (ΔE00=28.24, ΔL*=5.68, "
10.55927_ijis.v3i3.7337__ed210d11__p007__b00,10.55927_ijis.v3i3.7337__ed210d11__p007__b00,10.55927_ijis.v3i3.7337,10.55927_ijis.v3i3.7337.pdf,7,0,Immunology and Microbiology/10.55927_ijis.v3i3.7337/crops/10.55927_ijis.v3i3.7337__ed210d11__p007__b00.png,yes,discrete,problematic,model,PROBLEMATIC,0.225,6,"V4 score=0.225 (thr=0.16, cluster_loss=0); komponenten: pair=0.14 + cluster_loss=0.00 + complexity=0.08 + cvd=0.00 + legend=0.00; 2 kollabierte Paare; RGB(180, 90, 54) vs RGB(122, 90, 75) (ΔE00=14.95, ΔL*=7.65, adj=1.00, leg=True); RGB(180, 90, 54) vs RGB(195, 97, 126) (ΔE00=22.01, ΔL*=4.92, adj=1.0"
10.55927_ijis.v3i3.7337__ed210d11__p007__b01,10.55927_ijis.v3i3.7337__ed210d11__p007__b01,10.55927_ijis.v3i3.7337,10.55927_ijis.v3i3.7337.pdf,7,1,Immunology and Microbiology/10.55927_ijis.v3i3.7337/crops/10.55927_ijis.v3i3.7337__ed210d11__p007__b01.png,yes,safe_gradient,n/a,model,,,,
10.55927_ijis.v3i3.7337__ed210d11__p007__b02,10.55927_ijis.v3i3.7337__ed210d11__p007__b02,10.55927_ijis.v3i3.7337,10.55927_ijis.v3i3.7337.pdf,7,2,Immunology and Microbiology/10.55927_ijis.v3i3.7337/crops/10.55927_ijis.v3i3.7337__ed210d11__p007__b02.png,yes,discrete,problematic,model,PROBLEMATIC,0.165,6,"V4 score=0.165 (thr=0.16, cluster_loss=0); komponenten: pair=0.09 + cluster_loss=0.00 + complexity=0.08 + cvd=0.00 + legend=0.00; 2 kollabierte Paare; RGB(145, 103, 104) vs RGB(129, 127, 64) (ΔE00=29.96, ΔL*=4.04, adj=1.00, leg=True); RGB(176, 157, 156) vs RGB(167, 179, 130) (ΔE00=27.23, ΔL*=5.01, a"
10.55927_ijis.v3i3.7337__ed210d11__p007__b03,10.55927_ijis.v3i3.7337__ed210d11__p007__b03,10.55927_ijis.v3i3.7337,10.55927_ijis.v3i3.7337.pdf,7,3,Immunology and Microbiology/10.55927_ijis.v3i3.7337/crops/10.55927_ijis.v3i3.7337__ed210d11__p007__b03.png,yes,discrete,accessible,model,ACCESSIBLE,0.0,3,"V4 score=0.000 (thr=0.16); kein Pair kollabiert; globaler cluster_loss=0, n_color=3, komponenten: pair=0.00 + cluster_loss=0.00 + complexity=0.00 + cvd=0.00 + legend=0.00"
10.55927_ijis.v3i3.7337__ed210d11__p007__b04,10.55927_ijis.v3i3.7337__ed210d11__p007__b04,10.55927_ijis.v3i3.7337,10.55927_ijis.v3i3.7337.pdf,7,4,Immunology and Microbiology/10.55927_ijis.v3i3.7337/crops/10.55927_ijis.v3i3.7337__ed210d11__p007__b04.png,yes,discrete,accessible,model,ACCESSIBLE,0.0,4,"V4 score=0.000 (thr=0.16); kein Pair kollabiert; globaler cluster_loss=0, n_color=4, komponenten: pair=0.00 + cluster_loss=0.00 + complexity=0.00 + cvd=0.00 + legend=0.00"
10.55927_ijis.v3i3.7337__ed210d11__p007__b05,10.55927_ijis.v3i3.7337__ed210d11__p007__b05,10.55927_ijis.v3i3.7337,10.55927_ijis.v3i3.7337.pdf,7,5,Immunology and Microbiology/10.55927_ijis.v3i3.7337/crops/10.55927_ijis.v3i3.7337__ed210d11__p007__b05.png,yes,discrete,problematic,model,PROBLEMATIC,0.285,5,"V4 score=0.285 (thr=0.16, cluster_loss=0); komponenten: pair=0.25 + cluster_loss=0.00 + complexity=0.04 + cvd=0.00 + legend=0.00; 2 kollabierte Paare; RGB(181, 131, 130) vs RGB(122, 153, 185) (ΔE00=29.38, ΔL*=2.53, adj=1.00, leg=True); RGB(147, 98, 93) vs RGB(53, 90, 131) (ΔE00=30.69, ΔL*=9.41, adj="
10.1038_s41524-024-01500-6__7b525269__p002__b00,10.1038_s41524-024-01500-6__7b525269__p002__b00,10.1038_s41524-024-01500-6,10.1038_s41524-024-01500-6.pdf,2,0,Materials Science/10.1038_s41524-024-01500-6/crops/10.1038_s41524-024-01500-6__7b525269__p002__b00.png,yes,safe_gradient,n/a,model,,,,
10.1038_s41524-024-01500-6__7b525269__p002__b01,10.1038_s41524-024-01500-6__7b525269__p002__b01,10.1038_s41524-024-01500-6,10.1038_s41524-024-01500-6.pdf,2,1,Materials Science/10.1038_s41524-024-01500-6/crops/10.1038_s41524-024-01500-6__7b525269__p002__b01.png,yes,safe_gradient,n/a,model,,,,
10.1038_s41524-024-01500-6__7b525269__p002__b02,10.1038_s41524-024-01500-6__7b525269__p002__b02,10.1038_s41524-024-01500-6,10.1038_s41524-024-01500-6.pdf,2,2,Materials Science/10.1038_s41524-024-01500-6/crops/10.1038_s41524-024-01500-6__7b525269__p002__b02.png,yes,rainbow_gradient,n/a,model,,,,
10.1038_s41524-024-01500-6__7b525269__p003__b00,10.1038_s41524-024-01500-6__7b525269__p003__b00,10.1038_s41524-024-01500-6,10.1038_s41524-024-01500-6.pdf,3,0,Materials Science/10.1038_s41524-024-01500-6/crops/10.1038_s41524-024-01500-6__7b525269__p003__b00.png,yes,discrete,problematic,model,PROBLEMATIC,0.6,13,Fast-Path: cluster_loss=5 (≥4) — 13 Farb-Cluster kollabieren auf 8 Grayscale-Cluster.
10.1038_s41524-024-01500-6__7b525269__p003__b01,10.1038_s41524-024-01500-6__7b525269__p003__b01,10.1038_s41524-024-01500-6,10.1038_s41524-024-01500-6.pdf,3,1,Materials Science/10.1038_s41524-024-01500-6/crops/10.1038_s41524-024-01500-6__7b525269__p003__b01.png,yes,discrete,problematic,model,PROBLEMATIC,0.922,8,"V4 score=0.922 (thr=0.06, cluster_loss=3); komponenten: pair=0.56 + cluster_loss=0.12 + complexity=0.24 + cvd=0.00 + legend=0.00; 7 kollabierte Paare; RGB(138, 195, 136) vs RGB(197, 164, 147) (ΔE00=31.87, ΔL*=4.17, adj=1.00, leg=True); RGB(138, 195, 136) vs RGB(253, 167, 10) (ΔE00=36.83, ΔL*=1.54, a"
10.1038_s41524-024-01500-6__7b525269__p003__b02,10.1038_s41524-024-01500-6__7b525269__p003__b02,10.1038_s41524-024-01500-6,10.1038_s41524-024-01500-6.pdf,3,2,Materials Science/10.1038_s41524-024-01500-6/crops/10.1038_s41524-024-01500-6__7b525269__p003__b02.png,yes,discrete,problematic,model,PROBLEMATIC,0.189,6,"V4 score=0.189 (thr=0.16, cluster_loss=0); komponenten: pair=0.11 + cluster_loss=0.00 + complexity=0.08 + cvd=0.00 + legend=0.00; 2 kollabierte Paare; RGB(0, 129, 6) vs RGB(71, 76, 255) (ΔE00=60.53, ΔL*=2.74, adj=1.00, leg=True); RGB(245, 242, 224) vs RGB(253, 208, 127) (ΔE00=18.44, ΔL*=9.13, adj=1."
10.1038_s41524-024-01500-6__7b525269__p004__b00,10.1038_s41524-024-01500-6__7b525269__p004__b00,10.1038_s41524-024-01500-6,10.1038_s41524-024-01500-6.pdf,4,0,Materials Science/10.1038_s41524-024-01500-6/crops/10.1038_s41524-024-01500-6__7b525269__p004__b00.png,yes,discrete,problematic,model,PROBLEMATIC,0.346,7,"V4 score=0.346 (thr=0.16, cluster_loss=0); komponenten: pair=0.05 + cluster_loss=0.00 + complexity=0.24 + cvd=0.06 + legend=0.00; 4 kollabierte Paare; RGB(190, 25, 15) vs RGB(13, 130, 8) (ΔE00=66.79, ΔL*=5.97, adj=0.00, leg=False); RGB(190, 25, 15) vs RGB(0, 14, 255) (ΔE00=47.16, ΔL*=8.02, adj=0.00,"
10.1038_s41524-024-01500-6__7b525269__p004__b01,10.1038_s41524-024-01500-6__7b525269__p004__b01,10.1038_s41524-024-01500-6,10.1038_s41524-024-01500-6.pdf,4,1,Materials Science/10.1038_s41524-024-01500-6/crops/10.1038_s41524-024-01500-6__7b525269__p004__b01.png,yes,discrete,accessible,model,ACCESSIBLE,0.0,4,"V4 score=0.000 (thr=0.16); kein Pair kollabiert; globaler cluster_loss=0, n_color=4, komponenten: pair=0.00 + cluster_loss=0.00 + complexity=0.00 + cvd=0.00 + legend=0.00"
10.1038_s41524-024-01500-6__7b525269__p004__b02,10.1038_s41524-024-01500-6__7b525269__p004__b02,10.1038_s41524-024-01500-6,10.1038_s41524-024-01500-6.pdf,4,2,Materials Science/10.1038_s41524-024-01500-6/crops/10.1038_s41524-024-01500-6__7b525269__p004__b02.png,yes,discrete,problematic,model,PROBLEMATIC,0.796,8,"V4 score=0.796 (thr=0.06, cluster_loss=1); komponenten: pair=0.44 + cluster_loss=0.04 + complexity=0.32 + cvd=0.00 + legend=0.00; 5 kollabierte Paare; RGB(244, 240, 236) vs RGB(253, 227, 181) (ΔE00=15.01, ΔL*=3.4, adj=1.00, leg=True); RGB(252, 29, 25) vs RGB(252, 105, 103) (ΔE00=13.1, ΔL*=9.23, adj="
10.1038_s41524-024-01500-6__7b525269__p004__b03,10.1038_s41524-024-01500-6__7b525269__p004__b03,10.1038_s41524-024-01500-6,10.1038_s41524-024-01500-6.pdf,4,3,Materials Science/10.1038_s41524-024-01500-6/crops/10.1038_s41524-024-01500-6__7b525269__p004__b03.png,yes,discrete,accessible,model,ACCESSIBLE,0.0,3,"V4 score=0.000 (thr=0.16); kein Pair kollabiert; globaler cluster_loss=0, n_color=3, komponenten: pair=0.00 + cluster_loss=0.00 + complexity=0.00 + cvd=0.00 + legend=0.00"
10.1038_s41524-024-01500-6__7b525269__p005__b00,10.1038_s41524-024-01500-6__7b525269__p005__b00,10.1038_s41524-024-01500-6,10.1038_s41524-024-01500-6.pdf,5,0,Materials Science/10.1038_s41524-024-01500-6/crops/10.1038_s41524-024-01500-6__7b525269__p005__b00.png,yes,discrete,problematic,model,PROBLEMATIC,0.598,8,"V4 score=0.598 (thr=0.08, cluster_loss=0); komponenten: pair=0.36 + cluster_loss=0.00 + complexity=0.24 + cvd=0.00 + legend=0.00; 6 kollabierte Paare; RGB(1, 130, 7) vs RGB(254, 13, 4) (ΔE00=71.94, ΔL*=6.36, adj=1.00, leg=True); RGB(241, 242, 234) vs RGB(195, 226, 200) (ΔE00=13.72, ΔL*=8.22, adj=1.0"
10.1038_s41524-024-01500-6__7b525269__p005__b01,10.1038_s41524-024-01500-6__7b525269__p005__b01,10.1038_s41524-024-01500-6,10.1038_s41524-024-01500-6.pdf,5,1,Materials Science/10.1038_s41524-024-01500-6/crops/10.1038_s41524-024-01500-6__7b525269__p005__b01.png,yes,discrete,accessible,model,ACCESSIBLE,0.0,4,"V4 score=0.000 (thr=0.16); kein Pair kollabiert; globaler cluster_loss=0, n_color=4, komponenten: pair=0.00 + cluster_loss=0.00 + complexity=0.00 + cvd=0.00 + legend=0.00"
10.1038_s41524-024-01500-6__7b525269__p006__b00,10.1038_s41524-024-01500-6__7b525269__p006__b00,10.1038_s41524-024-01500-6,10.1038_s41524-024-01500-6.pdf,6,0,Materials Science/10.1038_s41524-024-01500-6/crops/10.1038_s41524-024-01500-6__7b525269__p006__b00.png,yes,discrete,problematic,model,PROBLEMATIC,0.968,7,"V4 score=0.968 (thr=0.06, cluster_loss=1); komponenten: pair=0.81 + cluster_loss=0.04 + complexity=0.12 + cvd=0.00 + legend=0.00; 6 kollabierte Paare; RGB(253, 219, 187) vs RGB(154, 216, 231) (ΔE00=30.68, ΔL*=6.75, adj=1.00, leg=True); RGB(253, 219, 187) vs RGB(63, 239, 141) (ΔE00=35.99, ΔL*=5.34, a"
10.1038_s41524-024-01500-6__7b525269__p006__b01,10.1038_s41524-024-01500-6__7b525269__p006__b01,10.1038_s41524-024-01500-6,10.1038_s41524-024-01500-6.pdf,6,1,Materials Science/10.1038_s41524-024-01500-6/crops/10.1038_s41524-024-01500-6__7b525269__p006__b01.png,yes,discrete,accessible,model,ACCESSIBLE,0.137,5,"V4 score=0.137 (thr=0.16, cluster_loss=0); komponenten: pair=0.04 + cluster_loss=0.00 + complexity=0.04 + cvd=0.06 + legend=0.00; 2 kollabierte Paare; RGB(253, 171, 20) vs RGB(250, 173, 115) (ΔE00=12.93, ΔL*=1.06, adj=1.00, leg=True); RGB(217, 175, 94) vs RGB(250, 173, 115) (ΔE00=12.25, ΔL*=3.18, ad"
10.1111_jpy.13431__ad03a486__p001__b00,10.1111_jpy.13431__ad03a486__p001__b00,10.1111_jpy.13431,10.1111_jpy.13431.pdf,1,0,Materials Science/10.1111_jpy.13431/crops/10.1111_jpy.13431__ad03a486__p001__b00.png,yes,discrete,accessible,model,ACCESSIBLE,0.0,1,Nach Spatial-Filter < 2 Farbregionen (1).
10.1111_jpy.13431__ad03a486__p003__b00,10.1111_jpy.13431__ad03a486__p003__b00,10.1111_jpy.13431,10.1111_jpy.13431.pdf,3,0,Materials Science/10.1111_jpy.13431/crops/10.1111_jpy.13431__ad03a486__p003__b00.png,yes,rainbow_gradient,n/a,model,,,,
10.1111_jpy.13431__ad03a486__p011__b00,10.1111_jpy.13431__ad03a486__p011__b00,10.1111_jpy.13431,10.1111_jpy.13431.pdf,11,0,Materials Science/10.1111_jpy.13431/crops/10.1111_jpy.13431__ad03a486__p011__b00.png,yes,discrete,accessible,model,ACCESSIBLE,0.0,0,Zu wenige chromatische Pixel (0) — keine Farbcodierung.
10.31032_ijbpas_2025_14.4.8878__e02b8933__p001__b00,10.31032_ijbpas_2025_14.4.8878__e02b8933__p001__b00,10.31032_ijbpas_2025_14.4.8878,10.31032_ijbpas_2025_14.4.8878.pdf,1,0,Materials Science/10.31032_ijbpas_2025_14.4.8878/crops/10.31032_ijbpas_2025_14.4.8878__e02b8933__p001__b00.png,yes,discrete,problematic,model,PROBLEMATIC,0.285,7,"V4 score=0.285 (thr=0.16, cluster_loss=0); komponenten: pair=0.08 + cluster_loss=0.00 + complexity=0.20 + cvd=0.00 + legend=0.00; 1 kollabierte Paare; RGB(186, 172, 178) vs RGB(160, 152, 191) (ΔE00=13.18, ΔL*=6.93, adj=1.00, leg=True)"
10.3389_fchem.2023.1327426__9db1a163__p001__b00,10.3389_fchem.2023.1327426__9db1a163__p001__b00,10.3389_fchem.2023.1327426,10.3389_fchem.2023.1327426.pdf,1,0,Materials Science/10.3389_fchem.2023.1327426/crops/10.3389_fchem.2023.1327426__9db1a163__p001__b00.png,yes,discrete,accessible,model,ACCESSIBLE,0.0,1,Nach Spatial-Filter < 2 Farbregionen (1).
10.3389_fchem.2023.1327426__9db1a163__p002__b00,10.3389_fchem.2023.1327426__9db1a163__p002__b00,10.3389_fchem.2023.1327426,10.3389_fchem.2023.1327426.pdf,2,0,Materials Science/10.3389_fchem.2023.1327426/crops/10.3389_fchem.2023.1327426__9db1a163__p002__b00.png,yes,rainbow_gradient,n/a,model,,,,
10.3389_fchem.2023.1327426__9db1a163__p002__b01,10.3389_fchem.2023.1327426__9db1a163__p002__b01,10.3389_fchem.2023.1327426,10.3389_fchem.2023.1327426.pdf,2,1,Materials Science/10.3389_fchem.2023.1327426/crops/10.3389_fchem.2023.1327426__9db1a163__p002__b01.png,yes,discrete,accessible,model,ACCESSIBLE,0.0,0,Zu wenige chromatische Pixel (0) — keine Farbcodierung.
10.3389_fchem.2023.1327426__9db1a163__p002__b02,10.3389_fchem.2023.1327426__9db1a163__p002__b02,10.3389_fchem.2023.1327426,10.3389_fchem.2023.1327426.pdf,2,2,Materials Science/10.3389_fchem.2023.1327426/crops/10.3389_fchem.2023.1327426__9db1a163__p002__b02.png,yes,rainbow_gradient,n/a,model,,,,
10.3389_fchem.2023.1327426__9db1a163__p002__b03,10.3389_fchem.2023.1327426__9db1a163__p002__b03,10.3389_fchem.2023.1327426,10.3389_fchem.2023.1327426.pdf,2,3,Materials Science/10.3389_fchem.2023.1327426/crops/10.3389_fchem.2023.1327426__9db1a163__p002__b03.png,yes,discrete,accessible,model,ACCESSIBLE,0.04,2,"V4 score=0.040 (thr=0.06); kein Pair kollabiert; globaler cluster_loss=1, n_color=3, komponenten: pair=0.00 + cluster_loss=0.04 + complexity=0.00 + cvd=0.00 + legend=0.00"
10.3389_fchem.2023.1327426__9db1a163__p002__b04,10.3389_fchem.2023.1327426__9db1a163__p002__b04,10.3389_fchem.2023.1327426,10.3389_fchem.2023.1327426.pdf,2,4,Materials Science/10.3389_fchem.2023.1327426/crops/10.3389_fchem.2023.1327426__9db1a163__p002__b04.png,yes,discrete,problematic,model,PROBLEMATIC,0.569,5,"V4 score=0.569 (thr=0.16, cluster_loss=0); komponenten: pair=0.47 + cluster_loss=0.00 + complexity=0.04 + cvd=0.06 + legend=0.00; 4 kollabierte Paare; RGB(239, 246, 217) vs RGB(201, 243, 147) (ΔE00=15.44, ΔL*=4.58, adj=1.00, leg=True); RGB(154, 207, 12) vs RGB(228, 171, 120) (ΔE00=33.58, ΔL*=2.52, a"
10.3389_fchem.2023.1327426__9db1a163__p002__b05,10.3389_fchem.2023.1327426__9db1a163__p002__b05,10.3389_fchem.2023.1327426,10.3389_fchem.2023.1327426.pdf,2,5,Materials Science/10.3389_fchem.2023.1327426/crops/10.3389_fchem.2023.1327426__9db1a163__p002__b05.png,yes,rainbow_gradient,n/a,model,,,,
10.3389_fchem.2023.1327426__9db1a163__p002__b06,10.3389_fchem.2023.1327426__9db1a163__p002__b06,10.3389_fchem.2023.1327426,10.3389_fchem.2023.1327426.pdf,2,6,Materials Science/10.3389_fchem.2023.1327426/crops/10.3389_fchem.2023.1327426__9db1a163__p002__b06.png,yes,discrete,problematic,model,PROBLEMATIC,0.286,5,"V4 score=0.286 (thr=0.06, cluster_loss=1); komponenten: pair=0.15 + cluster_loss=0.04 + complexity=0.04 + cvd=0.06 + legend=0.00; 5 kollabierte Paare; RGB(154, 207, 12) vs RGB(228, 171, 120) (ΔE00=33.59, ΔL*=2.55, adj=0.30, leg=False); RGB(154, 207, 12) vs RGB(161, 169, 157) (ΔE00=26.09, ΔL*=8.51, a"
10.3389_fchem.2023.1327426__9db1a163__p002__b07,10.3389_fchem.2023.1327426__9db1a163__p002__b07,10.3389_fchem.2023.1327426,10.3389_fchem.2023.1327426.pdf,2,7,Materials Science/10.3389_fchem.2023.1327426/crops/10.3389_fchem.2023.1327426__9db1a163__p002__b07.png,yes,discrete,accessible,model,ACCESSIBLE,0.0,0,Zu wenige chromatische Pixel (0) — keine Farbcodierung.
10.3389_fchem.2023.1327426__9db1a163__p004__b00,10.3389_fchem.2023.1327426__9db1a163__p004__b00,10.3389_fchem.2023.1327426,10.3389_fchem.2023.1327426.pdf,4,0,Materials Science/10.3389_fchem.2023.1327426/crops/10.3389_fchem.2023.1327426__9db1a163__p004__b00.png,yes,discrete,accessible,model,ACCESSIBLE,0.101,2,"V4 score=0.101 (thr=0.16, cluster_loss=0); komponenten: pair=0.10 + cluster_loss=0.00 + complexity=0.00 + cvd=0.00 + legend=0.00; 1 kollabierte Paare; RGB(235, 240, 249) vs RGB(177, 229, 161) (ΔE00=27.47, ΔL*=8.83, adj=0.61, leg=False)"
10.3389_fchem.2023.1327426__9db1a163__p005__b00,10.3389_fchem.2023.1327426__9db1a163__p005__b00,10.3389_fchem.2023.1327426,10.3389_fchem.2023.1327426.pdf,5,0,Materials Science/10.3389_fchem.2023.1327426/crops/10.3389_fchem.2023.1327426__9db1a163__p005__b00.png,yes,discrete,accessible,model,ACCESSIBLE,0.04,2,"V4 score=0.040 (thr=0.16); kein Pair kollabiert; globaler cluster_loss=0, n_color=5, komponenten: pair=0.00 + cluster_loss=0.00 + complexity=0.04 + cvd=0.00 + legend=0.00"
10.3389_fchem.2023.1327426__9db1a163__p008__b00,10.3389_fchem.2023.1327426__9db1a163__p008__b00,10.3389_fchem.2023.1327426,10.3389_fchem.2023.1327426.pdf,8,0,Materials Science/10.3389_fchem.2023.1327426/crops/10.3389_fchem.2023.1327426__9db1a163__p008__b00.png,yes,rainbow_gradient,n/a,model,,,,
10.3389_fchem.2023.1327426__9db1a163__p009__b00,10.3389_fchem.2023.1327426__9db1a163__p009__b00,10.3389_fchem.2023.1327426,10.3389_fchem.2023.1327426.pdf,9,0,Materials Science/10.3389_fchem.2023.1327426/crops/10.3389_fchem.2023.1327426__9db1a163__p009__b00.png,yes,discrete,problematic,model,PROBLEMATIC,0.574,8,"V4 score=0.574 (thr=0.16, cluster_loss=0); komponenten: pair=0.37 + cluster_loss=0.00 + complexity=0.20 + cvd=0.00 + legend=0.00; 5 kollabierte Paare; RGB(192, 207, 218) vs RGB(152, 204, 32) (ΔE00=36.84, ΔL*=6.44, adj=1.00, leg=True); RGB(201, 52, 9) vs RGB(75, 104, 138) (ΔE00=41.12, ΔL*=2.57, adj=1"
10.3389_fchem.2023.1327426__9db1a163__p009__b01,10.3389_fchem.2023.1327426__9db1a163__p009__b01,10.3389_fchem.2023.1327426,10.3389_fchem.2023.1327426.pdf,9,1,Materials Science/10.3389_fchem.2023.1327426/crops/10.3389_fchem.2023.1327426__9db1a163__p009__b01.png,yes,rainbow_gradient,n/a,model,,,,
10.3389_fchem.2023.1327426__9db1a163__p012__b00,10.3389_fchem.2023.1327426__9db1a163__p012__b00,10.3389_fchem.2023.1327426,10.3389_fchem.2023.1327426.pdf,12,0,Materials Science/10.3389_fchem.2023.1327426/crops/10.3389_fchem.2023.1327426__9db1a163__p012__b00.png,yes,discrete,accessible,model,ACCESSIBLE,0.0,0,Zu wenige chromatische Pixel (0) — keine Farbcodierung.
10.3389_fnano.2024.1456939__6e4c1890__p003__b00,10.3389_fnano.2024.1456939__6e4c1890__p003__b00,10.3389_fnano.2024.1456939,10.3389_fnano.2024.1456939.pdf,3,0,Materials Science/10.3389_fnano.2024.1456939/crops/10.3389_fnano.2024.1456939__6e4c1890__p003__b00.png,yes,discrete,accessible,model,ACCESSIBLE,0.08,2,"V4 score=0.080 (thr=0.16); kein Pair kollabiert; globaler cluster_loss=0, n_color=6, komponenten: pair=0.00 + cluster_loss=0.00 + complexity=0.08 + cvd=0.00 + legend=0.00"
10.3389_fnano.2024.1456939__6e4c1890__p004__b00,10.3389_fnano.2024.1456939__6e4c1890__p004__b00,10.3389_fnano.2024.1456939,10.3389_fnano.2024.1456939.pdf,4,0,Materials Science/10.3389_fnano.2024.1456939/crops/10.3389_fnano.2024.1456939__6e4c1890__p004__b00.png,yes,discrete,accessible,model,ACCESSIBLE,0.04,2,"V4 score=0.040 (thr=0.16); kein Pair kollabiert; globaler cluster_loss=0, n_color=5, komponenten: pair=0.00 + cluster_loss=0.00 + complexity=0.04 + cvd=0.00 + legend=0.00"
10.3389_fnano.2024.1456939__6e4c1890__p005__b00,10.3389_fnano.2024.1456939__6e4c1890__p005__b00,10.3389_fnano.2024.1456939,10.3389_fnano.2024.1456939.pdf,5,0,Materials Science/10.3389_fnano.2024.1456939/crops/10.3389_fnano.2024.1456939__6e4c1890__p005__b00.png,yes,discrete,accessible,model,ACCESSIBLE,0.08,2,"V4 score=0.080 (thr=0.16); kein Pair kollabiert; globaler cluster_loss=0, n_color=6, komponenten: pair=0.00 + cluster_loss=0.00 + complexity=0.08 + cvd=0.00 + legend=0.00"
10.3389_fnano.2024.1456939__6e4c1890__p006__b00,10.3389_fnano.2024.1456939__6e4c1890__p006__b00,10.3389_fnano.2024.1456939,10.3389_fnano.2024.1456939.pdf,6,0,Materials Science/10.3389_fnano.2024.1456939/crops/10.3389_fnano.2024.1456939__6e4c1890__p006__b00.png,yes,discrete,accessible,model,ACCESSIBLE,0.061,5,"V4 score=0.061 (thr=0.08, cluster_loss=0); komponenten: pair=0.02 + cluster_loss=0.00 + complexity=0.04 + cvd=0.00 + legend=0.00; 1 kollabierte Paare; RGB(189, 152, 141) vs RGB(208, 125, 121) (ΔE00=11.63, ΔL*=5.0, adj=1.00, leg=True)"
10.3389_fnano.2024.1456939__6e4c1890__p010__b00,10.3389_fnano.2024.1456939__6e4c1890__p010__b00,10.3389_fnano.2024.1456939,10.3389_fnano.2024.1456939.pdf,10,0,Materials Science/10.3389_fnano.2024.1456939/crops/10.3389_fnano.2024.1456939__6e4c1890__p010__b00.png,yes,discrete,problematic,model,PROBLEMATIC,0.384,6,"V4 score=0.384 (thr=0.06, cluster_loss=1); komponenten: pair=0.20 + cluster_loss=0.04 + complexity=0.08 + cvd=0.06 + legend=0.00; 4 kollabierte Paare; RGB(212, 141, 142) vs RGB(117, 179, 141) (ΔE00=45.1, ΔL*=2.2, adj=1.00, leg=True); RGB(223, 198, 195) vs RGB(170, 210, 181) (ΔE00=29.87, ΔL*=1.34, ad"
10.3389_fnano.2024.1456939__6e4c1890__p014__b00,10.3389_fnano.2024.1456939__6e4c1890__p014__b00,10.3389_fnano.2024.1456939,10.3389_fnano.2024.1456939.pdf,14,0,Materials Science/10.3389_fnano.2024.1456939/crops/10.3389_fnano.2024.1456939__6e4c1890__p014__b00.png,yes,discrete,accessible,model,ACCESSIBLE,0.08,3,"V4 score=0.080 (thr=0.16); kein Pair kollabiert; globaler cluster_loss=0, n_color=6, komponenten: pair=0.00 + cluster_loss=0.00 + complexity=0.08 + cvd=0.00 + legend=0.00"
10.1002_hsr2.2004__5a361945__p001__b00,10.1002_hsr2.2004__5a361945__p001__b00,10.1002_hsr2.2004,10.1002_hsr2.2004.pdf,1,0,Medicine/10.1002_hsr2.2004/crops/10.1002_hsr2.2004__5a361945__p001__b00.png,yes,rainbow_gradient,n/a,model,,,,
10.1002_hsr2.2004__5a361945__p002__b00,10.1002_hsr2.2004__5a361945__p002__b00,10.1002_hsr2.2004,10.1002_hsr2.2004.pdf,2,0,Medicine/10.1002_hsr2.2004/crops/10.1002_hsr2.2004__5a361945__p002__b00.png,yes,discrete,accessible,model,ACCESSIBLE,0.003,3,"V4 score=0.003 (thr=0.16, cluster_loss=0); komponenten: pair=0.00 + cluster_loss=0.00 + complexity=0.00 + cvd=0.00 + legend=0.00; 1 kollabierte Paare; RGB(196, 89, 16) vs RGB(71, 117, 198) (ΔE00=46.67, ΔL*=1.03, adj=0.05, leg=False)"
10.1016_s0140-6736_24_01296-0__26579088__p001__b00,10.1016_s0140-6736_24_01296-0__26579088__p001__b00,10.1016_s0140-6736(24)01296-0,10.1016_s0140-6736(24)01296-0.pdf,1,0,Medicine/10.1016_s0140-6736(24)01296-0/crops/10.1016_s0140-6736_24_01296-0__26579088__p001__b00.png,yes,discrete,accessible,model,ACCESSIBLE,0.0,2,Fast-Path: nur 2 Farb- / 2 Grayscale-Cluster.
10.1016_s0140-6736_24_01296-0__26579088__p001__b01,10.1016_s0140-6736_24_01296-0__26579088__p001__b01,10.1016_s0140-6736(24)01296-0,10.1016_s0140-6736(24)01296-0.pdf,1,1,Medicine/10.1016_s0140-6736(24)01296-0/crops/10.1016_s0140-6736_24_01296-0__26579088__p001__b01.png,yes,discrete,accessible,model,ACCESSIBLE,0.0,2,Fast-Path: nur 2 Farb- / 2 Grayscale-Cluster.
10.1016_s0140-6736_24_01296-0__26579088__p002__b00,10.1016_s0140-6736_24_01296-0__26579088__p002__b00,10.1016_s0140-6736(24)01296-0,10.1016_s0140-6736(24)01296-0.pdf,2,0,Medicine/10.1016_s0140-6736(24)01296-0/crops/10.1016_s0140-6736_24_01296-0__26579088__p002__b00.png,yes,discrete,accessible,model,ACCESSIBLE,0.0,0,Zu wenige chromatische Pixel (0) — keine Farbcodierung.
10.1038_s41598-024-56706-x__b8a75bcc__p003__b00,10.1038_s41598-024-56706-x__b8a75bcc__p003__b00,10.1038_s41598-024-56706-x,10.1038_s41598-024-56706-x.pdf,3,0,Medicine/10.1038_s41598-024-56706-x/crops/10.1038_s41598-024-56706-x__b8a75bcc__p003__b00.png,yes,discrete,accessible,model,ACCESSIBLE,0.0,1,Nach Spatial-Filter < 2 Farbregionen (1).
10.1038_s41598-024-56706-x__b8a75bcc__p005__b00,10.1038_s41598-024-56706-x__b8a75bcc__p005__b00,10.1038_s41598-024-56706-x,10.1038_s41598-024-56706-x.pdf,5,0,Medicine/10.1038_s41598-024-56706-x/crops/10.1038_s41598-024-56706-x__b8a75bcc__p005__b00.png,yes,rainbow_gradient,n/a,model,,,,
10.1038_s41598-024-56706-x__b8a75bcc__p007__b00,10.1038_s41598-024-56706-x__b8a75bcc__p007__b00,10.1038_s41598-024-56706-x,10.1038_s41598-024-56706-x.pdf,7,0,Medicine/10.1038_s41598-024-56706-x/crops/10.1038_s41598-024-56706-x__b8a75bcc__p007__b00.png,yes,discrete,accessible,model,ACCESSIBLE,0.0,0,Zu wenige chromatische Pixel (0) — keine Farbcodierung.
10.1038_s41598-024-56706-x__b8a75bcc__p007__b01,10.1038_s41598-024-56706-x__b8a75bcc__p007__b01,10.1038_s41598-024-56706-x,10.1038_s41598-024-56706-x.pdf,7,1,Medicine/10.1038_s41598-024-56706-x/crops/10.1038_s41598-024-56706-x__b8a75bcc__p007__b01.png,yes,discrete,accessible,model,ACCESSIBLE,0.0,0,Zu wenige chromatische Pixel (0) — keine Farbcodierung.
10.1038_s41598-024-56706-x__b8a75bcc__p011__b00,10.1038_s41598-024-56706-x__b8a75bcc__p011__b00,10.1038_s41598-024-56706-x,10.1038_s41598-024-56706-x.pdf,11,0,Medicine/10.1038_s41598-024-56706-x/crops/10.1038_s41598-024-56706-x__b8a75bcc__p011__b00.png,yes,safe_gradient,n/a,model,,,,
10.1056_nejmoa2312117__c2ac0eeb__p001__b00,10.1056_nejmoa2312117__c2ac0eeb__p001__b00,10.1056_nejmoa2312117,10.1056_nejmoa2312117.pdf,1,0,Medicine/10.1056_nejmoa2312117/crops/10.1056_nejmoa2312117__c2ac0eeb__p001__b00.png,yes,discrete,problematic,model,PROBLEMATIC,0.16,2,"V4 score=0.160 (thr=0.06); kein Pair kollabiert; globaler cluster_loss=2, n_color=6, komponenten: pair=0.00 + cluster_loss=0.08 + complexity=0.08 + cvd=0.00 + legend=0.00"
10.1056_nejmoa2312117__c2ac0eeb__p008__b00,10.1056_nejmoa2312117__c2ac0eeb__p008__b00,10.1056_nejmoa2312117,10.1056_nejmoa2312117.pdf,8,0,Medicine/10.1056_nejmoa2312117/crops/10.1056_nejmoa2312117__c2ac0eeb__p008__b00.png,yes,discrete,accessible,model,ACCESSIBLE,0.0,2,"V4 score=0.000 (thr=0.16); kein Pair kollabiert; globaler cluster_loss=0, n_color=3, komponenten: pair=0.00 + cluster_loss=0.00 + complexity=0.00 + cvd=0.00 + legend=0.00"
10.1056_nejmoa2312117__c2ac0eeb__p010__b00,10.1056_nejmoa2312117__c2ac0eeb__p010__b00,10.1056_nejmoa2312117,10.1056_nejmoa2312117.pdf,10,0,Medicine/10.1056_nejmoa2312117/crops/10.1056_nejmoa2312117__c2ac0eeb__p010__b00.png,yes,discrete,accessible,model,ACCESSIBLE,0.0,3,"V4 score=0.000 (thr=0.16); kein Pair kollabiert; globaler cluster_loss=0, n_color=4, komponenten: pair=0.00 + cluster_loss=0.00 + complexity=0.00 + cvd=0.00 + legend=0.00"
10.1056_nejmoa2312117__c2ac0eeb__p014__b00,10.1056_nejmoa2312117__c2ac0eeb__p014__b00,10.1056_nejmoa2312117,10.1056_nejmoa2312117.pdf,14,0,Medicine/10.1056_nejmoa2312117/crops/10.1056_nejmoa2312117__c2ac0eeb__p014__b00.png,yes,discrete,problematic,model,PROBLEMATIC,0.394,8,"V4 score=0.394 (thr=0.16, cluster_loss=0); komponenten: pair=0.23 + cluster_loss=0.00 + complexity=0.16 + cvd=0.00 + legend=0.00; 3 kollabierte Paare; RGB(28, 41, 49) vs RGB(67, 35, 19) (ΔE00=24.8, ΔL*=1.67, adj=1.00, leg=True); RGB(203, 212, 232) vs RGB(208, 183, 166) (ΔE00=19.68, ΔL*=8.41, adj=1.0"
10.1056_nejmoa2312117__c2ac0eeb__p014__b01,10.1056_nejmoa2312117__c2ac0eeb__p014__b01,10.1056_nejmoa2312117,10.1056_nejmoa2312117.pdf,14,1,Medicine/10.1056_nejmoa2312117/crops/10.1056_nejmoa2312117__c2ac0eeb__p014__b01.png,yes,discrete,problematic,model,PROBLEMATIC,0.26,7,"V4 score=0.260 (thr=0.16, cluster_loss=0); komponenten: pair=0.14 + cluster_loss=0.00 + complexity=0.12 + cvd=0.00 + legend=0.00; 2 kollabierte Paare; RGB(162, 150, 141) vs RGB(174, 177, 194) (ΔE00=14.52, ΔL*=9.66, adj=1.00, leg=True); RGB(66, 34, 20) vs RGB(14, 28, 25) (ΔE00=26.29, ΔL*=8.15, adj=1."
10.1056_nejmoa2312117__c2ac0eeb__p014__b02,10.1056_nejmoa2312117__c2ac0eeb__p014__b02,10.1056_nejmoa2312117,10.1056_nejmoa2312117.pdf,14,2,Medicine/10.1056_nejmoa2312117/crops/10.1056_nejmoa2312117__c2ac0eeb__p014__b02.png,yes,discrete,problematic,model,PROBLEMATIC,0.444,5,"V4 score=0.444 (thr=0.16, cluster_loss=0); komponenten: pair=0.40 + cluster_loss=0.00 + complexity=0.04 + cvd=0.00 + legend=0.00; 2 kollabierte Paare; RGB(148, 107, 79) vs RGB(109, 105, 99) (ΔE00=15.86, ΔL*=3.97, adj=1.00, leg=True); RGB(172, 158, 141) vs RGB(172, 177, 190) (ΔE00=15.9, ΔL*=6.09, adj"
10.1056_nejmoa2312117__c2ac0eeb__p014__b03,10.1056_nejmoa2312117__c2ac0eeb__p014__b03,10.1056_nejmoa2312117,10.1056_nejmoa2312117.pdf,14,3,Medicine/10.1056_nejmoa2312117/crops/10.1056_nejmoa2312117__c2ac0eeb__p014__b03.png,yes,discrete,problematic,model,PROBLEMATIC,0.278,7,"V4 score=0.278 (thr=0.16, cluster_loss=0); komponenten: pair=0.16 + cluster_loss=0.00 + complexity=0.12 + cvd=0.00 + legend=0.00; 2 kollabierte Paare; RGB(163, 150, 134) vs RGB(191, 161, 155) (ΔE00=10.27, ΔL*=6.0, adj=1.00, leg=True); RGB(183, 75, 60) vs RGB(147, 101, 82) (ΔE00=12.0, ΔL*=0.72, adj=0"
10.1056_nejmoa2312117__c2ac0eeb__p014__b04,10.1056_nejmoa2312117__c2ac0eeb__p014__b04,10.1056_nejmoa2312117,10.1056_nejmoa2312117.pdf,14,4,Medicine/10.1056_nejmoa2312117/crops/10.1056_nejmoa2312117__c2ac0eeb__p014__b04.png,yes,discrete,accessible,model,ACCESSIBLE,0.04,5,"V4 score=0.040 (thr=0.16); kein Pair kollabiert; globaler cluster_loss=0, n_color=5, komponenten: pair=0.00 + cluster_loss=0.00 + complexity=0.04 + cvd=0.00 + legend=0.00"
10.1056_nejmoa2312117__c2ac0eeb__p014__b05,10.1056_nejmoa2312117__c2ac0eeb__p014__b05,10.1056_nejmoa2312117,10.1056_nejmoa2312117.pdf,14,5,Medicine/10.1056_nejmoa2312117/crops/10.1056_nejmoa2312117__c2ac0eeb__p014__b05.png,yes,discrete,accessible,model,ACCESSIBLE,0.0,3,"V4 score=0.000 (thr=0.16); kein Pair kollabiert; globaler cluster_loss=0, n_color=3, komponenten: pair=0.00 + cluster_loss=0.00 + complexity=0.00 + cvd=0.00 + legend=0.00"
10.1056_nejmoa2312117__c2ac0eeb__p014__b06,10.1056_nejmoa2312117__c2ac0eeb__p014__b06,10.1056_nejmoa2312117,10.1056_nejmoa2312117.pdf,14,6,Medicine/10.1056_nejmoa2312117/crops/10.1056_nejmoa2312117__c2ac0eeb__p014__b06.png,yes,discrete,problematic,model,PROBLEMATIC,0.202,6,"V4 score=0.202 (thr=0.16, cluster_loss=0); komponenten: pair=0.12 + cluster_loss=0.00 + complexity=0.08 + cvd=0.00 + legend=0.00; 2 kollabierte Paare; RGB(141, 160, 191) vs RGB(221, 126, 154) (ΔE00=29.02, ΔL*=1.63, adj=1.00, leg=True); RGB(116, 139, 180) vs RGB(221, 126, 154) (ΔE00=30.55, ΔL*=6.17, "
10.1186_s13195-024-01666-7__d3b3295c__p003__b00,10.1186_s13195-024-01666-7__d3b3295c__p003__b00,10.1186_s13195-024-01666-7,10.1186_s13195-024-01666-7.pdf,3,0,Medicine/10.1186_s13195-024-01666-7/crops/10.1186_s13195-024-01666-7__d3b3295c__p003__b00.png,yes,discrete,problematic,model,PROBLEMATIC,0.186,6,"V4 score=0.186 (thr=0.06, cluster_loss=1); komponenten: pair=0.07 + cluster_loss=0.04 + complexity=0.08 + cvd=0.00 + legend=0.00; 1 kollabierte Paare; RGB(146, 154, 170) vs RGB(55, 151, 222) (ΔE00=17.75, ΔL*=3.58, adj=1.00, leg=True)"
10.1186_s13195-024-01666-7__d3b3295c__p007__b00,10.1186_s13195-024-01666-7__d3b3295c__p007__b00,10.1186_s13195-024-01666-7,10.1186_s13195-024-01666-7.pdf,7,0,Medicine/10.1186_s13195-024-01666-7/crops/10.1186_s13195-024-01666-7__d3b3295c__p007__b00.png,yes,discrete,accessible,model,ACCESSIBLE,0.0,0,Zu wenige chromatische Pixel (0) — keine Farbcodierung.
10.1186_s13195-024-01666-7__d3b3295c__p008__b00,10.1186_s13195-024-01666-7__d3b3295c__p008__b00,10.1186_s13195-024-01666-7,10.1186_s13195-024-01666-7.pdf,8,0,Medicine/10.1186_s13195-024-01666-7/crops/10.1186_s13195-024-01666-7__d3b3295c__p008__b00.png,yes,discrete,problematic,model,PROBLEMATIC,0.201,7,"V4 score=0.201 (thr=0.06, cluster_loss=2); komponenten: pair=0.00 + cluster_loss=0.08 + complexity=0.12 + cvd=0.00 + legend=0.00; 1 kollabierte Paare; RGB(144, 153, 169) vs RGB(55, 151, 222) (ΔE00=17.74, ΔL*=3.07, adj=0.02, leg=False)"
10.3126_jmcjms.v12i02.69143__4feaff8e__p002__b00,10.3126_jmcjms.v12i02.69143__4feaff8e__p002__b00,10.3126_jmcjms.v12i02.69143,10.3126_jmcjms.v12i02.69143.pdf,2,0,Medicine/10.3126_jmcjms.v12i02.69143/crops/10.3126_jmcjms.v12i02.69143__4feaff8e__p002__b00.png,yes,rainbow_gradient,n/a,model,,,,
10.1038_s41398-024-02921-z__d7c13379__p002__b00,10.1038_s41398-024-02921-z__d7c13379__p002__b00,10.1038_s41398-024-02921-z,10.1038_s41398-024-02921-z.pdf,2,0,Neuroscience/10.1038_s41398-024-02921-z/crops/10.1038_s41398-024-02921-z__d7c13379__p002__b00.png,yes,discrete,accessible,model,ACCESSIBLE,0.0,3,"V4 score=0.000 (thr=0.16); kein Pair kollabiert; globaler cluster_loss=0, n_color=3, komponenten: pair=0.00 + cluster_loss=0.00 + complexity=0.00 + cvd=0.00 + legend=0.00"
10.1038_s41398-024-02921-z__d7c13379__p002__b01,10.1038_s41398-024-02921-z__d7c13379__p002__b01,10.1038_s41398-024-02921-z,10.1038_s41398-024-02921-z.pdf,2,1,Neuroscience/10.1038_s41398-024-02921-z/crops/10.1038_s41398-024-02921-z__d7c13379__p002__b01.png,yes,discrete,accessible,model,ACCESSIBLE,0.0,1,Fast-Path: nur 1 Farb- / 1 Grayscale-Cluster.
10.1038_s41398-024-02921-z__d7c13379__p005__b00,10.1038_s41398-024-02921-z__d7c13379__p005__b00,10.1038_s41398-024-02921-z,10.1038_s41398-024-02921-z.pdf,5,0,Neuroscience/10.1038_s41398-024-02921-z/crops/10.1038_s41398-024-02921-z__d7c13379__p005__b00.png,yes,discrete,accessible,model,ACCESSIBLE,0.0,0,Zu wenige chromatische Pixel (0) — keine Farbcodierung.
10.1038_s41398-024-02921-z__d7c13379__p008__b00,10.1038_s41398-024-02921-z__d7c13379__p008__b00,10.1038_s41398-024-02921-z,10.1038_s41398-024-02921-z.pdf,8,0,Neuroscience/10.1038_s41398-024-02921-z/crops/10.1038_s41398-024-02921-z__d7c13379__p008__b00.png,yes,rainbow_gradient,n/a,model,,,,
10.1038_s41398-024-02921-z__d7c13379__p008__b01,10.1038_s41398-024-02921-z__d7c13379__p008__b01,10.1038_s41398-024-02921-z,10.1038_s41398-024-02921-z.pdf,8,1,Neuroscience/10.1038_s41398-024-02921-z/crops/10.1038_s41398-024-02921-z__d7c13379__p008__b01.png,yes,rainbow_gradient,n/a,model,,,,
10.1038_s41398-024-02921-z__d7c13379__p008__b02,10.1038_s41398-024-02921-z__d7c13379__p008__b02,10.1038_s41398-024-02921-z,10.1038_s41398-024-02921-z.pdf,8,2,Neuroscience/10.1038_s41398-024-02921-z/crops/10.1038_s41398-024-02921-z__d7c13379__p008__b02.png,yes,rainbow_gradient,n/a,model,,,,
10.1038_s41420-024-01960-1__39c0b1b4__p001__b00,10.1038_s41420-024-01960-1__39c0b1b4__p001__b00,10.1038_s41420-024-01960-1,10.1038_s41420-024-01960-1.pdf,1,0,Neuroscience/10.1038_s41420-024-01960-1/crops/10.1038_s41420-024-01960-1__39c0b1b4__p001__b00.png,yes,discrete,accessible,model,ACCESSIBLE,0.04,5,"V4 score=0.040 (thr=0.08); kein Pair kollabiert; globaler cluster_loss=0, n_color=5, komponenten: pair=0.00 + cluster_loss=0.00 + complexity=0.04 + cvd=0.00 + legend=0.00"
10.1038_s41420-024-01960-1__39c0b1b4__p002__b00,10.1038_s41420-024-01960-1__39c0b1b4__p002__b00,10.1038_s41420-024-01960-1,10.1038_s41420-024-01960-1.pdf,2,0,Neuroscience/10.1038_s41420-024-01960-1/crops/10.1038_s41420-024-01960-1__39c0b1b4__p002__b00.png,yes,safe_gradient,n/a,model,,,,
10.1038_s41420-024-01960-1__39c0b1b4__p006__b00,10.1038_s41420-024-01960-1__39c0b1b4__p006__b00,10.1038_s41420-024-01960-1,10.1038_s41420-024-01960-1.pdf,6,0,Neuroscience/10.1038_s41420-024-01960-1/crops/10.1038_s41420-024-01960-1__39c0b1b4__p006__b00.png,yes,discrete,problematic,model,PROBLEMATIC,0.186,4,"V4 score=0.186 (thr=0.08, cluster_loss=0); komponenten: pair=0.19 + cluster_loss=0.00 + complexity=0.00 + cvd=0.00 + legend=0.00; 1 kollabierte Paare; RGB(215, 234, 239) vs RGB(193, 204, 228) (ΔE00=11.05, ΔL*=9.33, adj=1.00, leg=True)"
10.1038_s41420-024-01960-1__39c0b1b4__p008__b00,10.1038_s41420-024-01960-1__39c0b1b4__p008__b00,10.1038_s41420-024-01960-1,10.1038_s41420-024-01960-1.pdf,8,0,Neuroscience/10.1038_s41420-024-01960-1/crops/10.1038_s41420-024-01960-1__39c0b1b4__p008__b00.png,yes,discrete,accessible,model,ACCESSIBLE,0.0,2,"V4 score=0.000 (thr=0.16); kein Pair kollabiert; globaler cluster_loss=0, n_color=2, komponenten: pair=0.00 + cluster_loss=0.00 + complexity=0.00 + cvd=0.00 + legend=0.00"
10.1038_s44323-025-00024-6__e4fd84c6__p002__b00,10.1038_s44323-025-00024-6__e4fd84c6__p002__b00,10.1038_s44323-025-00024-6,10.1038_s44323-025-00024-6.pdf,2,0,Neuroscience/10.1038_s44323-025-00024-6/crops/10.1038_s44323-025-00024-6__e4fd84c6__p002__b00.png,yes,discrete,problematic,model,PROBLEMATIC,0.486,3,"V4 score=0.486 (thr=0.06, cluster_loss=1); komponenten: pair=0.45 + cluster_loss=0.04 + complexity=0.00 + cvd=0.00 + legend=0.00; 1 kollabierte Paare; RGB(250, 247, 202) vs RGB(216, 232, 238) (ΔE00=20.3, ΔL*=5.81, adj=1.00, leg=True)"
10.1038_s44323-025-00024-6__e4fd84c6__p002__b01,10.1038_s44323-025-00024-6__e4fd84c6__p002__b01,10.1038_s44323-025-00024-6,10.1038_s44323-025-00024-6.pdf,2,1,Neuroscience/10.1038_s44323-025-00024-6/crops/10.1038_s44323-025-00024-6__e4fd84c6__p002__b01.png,yes,discrete,accessible,model,ACCESSIBLE,0.0,2,"V4 score=0.000 (thr=0.16); kein Pair kollabiert; globaler cluster_loss=0, n_color=2, komponenten: pair=0.00 + cluster_loss=0.00 + complexity=0.00 + cvd=0.00 + legend=0.00"
10.1056_nejmoa2314132__69e8a3c5__p002__b00,10.1056_nejmoa2314132__69e8a3c5__p002__b00,10.1056_nejmoa2314132,10.1056_nejmoa2314132.pdf,2,0,Neuroscience/10.1056_nejmoa2314132/crops/10.1056_nejmoa2314132__69e8a3c5__p002__b00.png,yes,rainbow_gradient,n/a,model,,,,
10.1056_nejmoa2314132__69e8a3c5__p002__b01,10.1056_nejmoa2314132__69e8a3c5__p002__b01,10.1056_nejmoa2314132,10.1056_nejmoa2314132.pdf,2,1,Neuroscience/10.1056_nejmoa2314132/crops/10.1056_nejmoa2314132__69e8a3c5__p002__b01.png,yes,discrete,problematic,model,PROBLEMATIC,0.248,6,"V4 score=0.248 (thr=0.16, cluster_loss=0); komponenten: pair=0.09 + cluster_loss=0.00 + complexity=0.16 + cvd=0.00 + legend=0.00; 1 kollabierte Paare; RGB(0, 77, 129) vs RGB(0, 27, 248) (ΔE00=19.17, ΔL*=1.81, adj=0.30, leg=False)"
10.1056_nejmoa2314132__69e8a3c5__p012__b00,10.1056_nejmoa2314132__69e8a3c5__p012__b00,10.1056_nejmoa2314132,10.1056_nejmoa2314132.pdf,12,0,Neuroscience/10.1056_nejmoa2314132/crops/10.1056_nejmoa2314132__69e8a3c5__p012__b00.png,yes,discrete,problematic,model,PROBLEMATIC,0.903,8,"V4 score=0.903 (thr=0.06, cluster_loss=2); komponenten: pair=0.36 + cluster_loss=0.08 + complexity=0.40 + cvd=0.06 + legend=0.00; 5 kollabierte Paare; RGB(194, 125, 200) vs RGB(104, 151, 176) (ΔE00=27.34, ΔL*=2.12, adj=1.00, leg=True); RGB(194, 125, 200) vs RGB(0, 141, 191) (ΔE00=40.56, ΔL*=7.13, ad"
10.1056_nejmoa2314132__69e8a3c5__p012__b01,10.1056_nejmoa2314132__69e8a3c5__p012__b01,10.1056_nejmoa2314132,10.1056_nejmoa2314132.pdf,12,1,Neuroscience/10.1056_nejmoa2314132/crops/10.1056_nejmoa2314132__69e8a3c5__p012__b01.png,yes,discrete,problematic,model,PROBLEMATIC,0.236,6,"V4 score=0.236 (thr=0.16, cluster_loss=0); komponenten: pair=0.16 + cluster_loss=0.00 + complexity=0.08 + cvd=0.00 + legend=0.00; 2 kollabierte Paare; RGB(60, 73, 158) vs RGB(0, 76, 128) (ΔE00=10.42, ΔL*=3.48, adj=1.00, leg=True); RGB(60, 73, 158) vs RGB(42, 106, 150) (ΔE00=14.11, ΔL*=8.16, adj=1.00"
10.1056_nejmoa2314132__69e8a3c5__p013__b00,10.1056_nejmoa2314132__69e8a3c5__p013__b00,10.1056_nejmoa2314132,10.1056_nejmoa2314132.pdf,13,0,Neuroscience/10.1056_nejmoa2314132/crops/10.1056_nejmoa2314132__69e8a3c5__p013__b00.png,yes,discrete,problematic,model,PROBLEMATIC,0.661,8,"V4 score=0.661 (thr=0.06, cluster_loss=1); komponenten: pair=0.28 + cluster_loss=0.04 + complexity=0.28 + cvd=0.06 + legend=0.00; 5 kollabierte Paare; RGB(236, 237, 239) vs RGB(240, 208, 243) (ΔE00=17.19, ΔL*=6.69, adj=1.00, leg=True); RGB(236, 237, 239) vs RGB(178, 232, 226) (ΔE00=18.32, ΔL*=5.7, a"
10.1056_nejmoa2314132__69e8a3c5__p013__b01,10.1056_nejmoa2314132__69e8a3c5__p013__b01,10.1056_nejmoa2314132,10.1056_nejmoa2314132.pdf,13,1,Neuroscience/10.1056_nejmoa2314132/crops/10.1056_nejmoa2314132__69e8a3c5__p013__b01.png,yes,rainbow_gradient,n/a,model,,,,
10.1056_nejmoa2314132__69e8a3c5__p014__b00,10.1056_nejmoa2314132__69e8a3c5__p014__b00,10.1056_nejmoa2314132,10.1056_nejmoa2314132.pdf,14,0,Neuroscience/10.1056_nejmoa2314132/crops/10.1056_nejmoa2314132__69e8a3c5__p014__b00.png,yes,discrete,problematic,model,PROBLEMATIC,0.171,5,"V4 score=0.171 (thr=0.16, cluster_loss=0); komponenten: pair=0.13 + cluster_loss=0.00 + complexity=0.04 + cvd=0.00 + legend=0.00; 2 kollabierte Paare; RGB(110, 106, 91) vs RGB(89, 88, 39) (ΔE00=13.79, ΔL*=8.05, adj=1.00, leg=True); RGB(89, 88, 39) vs RGB(99, 53, 20) (ΔE00=21.0, ΔL*=9.28, adj=1.00, l"
10.1056_nejmoa2314132__69e8a3c5__p015__b00,10.1056_nejmoa2314132__69e8a3c5__p015__b00,10.1056_nejmoa2314132,10.1056_nejmoa2314132.pdf,15,0,Neuroscience/10.1056_nejmoa2314132/crops/10.1056_nejmoa2314132__69e8a3c5__p015__b00.png,yes,safe_gradient,n/a,model,,,,
10.1056_nejmoa2314132__69e8a3c5__p015__b01,10.1056_nejmoa2314132__69e8a3c5__p015__b01,10.1056_nejmoa2314132,10.1056_nejmoa2314132.pdf,15,1,Neuroscience/10.1056_nejmoa2314132/crops/10.1056_nejmoa2314132__69e8a3c5__p015__b01.png,yes,discrete,accessible,model,ACCESSIBLE,0.0,2,Fast-Path: nur 2 Farb- / 2 Grayscale-Cluster.
10.3389_fnagi.2024.1347987__ed93ad14__p003__b00,10.3389_fnagi.2024.1347987__ed93ad14__p003__b00,10.3389_fnagi.2024.1347987,10.3389_fnagi.2024.1347987.pdf,3,0,Neuroscience/10.3389_fnagi.2024.1347987/crops/10.3389_fnagi.2024.1347987__ed93ad14__p003__b00.png,yes,discrete,problematic,model,PROBLEMATIC,0.389,6,"V4 score=0.389 (thr=0.06, cluster_loss=1); komponenten: pair=0.21 + cluster_loss=0.04 + complexity=0.08 + cvd=0.06 + legend=0.00; 3 kollabierte Paare; RGB(219, 211, 219) vs RGB(228, 180, 189) (ΔE00=13.26, ΔL*=7.77, adj=1.00, leg=True); RGB(219, 211, 219) vs RGB(162, 208, 204) (ΔE00=24.9, ΔL*=4.89, a"
10.3389_fnagi.2024.1347987__ed93ad14__p005__b00,10.3389_fnagi.2024.1347987__ed93ad14__p005__b00,10.3389_fnagi.2024.1347987,10.3389_fnagi.2024.1347987.pdf,5,0,Neuroscience/10.3389_fnagi.2024.1347987/crops/10.3389_fnagi.2024.1347987__ed93ad14__p005__b00.png,yes,discrete,problematic,model,PROBLEMATIC,0.312,6,"V4 score=0.312 (thr=0.16, cluster_loss=0); komponenten: pair=0.23 + cluster_loss=0.00 + complexity=0.08 + cvd=0.00 + legend=0.00; 2 kollabierte Paare; RGB(242, 248, 240) vs RGB(227, 216, 211) (ΔE00=10.33, ΔL*=9.56, adj=1.00, leg=True); RGB(146, 121, 95) vs RGB(118, 96, 91) (ΔE00=13.5, ΔL*=9.88, adj="
10.3389_fnagi.2024.1347987__ed93ad14__p007__b00,10.3389_fnagi.2024.1347987__ed93ad14__p007__b00,10.3389_fnagi.2024.1347987,10.3389_fnagi.2024.1347987.pdf,7,0,Neuroscience/10.3389_fnagi.2024.1347987/crops/10.3389_fnagi.2024.1347987__ed93ad14__p007__b00.png,yes,discrete,problematic,model,PROBLEMATIC,0.394,6,"V4 score=0.394 (thr=0.16, cluster_loss=0); komponenten: pair=0.31 + cluster_loss=0.00 + complexity=0.08 + cvd=0.00 + legend=0.00; 7 kollabierte Paare; RGB(177, 182, 185) vs RGB(217, 138, 96) (ΔE00=26.01, ΔL*=9.0, adj=1.00, leg=True); RGB(177, 182, 185) vs RGB(204, 142, 139) (ΔE00=22.88, ΔL*=8.57, ad"
10.3389_fnagi.2024.1347987__ed93ad14__p008__b00,10.3389_fnagi.2024.1347987__ed93ad14__p008__b00,10.3389_fnagi.2024.1347987,10.3389_fnagi.2024.1347987.pdf,8,0,Neuroscience/10.3389_fnagi.2024.1347987/crops/10.3389_fnagi.2024.1347987__ed93ad14__p008__b00.png,yes,discrete,problematic,model,PROBLEMATIC,0.579,6,"V4 score=0.579 (thr=0.06, cluster_loss=2); komponenten: pair=0.42 + cluster_loss=0.08 + complexity=0.08 + cvd=0.00 + legend=0.00; 5 kollabierte Paare; RGB(140, 169, 212) vs RGB(122, 186, 183) (ΔE00=20.63, ΔL*=2.79, adj=1.00, leg=True); RGB(140, 169, 212) vs RGB(144, 191, 147) (ΔE00=33.16, ΔL*=4.2, a"
10.3389_fnagi.2024.1347987__ed93ad14__p013__b00,10.3389_fnagi.2024.1347987__ed93ad14__p013__b00,10.3389_fnagi.2024.1347987,10.3389_fnagi.2024.1347987.pdf,13,0,Neuroscience/10.3389_fnagi.2024.1347987/crops/10.3389_fnagi.2024.1347987__ed93ad14__p013__b00.png,yes,discrete,accessible,model,ACCESSIBLE,0.032,3,"V4 score=0.032 (thr=0.16, cluster_loss=0); komponenten: pair=0.03 + cluster_loss=0.00 + complexity=0.00 + cvd=0.00 + legend=0.00; 1 kollabierte Paare; RGB(236, 245, 255) vs RGB(248, 224, 207) (ΔE00=16.04, ΔL*=5.42, adj=1.00, leg=True)"
10.1007_s13346-024-01558-1__8d5d3839__p005__b00,10.1007_s13346-024-01558-1__8d5d3839__p005__b00,10.1007_s13346-024-01558-1,10.1007_s13346-024-01558-1.pdf,5,0,"Pharmacology, Toxicology and Pharmaceutics/10.1007_s13346-024-01558-1/crops/10.1007_s13346-024-01558-1__8d5d3839__p005__b00.png",yes,discrete,problematic,model,PROBLEMATIC,0.458,5,"V4 score=0.458 (thr=0.16, cluster_loss=0); komponenten: pair=0.36 + cluster_loss=0.00 + complexity=0.04 + cvd=0.06 + legend=0.00; 3 kollabierte Paare; RGB(229, 239, 241) vs RGB(250, 207, 170) (ΔE00=21.48, ΔL*=7.68, adj=1.00, leg=True); RGB(250, 13, 5) vs RGB(0, 114, 193) (ΔE00=50.52, ΔL*=5.77, adj=1"
10.1007_s13346-024-01558-1__8d5d3839__p011__b00,10.1007_s13346-024-01558-1__8d5d3839__p011__b00,10.1007_s13346-024-01558-1,10.1007_s13346-024-01558-1.pdf,11,0,"Pharmacology, Toxicology and Pharmaceutics/10.1007_s13346-024-01558-1/crops/10.1007_s13346-024-01558-1__8d5d3839__p011__b00.png",yes,rainbow_gradient,n/a,model,,,,
10.1007_s13346-024-01558-1__8d5d3839__p011__b01,10.1007_s13346-024-01558-1__8d5d3839__p011__b01,10.1007_s13346-024-01558-1,10.1007_s13346-024-01558-1.pdf,11,1,"Pharmacology, Toxicology and Pharmaceutics/10.1007_s13346-024-01558-1/crops/10.1007_s13346-024-01558-1__8d5d3839__p011__b01.png",yes,discrete,accessible,model,ACCESSIBLE,0.0,0,Zu wenige chromatische Pixel (0) — keine Farbcodierung.
10.1007_s13346-024-01558-1__8d5d3839__p011__b02,10.1007_s13346-024-01558-1__8d5d3839__p011__b02,10.1007_s13346-024-01558-1,10.1007_s13346-024-01558-1.pdf,11,2,"Pharmacology, Toxicology and Pharmaceutics/10.1007_s13346-024-01558-1/crops/10.1007_s13346-024-01558-1__8d5d3839__p011__b02.png",yes,discrete,accessible,model,ACCESSIBLE,0.0,0,Zu wenige chromatische Pixel (0) — keine Farbcodierung.
10.1007_s13346-024-01558-1__8d5d3839__p011__b03,10.1007_s13346-024-01558-1__8d5d3839__p011__b03,10.1007_s13346-024-01558-1,10.1007_s13346-024-01558-1.pdf,11,3,"Pharmacology, Toxicology and Pharmaceutics/10.1007_s13346-024-01558-1/crops/10.1007_s13346-024-01558-1__8d5d3839__p011__b03.png",yes,discrete,problematic,model,PROBLEMATIC,0.133,6,"V4 score=0.133 (thr=0.08, cluster_loss=0); komponenten: pair=0.05 + cluster_loss=0.00 + complexity=0.08 + cvd=0.00 + legend=0.00; 2 kollabierte Paare; RGB(100, 30, 22) vs RGB(62, 39, 35) (ΔE00=13.0, ΔL*=4.34, adj=0.18, leg=False); RGB(109, 93, 88) vs RGB(167, 84, 62) (ΔE00=16.95, ΔL*=4.94, adj=1.00,"
10.1007_s13346-024-01558-1__8d5d3839__p011__b04,10.1007_s13346-024-01558-1__8d5d3839__p011__b04,10.1007_s13346-024-01558-1,10.1007_s13346-024-01558-1.pdf,11,4,"Pharmacology, Toxicology and Pharmaceutics/10.1007_s13346-024-01558-1/crops/10.1007_s13346-024-01558-1__8d5d3839__p011__b04.png",yes,rainbow_gradient,n/a,model,,,,
10.1007_s13346-024-01558-1__8d5d3839__p011__b05,10.1007_s13346-024-01558-1__8d5d3839__p011__b05,10.1007_s13346-024-01558-1,10.1007_s13346-024-01558-1.pdf,11,5,"Pharmacology, Toxicology and Pharmaceutics/10.1007_s13346-024-01558-1/crops/10.1007_s13346-024-01558-1__8d5d3839__p011__b05.png",yes,discrete,problematic,model,PROBLEMATIC,0.301,7,"V4 score=0.301 (thr=0.06, cluster_loss=2); komponenten: pair=0.10 + cluster_loss=0.08 + complexity=0.12 + cvd=0.00 + legend=0.00; 2 kollabierte Paare; RGB(182, 255, 183) vs RGB(191, 221, 220) (ΔE00=20.74, ΔL*=7.8, adj=0.00, leg=False); RGB(78, 134, 81) vs RGB(111, 123, 117) (ΔE00=17.29, ΔL*=0.48, ad"
10.1007_s40264-025-01548-3__831effa3__p002__b00,10.1007_s40264-025-01548-3__831effa3__p002__b00,10.1007_s40264-025-01548-3,10.1007_s40264-025-01548-3.pdf,2,0,"Pharmacology, Toxicology and Pharmaceutics/10.1007_s40264-025-01548-3/crops/10.1007_s40264-025-01548-3__831effa3__p002__b00.png",yes,discrete,accessible,model,ACCESSIBLE,0.0,2,Fast-Path: nur 2 Farb- / 2 Grayscale-Cluster.
10.1007_s40264-025-01548-3__831effa3__p006__b00,10.1007_s40264-025-01548-3__831effa3__p006__b00,10.1007_s40264-025-01548-3,10.1007_s40264-025-01548-3.pdf,6,0,"Pharmacology, Toxicology and Pharmaceutics/10.1007_s40264-025-01548-3/crops/10.1007_s40264-025-01548-3__831effa3__p006__b00.png",yes,discrete,accessible,model,ACCESSIBLE,0.0,0,Zu wenige chromatische Pixel (0) — keine Farbcodierung.
10.1007_s40264-025-01548-3__831effa3__p008__b00,10.1007_s40264-025-01548-3__831effa3__p008__b00,10.1007_s40264-025-01548-3,10.1007_s40264-025-01548-3.pdf,8,0,"Pharmacology, Toxicology and Pharmaceutics/10.1007_s40264-025-01548-3/crops/10.1007_s40264-025-01548-3__831effa3__p008__b00.png",yes,discrete,accessible,model,ACCESSIBLE,0.0,0,Zu wenige chromatische Pixel (0) — keine Farbcodierung.
10.1021_jacs.3c11515__bd25d692__p002__b00,10.1021_jacs.3c11515__bd25d692__p002__b00,10.1021_jacs.3c11515,10.1021_jacs.3c11515.pdf,2,0,"Pharmacology, Toxicology and Pharmaceutics/10.1021_jacs.3c11515/crops/10.1021_jacs.3c11515__bd25d692__p002__b00.png",yes,rainbow_gradient,n/a,model,,,,
10.1021_jacs.3c11515__bd25d692__p003__b00,10.1021_jacs.3c11515__bd25d692__p003__b00,10.1021_jacs.3c11515,10.1021_jacs.3c11515.pdf,3,0,"Pharmacology, Toxicology and Pharmaceutics/10.1021_jacs.3c11515/crops/10.1021_jacs.3c11515__bd25d692__p003__b00.png",yes,discrete,accessible,model,ACCESSIBLE,0.0,4,"V4 score=0.000 (thr=0.16); kein Pair kollabiert; globaler cluster_loss=0, n_color=4, komponenten: pair=0.00 + cluster_loss=0.00 + complexity=0.00 + cvd=0.00 + legend=0.00"
10.1021_jacs.3c11515__bd25d692__p012__b00,10.1021_jacs.3c11515__bd25d692__p012__b00,10.1021_jacs.3c11515,10.1021_jacs.3c11515.pdf,12,0,"Pharmacology, Toxicology and Pharmaceutics/10.1021_jacs.3c11515/crops/10.1021_jacs.3c11515__bd25d692__p012__b00.png",yes,discrete,problematic,model,PROBLEMATIC,0.237,5,"V4 score=0.237 (thr=0.16, cluster_loss=0); komponenten: pair=0.16 + cluster_loss=0.00 + complexity=0.08 + cvd=0.00 + legend=0.00; 1 kollabierte Paare; RGB(177, 211, 234) vs RGB(223, 198, 195) (ΔE00=24.28, ΔL*=0.81, adj=1.00, leg=True)"
10.1021_jacs.3c11515__bd25d692__p013__b00,10.1021_jacs.3c11515__bd25d692__p013__b00,10.1021_jacs.3c11515,10.1021_jacs.3c11515.pdf,13,0,"Pharmacology, Toxicology and Pharmaceutics/10.1021_jacs.3c11515/crops/10.1021_jacs.3c11515__bd25d692__p013__b00.png",yes,discrete,accessible,model,ACCESSIBLE,0.003,4,"V4 score=0.003 (thr=0.16, cluster_loss=0); komponenten: pair=0.00 + cluster_loss=0.00 + complexity=0.00 + cvd=0.00 + legend=0.00; 1 kollabierte Paare; RGB(109, 165, 207) vs RGB(107, 195, 188) (ΔE00=20.51, ΔL*=7.81, adj=1.00, leg=True)"
10.1021_jacs.3c11515__bd25d692__p013__b01,10.1021_jacs.3c11515__bd25d692__p013__b01,10.1021_jacs.3c11515,10.1021_jacs.3c11515.pdf,13,1,"Pharmacology, Toxicology and Pharmaceutics/10.1021_jacs.3c11515/crops/10.1021_jacs.3c11515__bd25d692__p013__b01.png",yes,discrete,accessible,model,ACCESSIBLE,0.084,4,"V4 score=0.084 (thr=0.16, cluster_loss=0); komponenten: pair=0.08 + cluster_loss=0.00 + complexity=0.00 + cvd=0.00 + legend=0.00; 2 kollabierte Paare; RGB(115, 168, 210) vs RGB(119, 202, 198) (ΔE00=20.06, ΔL*=9.47, adj=1.00, leg=True); RGB(150, 190, 222) vs RGB(119, 202, 198) (ΔE00=17.35, ΔL*=0.82, "
10.1021_jacs.3c11515__bd25d692__p014__b00,10.1021_jacs.3c11515__bd25d692__p014__b00,10.1021_jacs.3c11515,10.1021_jacs.3c11515.pdf,14,0,"Pharmacology, Toxicology and Pharmaceutics/10.1021_jacs.3c11515/crops/10.1021_jacs.3c11515__bd25d692__p014__b00.png",yes,discrete,problematic,model,PROBLEMATIC,0.607,8,"V4 score=0.607 (thr=0.16, cluster_loss=0); komponenten: pair=0.41 + cluster_loss=0.00 + complexity=0.20 + cvd=0.00 + legend=0.00; 6 kollabierte Paare; RGB(143, 183, 214) vs RGB(215, 136, 143) (ΔE00=36.43, ΔL*=7.64, adj=1.00, leg=True); RGB(115, 167, 205) vs RGB(215, 136, 143) (ΔE00=37.4, ΔL*=1.42, a"
10.1021_jacs.3c11515__bd25d692__p015__b00,10.1021_jacs.3c11515__bd25d692__p015__b00,10.1021_jacs.3c11515,10.1021_jacs.3c11515.pdf,15,0,"Pharmacology, Toxicology and Pharmaceutics/10.1021_jacs.3c11515/crops/10.1021_jacs.3c11515__bd25d692__p015__b00.png",yes,discrete,accessible,model,ACCESSIBLE,0.0,4,"V4 score=0.000 (thr=0.16); kein Pair kollabiert; globaler cluster_loss=0, n_color=4, komponenten: pair=0.00 + cluster_loss=0.00 + complexity=0.00 + cvd=0.00 + legend=0.00"
10.1021_jacs.3c11515__bd25d692__p015__b01,10.1021_jacs.3c11515__bd25d692__p015__b01,10.1021_jacs.3c11515,10.1021_jacs.3c11515.pdf,15,1,"Pharmacology, Toxicology and Pharmaceutics/10.1021_jacs.3c11515/crops/10.1021_jacs.3c11515__bd25d692__p015__b01.png",yes,discrete,accessible,model,ACCESSIBLE,0.0,4,"V4 score=0.000 (thr=0.16); kein Pair kollabiert; globaler cluster_loss=0, n_color=4, komponenten: pair=0.00 + cluster_loss=0.00 + complexity=0.00 + cvd=0.00 + legend=0.00"
10.1021_jacs.3c11515__bd25d692__p016__b00,10.1021_jacs.3c11515__bd25d692__p016__b00,10.1021_jacs.3c11515,10.1021_jacs.3c11515.pdf,16,0,"Pharmacology, Toxicology and Pharmaceutics/10.1021_jacs.3c11515/crops/10.1021_jacs.3c11515__bd25d692__p016__b00.png",yes,discrete,accessible,model,ACCESSIBLE,0.147,6,"V4 score=0.147 (thr=0.16, cluster_loss=0); komponenten: pair=0.03 + cluster_loss=0.00 + complexity=0.12 + cvd=0.00 + legend=0.00; 2 kollabierte Paare; RGB(85, 148, 190) vs RGB(227, 56, 68) (ΔE00=49.31, ΔL*=7.44, adj=1.00, leg=True); RGB(227, 56, 68) vs RGB(67, 107, 128) (ΔE00=46.43, ΔL*=8.51, adj=1."
10.1021_jacs.3c11515__bd25d692__p016__b01,10.1021_jacs.3c11515__bd25d692__p016__b01,10.1021_jacs.3c11515,10.1021_jacs.3c11515.pdf,16,1,"Pharmacology, Toxicology and Pharmaceutics/10.1021_jacs.3c11515/crops/10.1021_jacs.3c11515__bd25d692__p016__b01.png",yes,discrete,problematic,model,PROBLEMATIC,0.12,3,"V4 score=0.120 (thr=0.08); kein Pair kollabiert; globaler cluster_loss=0, n_color=7, komponenten: pair=0.00 + cluster_loss=0.00 + complexity=0.12 + cvd=0.00 + legend=0.00"
10.1021_jacs.3c11515__bd25d692__p016__b02,10.1021_jacs.3c11515__bd25d692__p016__b02,10.1021_jacs.3c11515,10.1021_jacs.3c11515.pdf,16,2,"Pharmacology, Toxicology and Pharmaceutics/10.1021_jacs.3c11515/crops/10.1021_jacs.3c11515__bd25d692__p016__b02.png",yes,discrete,accessible,model,ACCESSIBLE,0.0,4,"V4 score=0.000 (thr=0.16); kein Pair kollabiert; globaler cluster_loss=0, n_color=4, komponenten: pair=0.00 + cluster_loss=0.00 + complexity=0.00 + cvd=0.00 + legend=0.00"
10.1021_jacs.3c11515__bd25d692__p016__b03,10.1021_jacs.3c11515__bd25d692__p016__b03,10.1021_jacs.3c11515,10.1021_jacs.3c11515.pdf,16,3,"Pharmacology, Toxicology and Pharmaceutics/10.1021_jacs.3c11515/crops/10.1021_jacs.3c11515__bd25d692__p016__b03.png",yes,discrete,accessible,model,ACCESSIBLE,0.0,3,"V4 score=0.000 (thr=0.16); kein Pair kollabiert; globaler cluster_loss=0, n_color=3, komponenten: pair=0.00 + cluster_loss=0.00 + complexity=0.00 + cvd=0.00 + legend=0.00"
10.1021_jacs.3c11515__bd25d692__p017__b00,10.1021_jacs.3c11515__bd25d692__p017__b00,10.1021_jacs.3c11515,10.1021_jacs.3c11515.pdf,17,0,"Pharmacology, Toxicology and Pharmaceutics/10.1021_jacs.3c11515/crops/10.1021_jacs.3c11515__bd25d692__p017__b00.png",yes,discrete,accessible,model,ACCESSIBLE,0.0,0,Zu wenige chromatische Pixel (0) — keine Farbcodierung.
10.1038_s41586-024-08342-8__d9afc8ff__p002__b00,10.1038_s41586-024-08342-8__d9afc8ff__p002__b00,10.1038_s41586-024-08342-8,10.1038_s41586-024-08342-8.pdf,2,0,"Pharmacology, Toxicology and Pharmaceutics/10.1038_s41586-024-08342-8/crops/10.1038_s41586-024-08342-8__d9afc8ff__p002__b00.png",yes,discrete,problematic,model,PROBLEMATIC,0.392,6,"V4 score=0.392 (thr=0.16, cluster_loss=0); komponenten: pair=0.31 + cluster_loss=0.00 + complexity=0.08 + cvd=0.00 + legend=0.00; 2 kollabierte Paare; RGB(192, 206, 225) vs RGB(142, 183, 226) (ΔE00=11.18, ΔL*=9.32, adj=1.00, leg=True); RGB(122, 22, 68) vs RGB(0, 74, 142) (ΔE00=33.42, ΔL*=4.34, adj=1"
10.1038_s41586-024-08342-8__d9afc8ff__p003__b00,10.1038_s41586-024-08342-8__d9afc8ff__p003__b00,10.1038_s41586-024-08342-8,10.1038_s41586-024-08342-8.pdf,3,0,"Pharmacology, Toxicology and Pharmaceutics/10.1038_s41586-024-08342-8/crops/10.1038_s41586-024-08342-8__d9afc8ff__p003__b00.png",yes,discrete,accessible,model,ACCESSIBLE,0.0,2,Fast-Path: nur 2 Farb- / 2 Grayscale-Cluster.
10.1038_s41586-024-08342-8__d9afc8ff__p003__b01,10.1038_s41586-024-08342-8__d9afc8ff__p003__b01,10.1038_s41586-024-08342-8,10.1038_s41586-024-08342-8.pdf,3,1,"Pharmacology, Toxicology and Pharmaceutics/10.1038_s41586-024-08342-8/crops/10.1038_s41586-024-08342-8__d9afc8ff__p003__b01.png",yes,discrete,accessible,model,ACCESSIBLE,0.0,1,Fast-Path: nur 1 Farb- / 1 Grayscale-Cluster.
10.1038_s41586-024-08342-8__d9afc8ff__p003__b02,10.1038_s41586-024-08342-8__d9afc8ff__p003__b02,10.1038_s41586-024-08342-8,10.1038_s41586-024-08342-8.pdf,3,2,"Pharmacology, Toxicology and Pharmaceutics/10.1038_s41586-024-08342-8/crops/10.1038_s41586-024-08342-8__d9afc8ff__p003__b02.png",yes,discrete,accessible,model,ACCESSIBLE,0.0,1,Fast-Path: nur 1 Farb- / 1 Grayscale-Cluster.
10.1038_s41586-024-08342-8__d9afc8ff__p003__b03,10.1038_s41586-024-08342-8__d9afc8ff__p003__b03,10.1038_s41586-024-08342-8,10.1038_s41586-024-08342-8.pdf,3,3,"Pharmacology, Toxicology and Pharmaceutics/10.1038_s41586-024-08342-8/crops/10.1038_s41586-024-08342-8__d9afc8ff__p003__b03.png",yes,discrete,accessible,model,ACCESSIBLE,0.0,1,Fast-Path: nur 1 Farb- / 1 Grayscale-Cluster.
10.1038_s41586-024-08342-8__d9afc8ff__p003__b04,10.1038_s41586-024-08342-8__d9afc8ff__p003__b04,10.1038_s41586-024-08342-8,10.1038_s41586-024-08342-8.pdf,3,4,"Pharmacology, Toxicology and Pharmaceutics/10.1038_s41586-024-08342-8/crops/10.1038_s41586-024-08342-8__d9afc8ff__p003__b04.png",yes,discrete,problematic,model,PROBLEMATIC,0.726,7,"V4 score=0.726 (thr=0.08, cluster_loss=0); komponenten: pair=0.45 + cluster_loss=0.00 + complexity=0.28 + cvd=0.00 + legend=0.00; 4 kollabierte Paare; RGB(0, 83, 148) vs RGB(122, 22, 68) (ΔE00=35.76, ΔL*=7.23, adj=1.00, leg=True); RGB(0, 83, 148) vs RGB(43, 83, 245) (ΔE00=14.1, ΔL*=8.58, adj=1.00, l"
10.1038_s41586-024-08342-8__d9afc8ff__p003__b05,10.1038_s41586-024-08342-8__d9afc8ff__p003__b05,10.1038_s41586-024-08342-8,10.1038_s41586-024-08342-8.pdf,3,5,"Pharmacology, Toxicology and Pharmaceutics/10.1038_s41586-024-08342-8/crops/10.1038_s41586-024-08342-8__d9afc8ff__p003__b05.png",yes,discrete,problematic,model,PROBLEMATIC,0.756,8,"V4 score=0.756 (thr=0.08, cluster_loss=0); komponenten: pair=0.42 + cluster_loss=0.00 + complexity=0.28 + cvd=0.06 + legend=0.00; 5 kollabierte Paare; RGB(249, 251, 51) vs RGB(244, 246, 171) (ΔE00=13.16, ΔL*=0.58, adj=1.00, leg=True); RGB(249, 251, 51) vs RGB(224, 225, 170) (ΔE00=17.13, ΔL*=7.7, adj"
10.1038_s41586-024-08342-8__d9afc8ff__p005__b00,10.1038_s41586-024-08342-8__d9afc8ff__p005__b00,10.1038_s41586-024-08342-8,10.1038_s41586-024-08342-8.pdf,5,0,"Pharmacology, Toxicology and Pharmaceutics/10.1038_s41586-024-08342-8/crops/10.1038_s41586-024-08342-8__d9afc8ff__p005__b00.png",yes,discrete,accessible,model,ACCESSIBLE,0.0,2,Fast-Path: nur 2 Farb- / 2 Grayscale-Cluster.
10.1038_s41586-024-08342-8__d9afc8ff__p005__b01,10.1038_s41586-024-08342-8__d9afc8ff__p005__b01,10.1038_s41586-024-08342-8,10.1038_s41586-024-08342-8.pdf,5,1,"Pharmacology, Toxicology and Pharmaceutics/10.1038_s41586-024-08342-8/crops/10.1038_s41586-024-08342-8__d9afc8ff__p005__b01.png",yes,discrete,accessible,model,ACCESSIBLE,0.0,2,Fast-Path: nur 2 Farb- / 2 Grayscale-Cluster.
10.1038_s41586-024-08342-8__d9afc8ff__p005__b02,10.1038_s41586-024-08342-8__d9afc8ff__p005__b02,10.1038_s41586-024-08342-8,10.1038_s41586-024-08342-8.pdf,5,2,"Pharmacology, Toxicology and Pharmaceutics/10.1038_s41586-024-08342-8/crops/10.1038_s41586-024-08342-8__d9afc8ff__p005__b02.png",yes,discrete,accessible,model,ACCESSIBLE,0.112,6,"V4 score=0.112 (thr=0.16, cluster_loss=0); komponenten: pair=0.03 + cluster_loss=0.00 + complexity=0.08 + cvd=0.00 + legend=0.00; 1 kollabierte Paare; RGB(124, 25, 70) vs RGB(0, 76, 145) (ΔE00=33.97, ΔL*=4.51, adj=1.00, leg=True)"
10.1038_s41586-024-08342-8__d9afc8ff__p006__b00,10.1038_s41586-024-08342-8__d9afc8ff__p006__b00,10.1038_s41586-024-08342-8,10.1038_s41586-024-08342-8.pdf,6,0,"Pharmacology, Toxicology and Pharmaceutics/10.1038_s41586-024-08342-8/crops/10.1038_s41586-024-08342-8__d9afc8ff__p006__b00.png",yes,discrete,problematic,model,PROBLEMATIC,0.23,7,"V4 score=0.230 (thr=0.16, cluster_loss=0); komponenten: pair=0.07 + cluster_loss=0.00 + complexity=0.16 + cvd=0.00 + legend=0.00; 3 kollabierte Paare; RGB(0, 79, 146) vs RGB(124, 25, 70) (ΔE00=34.5, ΔL*=5.06, adj=1.00, leg=True); RGB(0, 79, 146) vs RGB(143, 59, 99) (ΔE00=32.57, ΔL*=4.86, adj=1.00, l"
10.1038_s41586-024-08342-8__d9afc8ff__p006__b01,10.1038_s41586-024-08342-8__d9afc8ff__p006__b01,10.1038_s41586-024-08342-8,10.1038_s41586-024-08342-8.pdf,6,1,"Pharmacology, Toxicology and Pharmaceutics/10.1038_s41586-024-08342-8/crops/10.1038_s41586-024-08342-8__d9afc8ff__p006__b01.png",yes,discrete,problematic,model,PROBLEMATIC,0.241,8,"V4 score=0.241 (thr=0.16, cluster_loss=0); komponenten: pair=0.08 + cluster_loss=0.00 + complexity=0.16 + cvd=0.00 + legend=0.00; 4 kollabierte Paare; RGB(0, 79, 146) vs RGB(124, 25, 70) (ΔE00=34.54, ΔL*=5.04, adj=1.00, leg=True); RGB(0, 79, 146) vs RGB(147, 69, 106) (ΔE00=32.36, ΔL*=7.58, adj=1.00,"
10.1038_s41586-024-08342-8__d9afc8ff__p007__b00,10.1038_s41586-024-08342-8__d9afc8ff__p007__b00,10.1038_s41586-024-08342-8,10.1038_s41586-024-08342-8.pdf,7,0,"Pharmacology, Toxicology and Pharmaceutics/10.1038_s41586-024-08342-8/crops/10.1038_s41586-024-08342-8__d9afc8ff__p007__b00.png",yes,discrete,problematic,model,PROBLEMATIC,0.365,8,"V4 score=0.365 (thr=0.06, cluster_loss=1); komponenten: pair=0.12 + cluster_loss=0.04 + complexity=0.20 + cvd=0.00 + legend=0.00; 5 kollabierte Paare; RGB(220, 231, 245) vs RGB(206, 204, 176) (ΔE00=19.31, ΔL*=9.66, adj=1.00, leg=True); RGB(0, 78, 146) vs RGB(124, 25, 70) (ΔE00=34.44, ΔL*=5.15, adj=1"
10.1038_s41586-024-08342-8__d9afc8ff__p007__b01,10.1038_s41586-024-08342-8__d9afc8ff__p007__b01,10.1038_s41586-024-08342-8,10.1038_s41586-024-08342-8.pdf,7,1,"Pharmacology, Toxicology and Pharmaceutics/10.1038_s41586-024-08342-8/crops/10.1038_s41586-024-08342-8__d9afc8ff__p007__b01.png",yes,discrete,problematic,model,PROBLEMATIC,0.272,8,"V4 score=0.272 (thr=0.08, cluster_loss=0); komponenten: pair=0.07 + cluster_loss=0.00 + complexity=0.20 + cvd=0.00 + legend=0.00; 3 kollabierte Paare; RGB(221, 231, 243) vs RGB(206, 204, 176) (ΔE00=19.15, ΔL*=9.47, adj=1.00, leg=True); RGB(0, 77, 146) vs RGB(124, 25, 70) (ΔE00=34.18, ΔL*=4.81, adj=1"
10.1039_d4sc02998d__ded2c896__p002__b00,10.1039_d4sc02998d__ded2c896__p002__b00,10.1039_d4sc02998d,10.1039_d4sc02998d.pdf,2,0,"Pharmacology, Toxicology and Pharmaceutics/10.1039_d4sc02998d/crops/10.1039_d4sc02998d__ded2c896__p002__b00.png",yes,discrete,problematic,model,PROBLEMATIC,0.462,4,"V4 score=0.462 (thr=0.16, cluster_loss=0); komponenten: pair=0.46 + cluster_loss=0.00 + complexity=0.00 + cvd=0.00 + legend=0.00; 3 kollabierte Paare; RGB(222, 253, 225) vs RGB(220, 224, 211) (ΔE00=11.53, ΔL*=7.91, adj=1.00, leg=True); RGB(222, 253, 225) vs RGB(248, 250, 130) (ΔE00=19.63, ΔL*=0.15, "
10.1039_d4sc02998d__ded2c896__p002__b01,10.1039_d4sc02998d__ded2c896__p002__b01,10.1039_d4sc02998d,10.1039_d4sc02998d.pdf,2,1,"Pharmacology, Toxicology and Pharmaceutics/10.1039_d4sc02998d/crops/10.1039_d4sc02998d__ded2c896__p002__b01.png",yes,discrete,problematic,model,PROBLEMATIC,0.266,5,"V4 score=0.266 (thr=0.16, cluster_loss=0); komponenten: pair=0.23 + cluster_loss=0.00 + complexity=0.04 + cvd=0.00 + legend=0.00; 3 kollabierte Paare; RGB(164, 183, 165) vs RGB(247, 191, 191) (ΔE00=33.91, ΔL*=9.44, adj=1.00, leg=True); RGB(164, 183, 165) vs RGB(139, 194, 247) (ΔE00=27.35, ΔL*=3.61, "
10.1039_d4sc02998d__ded2c896__p003__b00,10.1039_d4sc02998d__ded2c896__p003__b00,10.1039_d4sc02998d,10.1039_d4sc02998d.pdf,3,0,"Pharmacology, Toxicology and Pharmaceutics/10.1039_d4sc02998d/crops/10.1039_d4sc02998d__ded2c896__p003__b00.png",yes,discrete,problematic,model,PROBLEMATIC,0.21,5,"V4 score=0.210 (thr=0.06, cluster_loss=1); komponenten: pair=0.13 + cluster_loss=0.04 + complexity=0.04 + cvd=0.00 + legend=0.00; 3 kollabierte Paare; RGB(253, 219, 205) vs RGB(201, 254, 142) (ΔE00=33.0, ΔL*=4.21, adj=1.00, leg=True); RGB(253, 219, 205) vs RGB(231, 252, 228) (ΔE00=25.71, ΔL*=6.96, a"
10.1039_d4sc02998d__ded2c896__p004__b00,10.1039_d4sc02998d__ded2c896__p004__b00,10.1039_d4sc02998d,10.1039_d4sc02998d.pdf,4,0,"Pharmacology, Toxicology and Pharmaceutics/10.1039_d4sc02998d/crops/10.1039_d4sc02998d__ded2c896__p004__b00.png",yes,discrete,problematic,model,PROBLEMATIC,0.203,5,"V4 score=0.203 (thr=0.16, cluster_loss=0); komponenten: pair=0.04 + cluster_loss=0.00 + complexity=0.16 + cvd=0.00 + legend=0.00; 1 kollabierte Paare; RGB(230, 252, 230) vs RGB(250, 253, 132) (ΔE00=20.62, ΔL*=0.2, adj=0.30, leg=False)"
10.1039_d4sc02998d__ded2c896__p004__b01,10.1039_d4sc02998d__ded2c896__p004__b01,10.1039_d4sc02998d,10.1039_d4sc02998d.pdf,4,1,"Pharmacology, Toxicology and Pharmaceutics/10.1039_d4sc02998d/crops/10.1039_d4sc02998d__ded2c896__p004__b01.png",yes,discrete,problematic,model,PROBLEMATIC,0.63,7,"V4 score=0.630 (thr=0.16, cluster_loss=0); komponenten: pair=0.41 + cluster_loss=0.00 + complexity=0.16 + cvd=0.06 + legend=0.00; 4 kollabierte Paare; RGB(230, 252, 230) vs RGB(244, 230, 232) (ΔE00=21.68, ΔL*=4.51, adj=1.00, leg=True); RGB(244, 230, 232) vs RGB(216, 217, 170) (ΔE00=22.46, ΔL*=6.68, "
10.1039_d4sc02998d__ded2c896__p004__b02,10.1039_d4sc02998d__ded2c896__p004__b02,10.1039_d4sc02998d,10.1039_d4sc02998d.pdf,4,2,"Pharmacology, Toxicology and Pharmaceutics/10.1039_d4sc02998d/crops/10.1039_d4sc02998d__ded2c896__p004__b02.png",yes,discrete,problematic,model,PROBLEMATIC,0.406,5,"V4 score=0.406 (thr=0.08, cluster_loss=0); komponenten: pair=0.13 + cluster_loss=0.00 + complexity=0.28 + cvd=0.00 + legend=0.00; 1 kollabierte Paare; RGB(47, 55, 255) vs RGB(105, 108, 86) (ΔE00=51.1, ΔL*=5.84, adj=1.00, leg=True)"
10.1039_d4sc02998d__ded2c896__p004__b03,10.1039_d4sc02998d__ded2c896__p004__b03,10.1039_d4sc02998d,10.1039_d4sc02998d.pdf,4,3,"Pharmacology, Toxicology and Pharmaceutics/10.1039_d4sc02998d/crops/10.1039_d4sc02998d__ded2c896__p004__b03.png",yes,discrete,problematic,model,PROBLEMATIC,0.644,7,"V4 score=0.644 (thr=0.06, cluster_loss=2); komponenten: pair=0.20 + cluster_loss=0.08 + complexity=0.36 + cvd=0.00 + legend=0.00; 2 kollabierte Paare; RGB(230, 252, 230) vs RGB(235, 236, 254) (ΔE00=20.25, ΔL*=3.2, adj=1.00, leg=True); RGB(176, 188, 171) vs RGB(169, 172, 255) (ΔE00=32.23, ΔL*=2.07, a"
10.1039_d4sc02998d__ded2c896__p004__b04,10.1039_d4sc02998d__ded2c896__p004__b04,10.1039_d4sc02998d,10.1039_d4sc02998d.pdf,4,4,"Pharmacology, Toxicology and Pharmaceutics/10.1039_d4sc02998d/crops/10.1039_d4sc02998d__ded2c896__p004__b04.png",yes,discrete,problematic,model,PROBLEMATIC,0.72,7,"V4 score=0.720 (thr=0.06, cluster_loss=1); komponenten: pair=0.36 + cluster_loss=0.04 + complexity=0.32 + cvd=0.00 + legend=0.00; 3 kollabierte Paare; RGB(230, 252, 230) vs RGB(235, 236, 254) (ΔE00=20.2, ΔL*=3.25, adj=1.00, leg=True); RGB(184, 186, 255) vs RGB(159, 168, 153) (ΔE00=30.45, ΔL*=9.57, a"
10.1039_d4sc02998d__ded2c896__p004__b05,10.1039_d4sc02998d__ded2c896__p004__b05,10.1039_d4sc02998d,10.1039_d4sc02998d.pdf,4,5,"Pharmacology, Toxicology and Pharmaceutics/10.1039_d4sc02998d/crops/10.1039_d4sc02998d__ded2c896__p004__b05.png",yes,discrete,problematic,model,PROBLEMATIC,0.2,2,"V4 score=0.200 (thr=0.16); kein Pair kollabiert; globaler cluster_loss=0, n_color=9, komponenten: pair=0.00 + cluster_loss=0.00 + complexity=0.20 + cvd=0.00 + legend=0.00"
10.1039_d4su00152d__5cf953ce__p001__b00,10.1039_d4su00152d__5cf953ce__p001__b00,10.1039_d4su00152d,10.1039_d4su00152d.pdf,1,0,"Pharmacology, Toxicology and Pharmaceutics/10.1039_d4su00152d/crops/10.1039_d4su00152d__5cf953ce__p001__b00.png",yes,safe_gradient,n/a,model,,,,
10.1039_d4su00152d__5cf953ce__p001__b01,10.1039_d4su00152d__5cf953ce__p001__b01,10.1039_d4su00152d,10.1039_d4su00152d.pdf,1,1,"Pharmacology, Toxicology and Pharmaceutics/10.1039_d4su00152d/crops/10.1039_d4su00152d__5cf953ce__p001__b01.png",yes,discrete,accessible,model,ACCESSIBLE,0.0,2,Fast-Path: nur 2 Farb- / 2 Grayscale-Cluster.
10.1039_d4su00152d__5cf953ce__p001__b02,10.1039_d4su00152d__5cf953ce__p001__b02,10.1039_d4su00152d,10.1039_d4su00152d.pdf,1,2,"Pharmacology, Toxicology and Pharmaceutics/10.1039_d4su00152d/crops/10.1039_d4su00152d__5cf953ce__p001__b02.png",yes,discrete,accessible,model,ACCESSIBLE,0.04,5,"V4 score=0.040 (thr=0.16); kein Pair kollabiert; globaler cluster_loss=0, n_color=5, komponenten: pair=0.00 + cluster_loss=0.00 + complexity=0.04 + cvd=0.00 + legend=0.00"
10.1039_d4su00152d__5cf953ce__p003__b00,10.1039_d4su00152d__5cf953ce__p003__b00,10.1039_d4su00152d,10.1039_d4su00152d.pdf,3,0,"Pharmacology, Toxicology and Pharmaceutics/10.1039_d4su00152d/crops/10.1039_d4su00152d__5cf953ce__p003__b00.png",yes,discrete,accessible,model,ACCESSIBLE,0.0,1,Nach Spatial-Filter < 2 Farbregionen (1).
10.1039_d4su00152d__5cf953ce__p003__b01,10.1039_d4su00152d__5cf953ce__p003__b01,10.1039_d4su00152d,10.1039_d4su00152d.pdf,3,1,"Pharmacology, Toxicology and Pharmaceutics/10.1039_d4su00152d/crops/10.1039_d4su00152d__5cf953ce__p003__b01.png",yes,discrete,problematic,model,PROBLEMATIC,0.509,6,"V4 score=0.509 (thr=0.06, cluster_loss=1); komponenten: pair=0.39 + cluster_loss=0.04 + complexity=0.08 + cvd=0.00 + legend=0.00; 3 kollabierte Paare; RGB(236, 215, 208) vs RGB(232, 237, 240) (ΔE00=11.57, ΔL*=5.88, adj=1.00, leg=True); RGB(236, 215, 208) vs RGB(201, 220, 246) (ΔE00=18.46, ΔL*=0.43, "
10.1039_d4su00152d__5cf953ce__p005__b00,10.1039_d4su00152d__5cf953ce__p005__b00,10.1039_d4su00152d,10.1039_d4su00152d.pdf,5,0,"Pharmacology, Toxicology and Pharmaceutics/10.1039_d4su00152d/crops/10.1039_d4su00152d__5cf953ce__p005__b00.png",yes,discrete,accessible,model,ACCESSIBLE,0.0,1,Fast-Path: nur 1 Farb- / 1 Grayscale-Cluster.
10.1039_d4su00152d__5cf953ce__p006__b00,10.1039_d4su00152d__5cf953ce__p006__b00,10.1039_d4su00152d,10.1039_d4su00152d.pdf,6,0,"Pharmacology, Toxicology and Pharmaceutics/10.1039_d4su00152d/crops/10.1039_d4su00152d__5cf953ce__p006__b00.png",yes,discrete,problematic,model,PROBLEMATIC,0.75,8,"V4 score=0.750 (thr=0.08, cluster_loss=0); komponenten: pair=0.33 + cluster_loss=0.00 + complexity=0.36 + cvd=0.06 + legend=0.00; 5 kollabierte Paare; RGB(228, 137, 41) vs RGB(213, 179, 32) (ΔE00=19.75, ΔL*=8.3, adj=1.00, leg=True); RGB(25, 110, 34) vs RGB(55, 135, 30) (ΔE00=10.03, ΔL*=9.6, adj=1.00"
10.1039_d4su00152d__5cf953ce__p007__b00,10.1039_d4su00152d__5cf953ce__p007__b00,10.1039_d4su00152d,10.1039_d4su00152d.pdf,7,0,"Pharmacology, Toxicology and Pharmaceutics/10.1039_d4su00152d/crops/10.1039_d4su00152d__5cf953ce__p007__b00.png",yes,discrete,accessible,model,ACCESSIBLE,0.0,2,Fast-Path: nur 2 Farb- / 2 Grayscale-Cluster.
10.1039_d4su00152d__5cf953ce__p013__b00,10.1039_d4su00152d__5cf953ce__p013__b00,10.1039_d4su00152d,10.1039_d4su00152d.pdf,13,0,"Pharmacology, Toxicology and Pharmaceutics/10.1039_d4su00152d/crops/10.1039_d4su00152d__5cf953ce__p013__b00.png",yes,discrete,accessible,model,ACCESSIBLE,0.038,3,"V4 score=0.038 (thr=0.16, cluster_loss=0); komponenten: pair=0.04 + cluster_loss=0.00 + complexity=0.00 + cvd=0.00 + legend=0.00; 1 kollabierte Paare; RGB(248, 228, 214) vs RGB(245, 196, 169) (ΔE00=10.52, ΔL*=9.17, adj=1.00, leg=True)"
10.1186_s12916-024-03274-6__13762b03__p001__b00,10.1186_s12916-024-03274-6__13762b03__p001__b00,10.1186_s12916-024-03274-6,10.1186_s12916-024-03274-6.pdf,1,0,"Pharmacology, Toxicology and Pharmaceutics/10.1186_s12916-024-03274-6/crops/10.1186_s12916-024-03274-6__13762b03__p001__b00.png",yes,rainbow_gradient,n/a,model,,,,
10.1186_s12916-024-03274-6__13762b03__p002__b00,10.1186_s12916-024-03274-6__13762b03__p002__b00,10.1186_s12916-024-03274-6,10.1186_s12916-024-03274-6.pdf,2,0,"Pharmacology, Toxicology and Pharmaceutics/10.1186_s12916-024-03274-6/crops/10.1186_s12916-024-03274-6__13762b03__p002__b00.png",yes,discrete,accessible,model,ACCESSIBLE,0.04,4,"V4 score=0.040 (thr=0.16); kein Pair kollabiert; globaler cluster_loss=0, n_color=5, komponenten: pair=0.00 + cluster_loss=0.00 + complexity=0.04 + cvd=0.00 + legend=0.00"
10.1186_s12916-024-03274-6__13762b03__p006__b00,10.1186_s12916-024-03274-6__13762b03__p006__b00,10.1186_s12916-024-03274-6,10.1186_s12916-024-03274-6.pdf,6,0,"Pharmacology, Toxicology and Pharmaceutics/10.1186_s12916-024-03274-6/crops/10.1186_s12916-024-03274-6__13762b03__p006__b00.png",yes,discrete,accessible,model,ACCESSIBLE,0.0,0,Zu wenige chromatische Pixel (0) — keine Farbcodierung.
10.1186_s12916-024-03274-6__13762b03__p007__b00,10.1186_s12916-024-03274-6__13762b03__p007__b00,10.1186_s12916-024-03274-6,10.1186_s12916-024-03274-6.pdf,7,0,"Pharmacology, Toxicology and Pharmaceutics/10.1186_s12916-024-03274-6/crops/10.1186_s12916-024-03274-6__13762b03__p007__b00.png",yes,discrete,accessible,model,ACCESSIBLE,0.0,0,Zu wenige chromatische Pixel (0) — keine Farbcodierung.
10.1186_s12916-024-03274-6__13762b03__p007__b01,10.1186_s12916-024-03274-6__13762b03__p007__b01,10.1186_s12916-024-03274-6,10.1186_s12916-024-03274-6.pdf,7,1,"Pharmacology, Toxicology and Pharmaceutics/10.1186_s12916-024-03274-6/crops/10.1186_s12916-024-03274-6__13762b03__p007__b01.png",yes,discrete,accessible,model,ACCESSIBLE,0.0,0,Zu wenige chromatische Pixel (0) — keine Farbcodierung.
10.1186_s12916-024-03274-6__13762b03__p007__b02,10.1186_s12916-024-03274-6__13762b03__p007__b02,10.1186_s12916-024-03274-6,10.1186_s12916-024-03274-6.pdf,7,2,"Pharmacology, Toxicology and Pharmaceutics/10.1186_s12916-024-03274-6/crops/10.1186_s12916-024-03274-6__13762b03__p007__b02.png",yes,discrete,accessible,model,ACCESSIBLE,0.0,0,Zu wenige chromatische Pixel (0) — keine Farbcodierung.
10.1186_s12916-024-03274-6__13762b03__p007__b03,10.1186_s12916-024-03274-6__13762b03__p007__b03,10.1186_s12916-024-03274-6,10.1186_s12916-024-03274-6.pdf,7,3,"Pharmacology, Toxicology and Pharmaceutics/10.1186_s12916-024-03274-6/crops/10.1186_s12916-024-03274-6__13762b03__p007__b03.png",yes,discrete,accessible,model,ACCESSIBLE,0.0,0,Nach Spatial-Filter < 2 Farbregionen (0).
10.1186_s12916-024-03274-6__13762b03__p007__b04,10.1186_s12916-024-03274-6__13762b03__p007__b04,10.1186_s12916-024-03274-6,10.1186_s12916-024-03274-6.pdf,7,4,"Pharmacology, Toxicology and Pharmaceutics/10.1186_s12916-024-03274-6/crops/10.1186_s12916-024-03274-6__13762b03__p007__b04.png",yes,rainbow_gradient,n/a,model,,,,
10.1186_s12916-024-03274-6__13762b03__p007__b05,10.1186_s12916-024-03274-6__13762b03__p007__b05,10.1186_s12916-024-03274-6,10.1186_s12916-024-03274-6.pdf,7,5,"Pharmacology, Toxicology and Pharmaceutics/10.1186_s12916-024-03274-6/crops/10.1186_s12916-024-03274-6__13762b03__p007__b05.png",yes,rainbow_gradient,n/a,model,,,,
10.1186_s12916-024-03274-6__13762b03__p007__b06,10.1186_s12916-024-03274-6__13762b03__p007__b06,10.1186_s12916-024-03274-6,10.1186_s12916-024-03274-6.pdf,7,6,"Pharmacology, Toxicology and Pharmaceutics/10.1186_s12916-024-03274-6/crops/10.1186_s12916-024-03274-6__13762b03__p007__b06.png",yes,rainbow_gradient,n/a,model,,,,
10.1186_s12916-024-03274-6__13762b03__p007__b07,10.1186_s12916-024-03274-6__13762b03__p007__b07,10.1186_s12916-024-03274-6,10.1186_s12916-024-03274-6.pdf,7,7,"Pharmacology, Toxicology and Pharmaceutics/10.1186_s12916-024-03274-6/crops/10.1186_s12916-024-03274-6__13762b03__p007__b07.png",yes,rainbow_gradient,n/a,model,,,,
10.1186_s12916-024-03274-6__13762b03__p008__b00,10.1186_s12916-024-03274-6__13762b03__p008__b00,10.1186_s12916-024-03274-6,10.1186_s12916-024-03274-6.pdf,8,0,"Pharmacology, Toxicology and Pharmaceutics/10.1186_s12916-024-03274-6/crops/10.1186_s12916-024-03274-6__13762b03__p008__b00.png",yes,discrete,accessible,model,ACCESSIBLE,0.0,0,Zu wenige chromatische Pixel (0) — keine Farbcodierung.
10.1186_s12951-023-02253-y__b4ec0e5e__p002__b00,10.1186_s12951-023-02253-y__b4ec0e5e__p002__b00,10.1186_s12951-023-02253-y,10.1186_s12951-023-02253-y.pdf,2,0,"Pharmacology, Toxicology and Pharmaceutics/10.1186_s12951-023-02253-y/crops/10.1186_s12951-023-02253-y__b4ec0e5e__p002__b00.png",yes,discrete,problematic,model,PROBLEMATIC,0.654,8,"V4 score=0.654 (thr=0.06, cluster_loss=3); komponenten: pair=0.37 + cluster_loss=0.12 + complexity=0.16 + cvd=0.00 + legend=0.00; 10 kollabierte Paare; RGB(172, 229, 205) vs RGB(153, 212, 241) (ΔE00=21.41, ΔL*=4.93, adj=0.30, leg=False); RGB(172, 229, 205) vs RGB(253, 215, 154) (ΔE00=26.81, ΔL*=1.14"
10.1186_s12951-023-02253-y__b4ec0e5e__p002__b01,10.1186_s12951-023-02253-y__b4ec0e5e__p002__b01,10.1186_s12951-023-02253-y,10.1186_s12951-023-02253-y.pdf,2,1,"Pharmacology, Toxicology and Pharmaceutics/10.1186_s12951-023-02253-y/crops/10.1186_s12951-023-02253-y__b4ec0e5e__p002__b01.png",yes,discrete,problematic,model,PROBLEMATIC,0.651,8,"V4 score=0.651 (thr=0.06, cluster_loss=3); komponenten: pair=0.37 + cluster_loss=0.12 + complexity=0.16 + cvd=0.00 + legend=0.00; 10 kollabierte Paare; RGB(172, 229, 205) vs RGB(153, 212, 241) (ΔE00=21.39, ΔL*=4.96, adj=0.30, leg=False); RGB(172, 229, 205) vs RGB(253, 215, 154) (ΔE00=26.82, ΔL*=1.09"
10.1186_s12951-023-02253-y__b4ec0e5e__p003__b00,10.1186_s12951-023-02253-y__b4ec0e5e__p003__b00,10.1186_s12951-023-02253-y,10.1186_s12951-023-02253-y.pdf,3,0,"Pharmacology, Toxicology and Pharmaceutics/10.1186_s12951-023-02253-y/crops/10.1186_s12951-023-02253-y__b4ec0e5e__p003__b00.png",yes,discrete,accessible,model,ACCESSIBLE,0.087,5,"V4 score=0.087 (thr=0.16, cluster_loss=0); komponenten: pair=0.05 + cluster_loss=0.00 + complexity=0.04 + cvd=0.00 + legend=0.00; 1 kollabierte Paare; RGB(9, 175, 82) vs RGB(252, 145, 19) (ΔE00=51.21, ΔL*=7.41, adj=1.00, leg=True)"
10.1186_s12951-023-02253-y__b4ec0e5e__p003__b01,10.1186_s12951-023-02253-y__b4ec0e5e__p003__b01,10.1186_s12951-023-02253-y,10.1186_s12951-023-02253-y.pdf,3,1,"Pharmacology, Toxicology and Pharmaceutics/10.1186_s12951-023-02253-y/crops/10.1186_s12951-023-02253-y__b4ec0e5e__p003__b01.png",yes,rainbow_gradient,n/a,model,,,,
10.1186_s12951-023-02253-y__b4ec0e5e__p005__b00,10.1186_s12951-023-02253-y__b4ec0e5e__p005__b00,10.1186_s12951-023-02253-y,10.1186_s12951-023-02253-y.pdf,5,0,"Pharmacology, Toxicology and Pharmaceutics/10.1186_s12951-023-02253-y/crops/10.1186_s12951-023-02253-y__b4ec0e5e__p005__b00.png",yes,discrete,accessible,model,ACCESSIBLE,0.0,1,Nach Spatial-Filter < 2 Farbregionen (1).
10.1186_s12951-023-02253-y__b4ec0e5e__p010__b00,10.1186_s12951-023-02253-y__b4ec0e5e__p010__b00,10.1186_s12951-023-02253-y,10.1186_s12951-023-02253-y.pdf,10,0,"Pharmacology, Toxicology and Pharmaceutics/10.1186_s12951-023-02253-y/crops/10.1186_s12951-023-02253-y__b4ec0e5e__p010__b00.png",yes,discrete,problematic,model,PROBLEMATIC,0.52,6,Fast-Path: cluster_loss=4 (≥4) — 6 Farb-Cluster kollabieren auf 2 Grayscale-Cluster.
10.1186_s12951-023-02253-y__b4ec0e5e__p013__b00,10.1186_s12951-023-02253-y__b4ec0e5e__p013__b00,10.1186_s12951-023-02253-y,10.1186_s12951-023-02253-y.pdf,13,0,"Pharmacology, Toxicology and Pharmaceutics/10.1186_s12951-023-02253-y/crops/10.1186_s12951-023-02253-y__b4ec0e5e__p013__b00.png",yes,discrete,accessible,model,ACCESSIBLE,0.08,3,"V4 score=0.080 (thr=0.16); kein Pair kollabiert; globaler cluster_loss=0, n_color=6, komponenten: pair=0.00 + cluster_loss=0.00 + complexity=0.08 + cvd=0.00 + legend=0.00"
10.1186_s12951-023-02253-y__b4ec0e5e__p015__b00,10.1186_s12951-023-02253-y__b4ec0e5e__p015__b00,10.1186_s12951-023-02253-y,10.1186_s12951-023-02253-y.pdf,15,0,"Pharmacology, Toxicology and Pharmaceutics/10.1186_s12951-023-02253-y/crops/10.1186_s12951-023-02253-y__b4ec0e5e__p015__b00.png",yes,discrete,accessible,model,ACCESSIBLE,0.0,0,Zu wenige chromatische Pixel (0) — keine Farbcodierung.
10.1186_s12951-023-02253-y__b4ec0e5e__p015__b01,10.1186_s12951-023-02253-y__b4ec0e5e__p015__b01,10.1186_s12951-023-02253-y,10.1186_s12951-023-02253-y.pdf,15,1,"Pharmacology, Toxicology and Pharmaceutics/10.1186_s12951-023-02253-y/crops/10.1186_s12951-023-02253-y__b4ec0e5e__p015__b01.png",yes,discrete,accessible,model,ACCESSIBLE,0.0,0,Zu wenige chromatische Pixel (0) — keine Farbcodierung.
10.1186_s12951-023-02253-y__b4ec0e5e__p017__b00,10.1186_s12951-023-02253-y__b4ec0e5e__p017__b00,10.1186_s12951-023-02253-y,10.1186_s12951-023-02253-y.pdf,17,0,"Pharmacology, Toxicology and Pharmaceutics/10.1186_s12951-023-02253-y/crops/10.1186_s12951-023-02253-y__b4ec0e5e__p017__b00.png",yes,discrete,accessible,model,ACCESSIBLE,0.0,0,Zu wenige chromatische Pixel (0) — keine Farbcodierung.
10.1371_journal.pmed.1004565__df52bea2__p006__b00,10.1371_journal.pmed.1004565__df52bea2__p006__b00,10.1371_journal.pmed.1004565,10.1371_journal.pmed.1004565.pdf,6,0,"Pharmacology, Toxicology and Pharmaceutics/10.1371_journal.pmed.1004565/crops/10.1371_journal.pmed.1004565__df52bea2__p006__b00.png",yes,rainbow_gradient,n/a,model,,,,
10.1371_journal.pmed.1004565__df52bea2__p007__b00,10.1371_journal.pmed.1004565__df52bea2__p007__b00,10.1371_journal.pmed.1004565,10.1371_journal.pmed.1004565.pdf,7,0,"Pharmacology, Toxicology and Pharmaceutics/10.1371_journal.pmed.1004565/crops/10.1371_journal.pmed.1004565__df52bea2__p007__b00.png",yes,rainbow_gradient,n/a,model,,,,
10.1371_journal.pmed.1004565__df52bea2__p007__b01,10.1371_journal.pmed.1004565__df52bea2__p007__b01,10.1371_journal.pmed.1004565,10.1371_journal.pmed.1004565.pdf,7,1,"Pharmacology, Toxicology and Pharmaceutics/10.1371_journal.pmed.1004565/crops/10.1371_journal.pmed.1004565__df52bea2__p007__b01.png",yes,rainbow_gradient,n/a,model,,,,
10.1371_journal.pmed.1004565__df52bea2__p007__b02,10.1371_journal.pmed.1004565__df52bea2__p007__b02,10.1371_journal.pmed.1004565,10.1371_journal.pmed.1004565.pdf,7,2,"Pharmacology, Toxicology and Pharmaceutics/10.1371_journal.pmed.1004565/crops/10.1371_journal.pmed.1004565__df52bea2__p007__b02.png",yes,discrete,problematic,model,PROBLEMATIC,0.366,5,"V4 score=0.366 (thr=0.08, cluster_loss=0); komponenten: pair=0.27 + cluster_loss=0.00 + complexity=0.04 + cvd=0.06 + legend=0.00; 2 kollabierte Paare; RGB(240, 161, 132) vs RGB(223, 164, 60) (ΔE00=19.53, ΔL*=2.13, adj=1.00, leg=True); RGB(198, 102, 40) vs RGB(191, 124, 165) (ΔE00=33.41, ΔL*=6.35, ad"
10.1371_journal.pmed.1004565__df52bea2__p009__b00,10.1371_journal.pmed.1004565__df52bea2__p009__b00,10.1371_journal.pmed.1004565,10.1371_journal.pmed.1004565.pdf,9,0,"Pharmacology, Toxicology and Pharmaceutics/10.1371_journal.pmed.1004565/crops/10.1371_journal.pmed.1004565__df52bea2__p009__b00.png",yes,discrete,problematic,model,PROBLEMATIC,0.329,6,"V4 score=0.329 (thr=0.06, cluster_loss=1); komponenten: pair=0.21 + cluster_loss=0.04 + complexity=0.08 + cvd=0.00 + legend=0.00; 4 kollabierte Paare; RGB(198, 109, 162) vs RGB(66, 174, 232) (ΔE00=47.57, ΔL*=9.44, adj=0.31, leg=False); RGB(198, 109, 162) vs RGB(208, 83, 2) (ΔE00=36.31, ΔL*=6.57, adj"
10.1371_journal.pmed.1004565__df52bea2__p010__b00,10.1371_journal.pmed.1004565__df52bea2__p010__b00,10.1371_journal.pmed.1004565,10.1371_journal.pmed.1004565.pdf,10,0,"Pharmacology, Toxicology and Pharmaceutics/10.1371_journal.pmed.1004565/crops/10.1371_journal.pmed.1004565__df52bea2__p010__b00.png",yes,discrete,problematic,model,PROBLEMATIC,0.711,6,"V4 score=0.711 (thr=0.06, cluster_loss=1); komponenten: pair=0.59 + cluster_loss=0.04 + complexity=0.08 + cvd=0.00 + legend=0.00; 6 kollabierte Paare; RGB(161, 203, 83) vs RGB(227, 160, 12) (ΔE00=29.22, ΔL*=6.22, adj=1.00, leg=True); RGB(227, 160, 12) vs RGB(188, 129, 163) (ΔE00=45.44, ΔL*=9.75, adj"
10.1371_journal.pmed.1004565__df52bea2__p011__b00,10.1371_journal.pmed.1004565__df52bea2__p011__b00,10.1371_journal.pmed.1004565,10.1371_journal.pmed.1004565.pdf,11,0,"Pharmacology, Toxicology and Pharmaceutics/10.1371_journal.pmed.1004565/crops/10.1371_journal.pmed.1004565__df52bea2__p011__b00.png",yes,discrete,accessible,model,ACCESSIBLE,0.0,1,Weniger als 2 signifikante Farbcluster (1).
10.1371_journal.pmed.1004565__df52bea2__p011__b01,10.1371_journal.pmed.1004565__df52bea2__p011__b01,10.1371_journal.pmed.1004565,10.1371_journal.pmed.1004565.pdf,11,1,"Pharmacology, Toxicology and Pharmaceutics/10.1371_journal.pmed.1004565/crops/10.1371_journal.pmed.1004565__df52bea2__p011__b01.png",yes,discrete,accessible,model,ACCESSIBLE,0.0,2,"V4 score=0.000 (thr=0.16); kein Pair kollabiert; globaler cluster_loss=0, n_color=2, komponenten: pair=0.00 + cluster_loss=0.00 + complexity=0.00 + cvd=0.00 + legend=0.00"
10.1371_journal.pmed.1004565__df52bea2__p011__b02,10.1371_journal.pmed.1004565__df52bea2__p011__b02,10.1371_journal.pmed.1004565,10.1371_journal.pmed.1004565.pdf,11,2,"Pharmacology, Toxicology and Pharmaceutics/10.1371_journal.pmed.1004565/crops/10.1371_journal.pmed.1004565__df52bea2__p011__b02.png",yes,discrete,accessible,model,ACCESSIBLE,0.0,2,"V4 score=0.000 (thr=0.16); kein Pair kollabiert; globaler cluster_loss=0, n_color=2, komponenten: pair=0.00 + cluster_loss=0.00 + complexity=0.00 + cvd=0.00 + legend=0.00"
10.1371_journal.pmed.1004565__df52bea2__p012__b00,10.1371_journal.pmed.1004565__df52bea2__p012__b00,10.1371_journal.pmed.1004565,10.1371_journal.pmed.1004565.pdf,12,0,"Pharmacology, Toxicology and Pharmaceutics/10.1371_journal.pmed.1004565/crops/10.1371_journal.pmed.1004565__df52bea2__p012__b00.png",yes,discrete,accessible,model,ACCESSIBLE,0.0,2,"V4 score=0.000 (thr=0.16); kein Pair kollabiert; globaler cluster_loss=0, n_color=4, komponenten: pair=0.00 + cluster_loss=0.00 + complexity=0.00 + cvd=0.00 + legend=0.00"
10.14218_fim.2023.00086__08cb2143__p003__b00,10.14218_fim.2023.00086__08cb2143__p003__b00,10.14218_fim.2023.00086,10.14218_fim.2023.00086.pdf,3,0,"Pharmacology, Toxicology and Pharmaceutics/10.14218_fim.2023.00086/crops/10.14218_fim.2023.00086__08cb2143__p003__b00.png",yes,discrete,accessible,model,ACCESSIBLE,0.0,1,Weniger als 2 signifikante Farbcluster (1).
10.14218_fim.2023.00086__08cb2143__p006__b00,10.14218_fim.2023.00086__08cb2143__p006__b00,10.14218_fim.2023.00086,10.14218_fim.2023.00086.pdf,6,0,"Pharmacology, Toxicology and Pharmaceutics/10.14218_fim.2023.00086/crops/10.14218_fim.2023.00086__08cb2143__p006__b00.png",yes,discrete,accessible,model,ACCESSIBLE,0.077,3,"V4 score=0.077 (thr=0.16, cluster_loss=0); komponenten: pair=0.08 + cluster_loss=0.00 + complexity=0.00 + cvd=0.00 + legend=0.00; 1 kollabierte Paare; RGB(194, 198, 145) vs RGB(226, 169, 117) (ΔE00=19.56, ΔL*=5.09, adj=1.00, leg=True)"
10.14218_fim.2023.00086__08cb2143__p007__b00,10.14218_fim.2023.00086__08cb2143__p007__b00,10.14218_fim.2023.00086,10.14218_fim.2023.00086.pdf,7,0,"Pharmacology, Toxicology and Pharmaceutics/10.14218_fim.2023.00086/crops/10.14218_fim.2023.00086__08cb2143__p007__b00.png",yes,discrete,accessible,model,ACCESSIBLE,0.0,4,"V4 score=0.000 (thr=0.16); kein Pair kollabiert; globaler cluster_loss=0, n_color=4, komponenten: pair=0.00 + cluster_loss=0.00 + complexity=0.00 + cvd=0.00 + legend=0.00"
10.14218_fim.2023.00086__08cb2143__p009__b00,10.14218_fim.2023.00086__08cb2143__p009__b00,10.14218_fim.2023.00086,10.14218_fim.2023.00086.pdf,9,0,"Pharmacology, Toxicology and Pharmaceutics/10.14218_fim.2023.00086/crops/10.14218_fim.2023.00086__08cb2143__p009__b00.png",yes,discrete,problematic,model,PROBLEMATIC,0.6,11,Fast-Path: cluster_loss=5 (≥4) — 11 Farb-Cluster kollabieren auf 6 Grayscale-Cluster.
10.14218_fim.2023.00086__08cb2143__p009__b01,10.14218_fim.2023.00086__08cb2143__p009__b01,10.14218_fim.2023.00086,10.14218_fim.2023.00086.pdf,9,1,"Pharmacology, Toxicology and Pharmaceutics/10.14218_fim.2023.00086/crops/10.14218_fim.2023.00086__08cb2143__p009__b01.png",yes,discrete,problematic,model,PROBLEMATIC,0.962,8,"V4 score=0.962 (thr=0.06, cluster_loss=2); komponenten: pair=0.58 + cluster_loss=0.08 + complexity=0.24 + cvd=0.06 + legend=0.00; 7 kollabierte Paare; RGB(154, 94, 72) vs RGB(190, 75, 84) (ΔE00=13.27, ΔL*=1.9, adj=1.00, leg=True); RGB(157, 112, 78) vs RGB(190, 75, 84) (ΔE00=20.11, ΔL*=3.06, adj=1.00"
10.15585_mmwr.mm7348a2__28e4f625__p001__b00,10.15585_mmwr.mm7348a2__28e4f625__p001__b00,10.15585_mmwr.mm7348a2,10.15585_mmwr.mm7348a2.pdf,1,0,"Pharmacology, Toxicology and Pharmaceutics/10.15585_mmwr.mm7348a2/crops/10.15585_mmwr.mm7348a2__28e4f625__p001__b00.png",yes,discrete,accessible,model,ACCESSIBLE,0.08,2,"V4 score=0.080 (thr=0.16); kein Pair kollabiert; globaler cluster_loss=0, n_color=6, komponenten: pair=0.00 + cluster_loss=0.00 + complexity=0.08 + cvd=0.00 + legend=0.00"
10.15585_mmwr.mm7348a2__28e4f625__p003__b00,10.15585_mmwr.mm7348a2__28e4f625__p003__b00,10.15585_mmwr.mm7348a2,10.15585_mmwr.mm7348a2.pdf,3,0,"Pharmacology, Toxicology and Pharmaceutics/10.15585_mmwr.mm7348a2/crops/10.15585_mmwr.mm7348a2__28e4f625__p003__b00.png",yes,discrete,accessible,model,ACCESSIBLE,0.0,2,Fast-Path: nur 2 Farb- / 2 Grayscale-Cluster.
10.15585_mmwr.mm7348a2__28e4f625__p004__b00,10.15585_mmwr.mm7348a2__28e4f625__p004__b00,10.15585_mmwr.mm7348a2,10.15585_mmwr.mm7348a2.pdf,4,0,"Pharmacology, Toxicology and Pharmaceutics/10.15585_mmwr.mm7348a2/crops/10.15585_mmwr.mm7348a2__28e4f625__p004__b00.png",yes,discrete,accessible,model,ACCESSIBLE,0.0,3,"V4 score=0.000 (thr=0.08); kein Pair kollabiert; globaler cluster_loss=0, n_color=3, komponenten: pair=0.00 + cluster_loss=0.00 + complexity=0.00 + cvd=0.00 + legend=0.00"
10.15585_mmwr.mm7348a2__28e4f625__p004__b01,10.15585_mmwr.mm7348a2__28e4f625__p004__b01,10.15585_mmwr.mm7348a2,10.15585_mmwr.mm7348a2.pdf,4,1,"Pharmacology, Toxicology and Pharmaceutics/10.15585_mmwr.mm7348a2/crops/10.15585_mmwr.mm7348a2__28e4f625__p004__b01.png",yes,discrete,accessible,model,ACCESSIBLE,0.0,2,Fast-Path: nur 2 Farb- / 2 Grayscale-Cluster.
10.15585_mmwr.mm7348a2__28e4f625__p004__b02,10.15585_mmwr.mm7348a2__28e4f625__p004__b02,10.15585_mmwr.mm7348a2,10.15585_mmwr.mm7348a2.pdf,4,2,"Pharmacology, Toxicology and Pharmaceutics/10.15585_mmwr.mm7348a2/crops/10.15585_mmwr.mm7348a2__28e4f625__p004__b02.png",yes,discrete,accessible,model,ACCESSIBLE,0.0,2,Fast-Path: nur 2 Farb- / 2 Grayscale-Cluster.
10.15585_mmwr.mm7348a2__28e4f625__p004__b03,10.15585_mmwr.mm7348a2__28e4f625__p004__b03,10.15585_mmwr.mm7348a2,10.15585_mmwr.mm7348a2.pdf,4,3,"Pharmacology, Toxicology and Pharmaceutics/10.15585_mmwr.mm7348a2/crops/10.15585_mmwr.mm7348a2__28e4f625__p004__b03.png",yes,discrete,accessible,model,ACCESSIBLE,0.0,3,"V4 score=0.000 (thr=0.16); kein Pair kollabiert; globaler cluster_loss=0, n_color=3, komponenten: pair=0.00 + cluster_loss=0.00 + complexity=0.00 + cvd=0.00 + legend=0.00"
10.15585_mmwr.mm7348a2__28e4f625__p005__b00,10.15585_mmwr.mm7348a2__28e4f625__p005__b00,10.15585_mmwr.mm7348a2,10.15585_mmwr.mm7348a2.pdf,5,0,"Pharmacology, Toxicology and Pharmaceutics/10.15585_mmwr.mm7348a2/crops/10.15585_mmwr.mm7348a2__28e4f625__p005__b00.png",yes,discrete,accessible,model,ACCESSIBLE,0.04,4,"V4 score=0.040 (thr=0.06); kein Pair kollabiert; globaler cluster_loss=1, n_color=4, komponenten: pair=0.00 + cluster_loss=0.04 + complexity=0.00 + cvd=0.00 + legend=0.00"
10.15585_mmwr.mm7348a2__28e4f625__p005__b01,10.15585_mmwr.mm7348a2__28e4f625__p005__b01,10.15585_mmwr.mm7348a2,10.15585_mmwr.mm7348a2.pdf,5,1,"Pharmacology, Toxicology and Pharmaceutics/10.15585_mmwr.mm7348a2/crops/10.15585_mmwr.mm7348a2__28e4f625__p005__b01.png",yes,discrete,accessible,model,ACCESSIBLE,0.0,4,"V4 score=0.000 (thr=0.08); kein Pair kollabiert; globaler cluster_loss=0, n_color=4, komponenten: pair=0.00 + cluster_loss=0.00 + complexity=0.00 + cvd=0.00 + legend=0.00"
10.15585_mmwr.mm7348a2__28e4f625__p006__b00,10.15585_mmwr.mm7348a2__28e4f625__p006__b00,10.15585_mmwr.mm7348a2,10.15585_mmwr.mm7348a2.pdf,6,0,"Pharmacology, Toxicology and Pharmaceutics/10.15585_mmwr.mm7348a2/crops/10.15585_mmwr.mm7348a2__28e4f625__p006__b00.png",yes,rainbow_gradient,n/a,model,,,,
10.25040_ntsh2025.01.16__38f0305e__p001__b00,10.25040_ntsh2025.01.16__38f0305e__p001__b00,10.25040_ntsh2025.01.16,10.25040_ntsh2025.01.16.pdf,1,0,"Pharmacology, Toxicology and Pharmaceutics/10.25040_ntsh2025.01.16/crops/10.25040_ntsh2025.01.16__38f0305e__p001__b00.png",yes,safe_gradient,n/a,model,,,,
10.25040_ntsh2025.01.16__38f0305e__p001__b01,10.25040_ntsh2025.01.16__38f0305e__p001__b01,10.25040_ntsh2025.01.16,10.25040_ntsh2025.01.16.pdf,1,1,"Pharmacology, Toxicology and Pharmaceutics/10.25040_ntsh2025.01.16/crops/10.25040_ntsh2025.01.16__38f0305e__p001__b01.png",yes,safe_gradient,n/a,model,,,,
10.25040_ntsh2025.01.16__38f0305e__p004__b00,10.25040_ntsh2025.01.16__38f0305e__p004__b00,10.25040_ntsh2025.01.16,10.25040_ntsh2025.01.16.pdf,4,0,"Pharmacology, Toxicology and Pharmaceutics/10.25040_ntsh2025.01.16/crops/10.25040_ntsh2025.01.16__38f0305e__p004__b00.png",yes,discrete,accessible,model,ACCESSIBLE,0.04,3,"V4 score=0.040 (thr=0.06); kein Pair kollabiert; globaler cluster_loss=1, n_color=3, komponenten: pair=0.00 + cluster_loss=0.04 + complexity=0.00 + cvd=0.00 + legend=0.00"
10.25040_ntsh2025.01.16__38f0305e__p006__b00,10.25040_ntsh2025.01.16__38f0305e__p006__b00,10.25040_ntsh2025.01.16,10.25040_ntsh2025.01.16.pdf,6,0,"Pharmacology, Toxicology and Pharmaceutics/10.25040_ntsh2025.01.16/crops/10.25040_ntsh2025.01.16__38f0305e__p006__b00.png",yes,discrete,accessible,model,ACCESSIBLE,0.0,2,"V4 score=0.000 (thr=0.16); kein Pair kollabiert; globaler cluster_loss=0, n_color=2, komponenten: pair=0.00 + cluster_loss=0.00 + complexity=0.00 + cvd=0.00 + legend=0.00"
10.25040_ntsh2025.01.16__38f0305e__p007__b00,10.25040_ntsh2025.01.16__38f0305e__p007__b00,10.25040_ntsh2025.01.16,10.25040_ntsh2025.01.16.pdf,7,0,"Pharmacology, Toxicology and Pharmaceutics/10.25040_ntsh2025.01.16/crops/10.25040_ntsh2025.01.16__38f0305e__p007__b00.png",yes,discrete,accessible,model,ACCESSIBLE,0.0,3,"V4 score=0.000 (thr=0.08); kein Pair kollabiert; globaler cluster_loss=0, n_color=3, komponenten: pair=0.00 + cluster_loss=0.00 + complexity=0.00 + cvd=0.00 + legend=0.00"
10.25040_ntsh2025.01.16__38f0305e__p008__b00,10.25040_ntsh2025.01.16__38f0305e__p008__b00,10.25040_ntsh2025.01.16,10.25040_ntsh2025.01.16.pdf,8,0,"Pharmacology, Toxicology and Pharmaceutics/10.25040_ntsh2025.01.16/crops/10.25040_ntsh2025.01.16__38f0305e__p008__b00.png",yes,discrete,accessible,model,ACCESSIBLE,0.0,3,"V4 score=0.000 (thr=0.08); kein Pair kollabiert; globaler cluster_loss=0, n_color=3, komponenten: pair=0.00 + cluster_loss=0.00 + complexity=0.00 + cvd=0.00 + legend=0.00"
10.25040_ntsh2025.01.16__38f0305e__p009__b00,10.25040_ntsh2025.01.16__38f0305e__p009__b00,10.25040_ntsh2025.01.16,10.25040_ntsh2025.01.16.pdf,9,0,"Pharmacology, Toxicology and Pharmaceutics/10.25040_ntsh2025.01.16/crops/10.25040_ntsh2025.01.16__38f0305e__p009__b00.png",yes,safe_gradient,n/a,model,,,,
10.25040_ntsh2025.01.16__38f0305e__p010__b00,10.25040_ntsh2025.01.16__38f0305e__p010__b00,10.25040_ntsh2025.01.16,10.25040_ntsh2025.01.16.pdf,10,0,"Pharmacology, Toxicology and Pharmaceutics/10.25040_ntsh2025.01.16/crops/10.25040_ntsh2025.01.16__38f0305e__p010__b00.png",yes,discrete,accessible,model,ACCESSIBLE,0.0,3,"V4 score=0.000 (thr=0.08); kein Pair kollabiert; globaler cluster_loss=0, n_color=3, komponenten: pair=0.00 + cluster_loss=0.00 + complexity=0.00 + cvd=0.00 + legend=0.00"
10.25040_ntsh2025.01.16__38f0305e__p011__b00,10.25040_ntsh2025.01.16__38f0305e__p011__b00,10.25040_ntsh2025.01.16,10.25040_ntsh2025.01.16.pdf,11,0,"Pharmacology, Toxicology and Pharmaceutics/10.25040_ntsh2025.01.16/crops/10.25040_ntsh2025.01.16__38f0305e__p011__b00.png",yes,discrete,accessible,model,ACCESSIBLE,0.0,0,Zu wenige chromatische Pixel (0) — keine Farbcodierung.
10.25040_ntsh2025.01.16__38f0305e__p011__b01,10.25040_ntsh2025.01.16__38f0305e__p011__b01,10.25040_ntsh2025.01.16,10.25040_ntsh2025.01.16.pdf,11,1,"Pharmacology, Toxicology and Pharmaceutics/10.25040_ntsh2025.01.16/crops/10.25040_ntsh2025.01.16__38f0305e__p011__b01.png",yes,discrete,problematic,model,PROBLEMATIC,0.282,5,"V4 score=0.282 (thr=0.06, cluster_loss=2); komponenten: pair=0.16 + cluster_loss=0.08 + complexity=0.04 + cvd=0.00 + legend=0.00; 4 kollabierte Paare; RGB(240, 238, 201) vs RGB(210, 228, 245) (ΔE00=22.58, ΔL*=3.72, adj=0.30, leg=False); RGB(240, 238, 201) vs RGB(185, 218, 168) (ΔE00=12.29, ΔL*=9.95,"
10.25040_ntsh2025.01.16__38f0305e__p011__b02,10.25040_ntsh2025.01.16__38f0305e__p011__b02,10.25040_ntsh2025.01.16,10.25040_ntsh2025.01.16.pdf,11,2,"Pharmacology, Toxicology and Pharmaceutics/10.25040_ntsh2025.01.16/crops/10.25040_ntsh2025.01.16__38f0305e__p011__b02.png",yes,discrete,accessible,model,ACCESSIBLE,0.054,4,"V4 score=0.054 (thr=0.06, cluster_loss=1); komponenten: pair=0.01 + cluster_loss=0.04 + complexity=0.00 + cvd=0.00 + legend=0.00; 3 kollabierte Paare; RGB(244, 201, 172) vs RGB(178, 196, 230) (ΔE00=28.5, ΔL*=5.1, adj=0.04, leg=False); RGB(244, 201, 172) vs RGB(253, 227, 154) (ΔE00=15.63, ΔL*=7.07, a"
10.3389_fchem.2024.1336717__7fe56570__p003__b00,10.3389_fchem.2024.1336717__7fe56570__p003__b00,10.3389_fchem.2024.1336717,10.3389_fchem.2024.1336717.pdf,3,0,"Pharmacology, Toxicology and Pharmaceutics/10.3389_fchem.2024.1336717/crops/10.3389_fchem.2024.1336717__7fe56570__p003__b00.png",yes,discrete,problematic,model,PROBLEMATIC,0.104,4,"V4 score=0.104 (thr=0.08, cluster_loss=0); komponenten: pair=0.10 + cluster_loss=0.00 + complexity=0.00 + cvd=0.00 + legend=0.00; 2 kollabierte Paare; RGB(231, 245, 252) vs RGB(245, 213, 179) (ΔE00=21.84, ΔL*=8.85, adj=1.00, leg=True); RGB(245, 213, 179) vs RGB(239, 186, 171) (ΔE00=12.42, ΔL*=7.1, a"
10.3389_fchem.2024.1336717__7fe56570__p003__b01,10.3389_fchem.2024.1336717__7fe56570__p003__b01,10.3389_fchem.2024.1336717,10.3389_fchem.2024.1336717.pdf,3,1,"Pharmacology, Toxicology and Pharmaceutics/10.3389_fchem.2024.1336717/crops/10.3389_fchem.2024.1336717__7fe56570__p003__b01.png",yes,safe_gradient,n/a,model,,,,
10.3389_fchem.2024.1336717__7fe56570__p003__b02,10.3389_fchem.2024.1336717__7fe56570__p003__b02,10.3389_fchem.2024.1336717,10.3389_fchem.2024.1336717.pdf,3,2,"Pharmacology, Toxicology and Pharmaceutics/10.3389_fchem.2024.1336717/crops/10.3389_fchem.2024.1336717__7fe56570__p003__b02.png",yes,safe_gradient,n/a,model,,,,
10.3389_fchem.2024.1336717__7fe56570__p004__b00,10.3389_fchem.2024.1336717__7fe56570__p004__b00,10.3389_fchem.2024.1336717,10.3389_fchem.2024.1336717.pdf,4,0,"Pharmacology, Toxicology and Pharmaceutics/10.3389_fchem.2024.1336717/crops/10.3389_fchem.2024.1336717__7fe56570__p004__b00.png",yes,discrete,accessible,model,ACCESSIBLE,0.0,3,"V4 score=0.000 (thr=0.16); kein Pair kollabiert; globaler cluster_loss=0, n_color=3, komponenten: pair=0.00 + cluster_loss=0.00 + complexity=0.00 + cvd=0.00 + legend=0.00"
10.3389_fchem.2024.1336717__7fe56570__p004__b01,10.3389_fchem.2024.1336717__7fe56570__p004__b01,10.3389_fchem.2024.1336717,10.3389_fchem.2024.1336717.pdf,4,1,"Pharmacology, Toxicology and Pharmaceutics/10.3389_fchem.2024.1336717/crops/10.3389_fchem.2024.1336717__7fe56570__p004__b01.png",yes,discrete,problematic,model,PROBLEMATIC,0.338,5,"V4 score=0.338 (thr=0.06, cluster_loss=1); komponenten: pair=0.22 + cluster_loss=0.04 + complexity=0.08 + cvd=0.00 + legend=0.00; 2 kollabierte Paare; RGB(248, 240, 248) vs RGB(204, 216, 235) (ΔE00=10.41, ΔL*=9.46, adj=1.00, leg=True); RGB(152, 180, 218) vs RGB(253, 149, 149) (ΔE00=33.93, ΔL*=0.07, "
10.3389_fchem.2024.1336717__7fe56570__p004__b02,10.3389_fchem.2024.1336717__7fe56570__p004__b02,10.3389_fchem.2024.1336717,10.3389_fchem.2024.1336717.pdf,4,2,"Pharmacology, Toxicology and Pharmaceutics/10.3389_fchem.2024.1336717/crops/10.3389_fchem.2024.1336717__7fe56570__p004__b02.png",yes,discrete,problematic,model,PROBLEMATIC,0.08,5,"V4 score=0.080 (thr=0.08, cluster_loss=0); komponenten: pair=0.00 + cluster_loss=0.00 + complexity=0.08 + cvd=0.00 + legend=0.00; 1 kollabierte Paare; RGB(144, 174, 217) vs RGB(252, 126, 125) (ΔE00=37.27, ΔL*=2.74, adj=0.00, leg=False)"
10.3389_fchem.2024.1336717__7fe56570__p004__b03,10.3389_fchem.2024.1336717__7fe56570__p004__b03,10.3389_fchem.2024.1336717,10.3389_fchem.2024.1336717.pdf,4,3,"Pharmacology, Toxicology and Pharmaceutics/10.3389_fchem.2024.1336717/crops/10.3389_fchem.2024.1336717__7fe56570__p004__b03.png",yes,discrete,accessible,model,ACCESSIBLE,0.0,1,Nach Spatial-Filter < 2 Farbregionen (1).
10.3389_fchem.2024.1336717__7fe56570__p005__b00,10.3389_fchem.2024.1336717__7fe56570__p005__b00,10.3389_fchem.2024.1336717,10.3389_fchem.2024.1336717.pdf,5,0,"Pharmacology, Toxicology and Pharmaceutics/10.3389_fchem.2024.1336717/crops/10.3389_fchem.2024.1336717__7fe56570__p005__b00.png",yes,discrete,accessible,model,ACCESSIBLE,0.09,5,"V4 score=0.090 (thr=0.16, cluster_loss=0); komponenten: pair=0.05 + cluster_loss=0.00 + complexity=0.04 + cvd=0.00 + legend=0.00; 2 kollabierte Paare; RGB(231, 144, 144) vs RGB(155, 194, 232) (ΔE00=35.66, ΔL*=8.43, adj=0.00, leg=False); RGB(251, 175, 167) vs RGB(155, 194, 232) (ΔE00=34.06, ΔL*=1.39,"
10.3389_fchem.2024.1336717__7fe56570__p006__b00,10.3389_fchem.2024.1336717__7fe56570__p006__b00,10.3389_fchem.2024.1336717,10.3389_fchem.2024.1336717.pdf,6,0,"Pharmacology, Toxicology and Pharmaceutics/10.3389_fchem.2024.1336717/crops/10.3389_fchem.2024.1336717__7fe56570__p006__b00.png",yes,discrete,accessible,model,ACCESSIBLE,0.04,2,"V4 score=0.040 (thr=0.16); kein Pair kollabiert; globaler cluster_loss=0, n_color=5, komponenten: pair=0.00 + cluster_loss=0.00 + complexity=0.04 + cvd=0.00 + legend=0.00"
10.3389_fchem.2024.1336717__7fe56570__p007__b00,10.3389_fchem.2024.1336717__7fe56570__p007__b00,10.3389_fchem.2024.1336717,10.3389_fchem.2024.1336717.pdf,7,0,"Pharmacology, Toxicology and Pharmaceutics/10.3389_fchem.2024.1336717/crops/10.3389_fchem.2024.1336717__7fe56570__p007__b00.png",yes,discrete,problematic,model,PROBLEMATIC,0.612,8,"V4 score=0.612 (thr=0.16, cluster_loss=0); komponenten: pair=0.41 + cluster_loss=0.00 + complexity=0.20 + cvd=0.00 + legend=0.00; 5 kollabierte Paare; RGB(247, 190, 164) vs RGB(253, 194, 13) (ΔE00=24.69, ΔL*=0.1, adj=1.00, leg=True); RGB(0, 146, 161) vs RGB(188, 149, 71) (ΔE00=39.64, ΔL*=8.6, adj=1."
10.3389_fchem.2024.1336717__7fe56570__p007__b01,10.3389_fchem.2024.1336717__7fe56570__p007__b01,10.3389_fchem.2024.1336717,10.3389_fchem.2024.1336717.pdf,7,1,"Pharmacology, Toxicology and Pharmaceutics/10.3389_fchem.2024.1336717/crops/10.3389_fchem.2024.1336717__7fe56570__p007__b01.png",yes,rainbow_gradient,n/a,model,,,,
10.3389_fchem.2024.1336717__7fe56570__p008__b00,10.3389_fchem.2024.1336717__7fe56570__p008__b00,10.3389_fchem.2024.1336717,10.3389_fchem.2024.1336717.pdf,8,0,"Pharmacology, Toxicology and Pharmaceutics/10.3389_fchem.2024.1336717/crops/10.3389_fchem.2024.1336717__7fe56570__p008__b00.png",yes,discrete,problematic,model,PROBLEMATIC,0.602,5,"V4 score=0.602 (thr=0.08, cluster_loss=0); komponenten: pair=0.50 + cluster_loss=0.00 + complexity=0.04 + cvd=0.06 + legend=0.00; 5 kollabierte Paare; RGB(252, 191, 192) vs RGB(209, 230, 233) (ΔE00=28.41, ΔL*=6.89, adj=1.00, leg=True); RGB(252, 191, 192) vs RGB(254, 205, 88) (ΔE00=32.45, ΔL*=1.7, ad"
10.3389_fchem.2024.1336717__7fe56570__p009__b00,10.3389_fchem.2024.1336717__7fe56570__p009__b00,10.3389_fchem.2024.1336717,10.3389_fchem.2024.1336717.pdf,9,0,"Pharmacology, Toxicology and Pharmaceutics/10.3389_fchem.2024.1336717/crops/10.3389_fchem.2024.1336717__7fe56570__p009__b00.png",yes,discrete,accessible,model,ACCESSIBLE,0.0,1,Nach Spatial-Filter < 2 Farbregionen (1).
10.3389_fchem.2024.1336717__7fe56570__p010__b00,10.3389_fchem.2024.1336717__7fe56570__p010__b00,10.3389_fchem.2024.1336717,10.3389_fchem.2024.1336717.pdf,10,0,"Pharmacology, Toxicology and Pharmaceutics/10.3389_fchem.2024.1336717/crops/10.3389_fchem.2024.1336717__7fe56570__p010__b00.png",yes,discrete,accessible,model,ACCESSIBLE,0.0,1,Nach Spatial-Filter < 2 Farbregionen (1).
10.3389_fchem.2024.1336717__7fe56570__p011__b00,10.3389_fchem.2024.1336717__7fe56570__p011__b00,10.3389_fchem.2024.1336717,10.3389_fchem.2024.1336717.pdf,11,0,"Pharmacology, Toxicology and Pharmaceutics/10.3389_fchem.2024.1336717/crops/10.3389_fchem.2024.1336717__7fe56570__p011__b00.png",yes,discrete,accessible,model,ACCESSIBLE,0.08,2,"V4 score=0.080 (thr=0.16); kein Pair kollabiert; globaler cluster_loss=0, n_color=6, komponenten: pair=0.00 + cluster_loss=0.00 + complexity=0.08 + cvd=0.00 + legend=0.00"
10.3389_fendo.2024.1330936__4df52967__p004__b00,10.3389_fendo.2024.1330936__4df52967__p004__b00,10.3389_fendo.2024.1330936,10.3389_fendo.2024.1330936.pdf,4,0,"Pharmacology, Toxicology and Pharmaceutics/10.3389_fendo.2024.1330936/crops/10.3389_fendo.2024.1330936__4df52967__p004__b00.png",yes,discrete,problematic,model,PROBLEMATIC,0.555,8,"V4 score=0.555 (thr=0.16, cluster_loss=0); komponenten: pair=0.28 + cluster_loss=0.00 + complexity=0.28 + cvd=0.00 + legend=0.00; 2 kollabierte Paare; RGB(153, 156, 166) vs RGB(157, 165, 231) (ΔE00=16.23, ΔL*=5.24, adj=1.00, leg=True); RGB(174, 177, 186) vs RGB(157, 165, 231) (ΔE00=16.26, ΔL*=2.56, "
10.3389_fendo.2024.1330936__4df52967__p005__b00,10.3389_fendo.2024.1330936__4df52967__p005__b00,10.3389_fendo.2024.1330936,10.3389_fendo.2024.1330936.pdf,5,0,"Pharmacology, Toxicology and Pharmaceutics/10.3389_fendo.2024.1330936/crops/10.3389_fendo.2024.1330936__4df52967__p005__b00.png",yes,discrete,accessible,model,ACCESSIBLE,0.0,0,Zu wenige chromatische Pixel (0) — keine Farbcodierung.
10.3389_fendo.2024.1330936__4df52967__p005__b01,10.3389_fendo.2024.1330936__4df52967__p005__b01,10.3389_fendo.2024.1330936,10.3389_fendo.2024.1330936.pdf,5,1,"Pharmacology, Toxicology and Pharmaceutics/10.3389_fendo.2024.1330936/crops/10.3389_fendo.2024.1330936__4df52967__p005__b01.png",yes,discrete,accessible,model,ACCESSIBLE,0.0,0,Zu wenige chromatische Pixel (0) — keine Farbcodierung.
10.3389_fendo.2024.1330936__4df52967__p005__b02,10.3389_fendo.2024.1330936__4df52967__p005__b02,10.3389_fendo.2024.1330936,10.3389_fendo.2024.1330936.pdf,5,2,"Pharmacology, Toxicology and Pharmaceutics/10.3389_fendo.2024.1330936/crops/10.3389_fendo.2024.1330936__4df52967__p005__b02.png",yes,discrete,accessible,model,ACCESSIBLE,0.0,0,Zu wenige chromatische Pixel (0) — keine Farbcodierung.
10.3389_fendo.2024.1330936__4df52967__p007__b00,10.3389_fendo.2024.1330936__4df52967__p007__b00,10.3389_fendo.2024.1330936,10.3389_fendo.2024.1330936.pdf,7,0,"Pharmacology, Toxicology and Pharmaceutics/10.3389_fendo.2024.1330936/crops/10.3389_fendo.2024.1330936__4df52967__p007__b00.png",yes,discrete,accessible,model,ACCESSIBLE,0.0,0,Zu wenige chromatische Pixel (0) — keine Farbcodierung.
10.3389_fendo.2024.1330936__4df52967__p008__b00,10.3389_fendo.2024.1330936__4df52967__p008__b00,10.3389_fendo.2024.1330936,10.3389_fendo.2024.1330936.pdf,8,0,"Pharmacology, Toxicology and Pharmaceutics/10.3389_fendo.2024.1330936/crops/10.3389_fendo.2024.1330936__4df52967__p008__b00.png",yes,discrete,problematic,model,PROBLEMATIC,0.52,11,Fast-Path: cluster_loss=4 (≥4) — 11 Farb-Cluster kollabieren auf 7 Grayscale-Cluster.
10.3389_fendo.2024.1330936__4df52967__p009__b00,10.3389_fendo.2024.1330936__4df52967__p009__b00,10.3389_fendo.2024.1330936,10.3389_fendo.2024.1330936.pdf,9,0,"Pharmacology, Toxicology and Pharmaceutics/10.3389_fendo.2024.1330936/crops/10.3389_fendo.2024.1330936__4df52967__p009__b00.png",yes,discrete,problematic,model,PROBLEMATIC,0.337,6,"V4 score=0.337 (thr=0.06, cluster_loss=1); komponenten: pair=0.22 + cluster_loss=0.04 + complexity=0.08 + cvd=0.00 + legend=0.00; 3 kollabierte Paare; RGB(41, 118, 181) vs RGB(197, 90, 18) (ΔE00=46.92, ΔL*=3.06, adj=1.00, leg=True); RGB(189, 215, 237) vs RGB(241, 220, 207) (ΔE00=21.35, ΔL*=4.44, adj"
10.3389_fendo.2024.1330936__4df52967__p009__b01,10.3389_fendo.2024.1330936__4df52967__p009__b01,10.3389_fendo.2024.1330936,10.3389_fendo.2024.1330936.pdf,9,1,"Pharmacology, Toxicology and Pharmaceutics/10.3389_fendo.2024.1330936/crops/10.3389_fendo.2024.1330936__4df52967__p009__b01.png",yes,discrete,accessible,model,ACCESSIBLE,0.0,0,Nach Spatial-Filter < 2 Farbregionen (0).
10.1103_physrevd.111.023532__cbb7d7e6__p008__b00,10.1103_physrevd.111.023532__cbb7d7e6__p008__b00,10.1103_physrevd.111.023532,10.1103_physrevd.111.023532.pdf,8,0,Physics and Astronomy/10.1103_physrevd.111.023532/crops/10.1103_physrevd.111.023532__cbb7d7e6__p008__b00.png,yes,discrete,problematic,model,PROBLEMATIC,0.84,16,Fast-Path: cluster_loss=8 (≥4) — 16 Farb-Cluster kollabieren auf 8 Grayscale-Cluster.
10.1103_physrevd.111.023532__cbb7d7e6__p008__b01,10.1103_physrevd.111.023532__cbb7d7e6__p008__b01,10.1103_physrevd.111.023532,10.1103_physrevd.111.023532.pdf,8,1,Physics and Astronomy/10.1103_physrevd.111.023532/crops/10.1103_physrevd.111.023532__cbb7d7e6__p008__b01.png,yes,discrete,problematic,model,PROBLEMATIC,0.815,7,"V4 score=0.815 (thr=0.08, cluster_loss=0); komponenten: pair=0.56 + cluster_loss=0.00 + complexity=0.20 + cvd=0.06 + legend=0.00; 6 kollabierte Paare; RGB(149, 199, 225) vs RGB(140, 206, 197) (ΔE00=15.25, ΔL*=0.77, adj=1.00, leg=True); RGB(149, 199, 225) vs RGB(246, 210, 163) (ΔE00=33.17, ΔL*=8.47, "
10.1103_physrevd.111.023532__cbb7d7e6__p008__b02,10.1103_physrevd.111.023532__cbb7d7e6__p008__b02,10.1103_physrevd.111.023532,10.1103_physrevd.111.023532.pdf,8,2,Physics and Astronomy/10.1103_physrevd.111.023532/crops/10.1103_physrevd.111.023532__cbb7d7e6__p008__b02.png,yes,discrete,problematic,model,PROBLEMATIC,0.873,7,"V4 score=0.873 (thr=0.06, cluster_loss=1); komponenten: pair=0.65 + cluster_loss=0.04 + complexity=0.12 + cvd=0.06 + legend=0.00; 8 kollabierte Paare; RGB(191, 222, 234) vs RGB(254, 183, 99) (ΔE00=34.44, ΔL*=7.16, adj=1.00, leg=True); RGB(191, 222, 234) vs RGB(252, 226, 194) (ΔE00=24.39, ΔL*=4.61, a"
10.1103_physrevd.111.023532__cbb7d7e6__p009__b00,10.1103_physrevd.111.023532__cbb7d7e6__p009__b00,10.1103_physrevd.111.023532,10.1103_physrevd.111.023532.pdf,9,0,Physics and Astronomy/10.1103_physrevd.111.023532/crops/10.1103_physrevd.111.023532__cbb7d7e6__p009__b00.png,yes,discrete,problematic,model,PROBLEMATIC,0.76,16,Fast-Path: cluster_loss=7 (≥4) — 16 Farb-Cluster kollabieren auf 9 Grayscale-Cluster.
10.1103_physrevd.111.023532__cbb7d7e6__p009__b01,10.1103_physrevd.111.023532__cbb7d7e6__p009__b01,10.1103_physrevd.111.023532,10.1103_physrevd.111.023532.pdf,9,1,Physics and Astronomy/10.1103_physrevd.111.023532/crops/10.1103_physrevd.111.023532__cbb7d7e6__p009__b01.png,yes,discrete,problematic,model,PROBLEMATIC,0.815,6,"V4 score=0.815 (thr=0.06, cluster_loss=3); komponenten: pair=0.35 + cluster_loss=0.12 + complexity=0.28 + cvd=0.06 + legend=0.00; 4 kollabierte Paare; RGB(254, 145, 21) vs RGB(199, 124, 189) (ΔE00=47.09, ΔL*=8.51, adj=0.09, leg=False); RGB(199, 124, 189) vs RGB(61, 149, 196) (ΔE00=39.24, ΔL*=3.39, a"
10.1103_physrevd.111.023532__cbb7d7e6__p009__b02,10.1103_physrevd.111.023532__cbb7d7e6__p009__b02,10.1103_physrevd.111.023532,10.1103_physrevd.111.023532.pdf,9,2,Physics and Astronomy/10.1103_physrevd.111.023532/crops/10.1103_physrevd.111.023532__cbb7d7e6__p009__b02.png,yes,discrete,problematic,model,PROBLEMATIC,0.296,5,"V4 score=0.296 (thr=0.08, cluster_loss=0); komponenten: pair=0.20 + cluster_loss=0.00 + complexity=0.04 + cvd=0.06 + legend=0.00; 2 kollabierte Paare; RGB(151, 199, 223) vs RGB(142, 207, 200) (ΔE00=14.75, ΔL*=1.07, adj=0.30, leg=False); RGB(0, 115, 178) vs RGB(2, 151, 125) (ΔE00=33.02, ΔL*=9.63, adj"
10.1103_physrevd.111.023532__cbb7d7e6__p009__b03,10.1103_physrevd.111.023532__cbb7d7e6__p009__b03,10.1103_physrevd.111.023532,10.1103_physrevd.111.023532.pdf,9,3,Physics and Astronomy/10.1103_physrevd.111.023532/crops/10.1103_physrevd.111.023532__cbb7d7e6__p009__b03.png,yes,discrete,problematic,model,PROBLEMATIC,0.333,7,"V4 score=0.333 (thr=0.06, cluster_loss=1); komponenten: pair=0.11 + cluster_loss=0.04 + complexity=0.12 + cvd=0.06 + legend=0.00; 8 kollabierte Paare; RGB(149, 199, 225) vs RGB(139, 206, 199) (ΔE00=14.61, ΔL*=0.77, adj=0.30, leg=False); RGB(149, 199, 225) vs RGB(232, 203, 160) (ΔE00=31.4, ΔL*=5.41, "
10.1103_physrevd.111.023532__cbb7d7e6__p010__b00,10.1103_physrevd.111.023532__cbb7d7e6__p010__b00,10.1103_physrevd.111.023532,10.1103_physrevd.111.023532.pdf,10,0,Physics and Astronomy/10.1103_physrevd.111.023532/crops/10.1103_physrevd.111.023532__cbb7d7e6__p010__b00.png,yes,discrete,problematic,model,PROBLEMATIC,0.832,7,"V4 score=0.832 (thr=0.06, cluster_loss=2); komponenten: pair=0.57 + cluster_loss=0.08 + complexity=0.12 + cvd=0.06 + legend=0.00; 8 kollabierte Paare; RGB(191, 222, 234) vs RGB(254, 183, 99) (ΔE00=34.73, ΔL*=6.93, adj=1.00, leg=True); RGB(191, 222, 234) vs RGB(252, 226, 194) (ΔE00=24.52, ΔL*=4.75, a"
10.1103_physrevd.111.023532__cbb7d7e6__p011__b00,10.1103_physrevd.111.023532__cbb7d7e6__p011__b00,10.1103_physrevd.111.023532,10.1103_physrevd.111.023532.pdf,11,0,Physics and Astronomy/10.1103_physrevd.111.023532/crops/10.1103_physrevd.111.023532__cbb7d7e6__p011__b00.png,yes,discrete,problematic,model,PROBLEMATIC,0.76,14,Fast-Path: cluster_loss=7 (≥4) — 14 Farb-Cluster kollabieren auf 7 Grayscale-Cluster.
10.1103_physrevd.111.023532__cbb7d7e6__p011__b01,10.1103_physrevd.111.023532__cbb7d7e6__p011__b01,10.1103_physrevd.111.023532,10.1103_physrevd.111.023532.pdf,11,1,Physics and Astronomy/10.1103_physrevd.111.023532/crops/10.1103_physrevd.111.023532__cbb7d7e6__p011__b01.png,yes,discrete,problematic,model,PROBLEMATIC,0.52,10,Fast-Path: cluster_loss=4 (≥4) — 10 Farb-Cluster kollabieren auf 6 Grayscale-Cluster.
10.1103_physrevd.111.023532__cbb7d7e6__p011__b02,10.1103_physrevd.111.023532__cbb7d7e6__p011__b02,10.1103_physrevd.111.023532,10.1103_physrevd.111.023532.pdf,11,2,Physics and Astronomy/10.1103_physrevd.111.023532/crops/10.1103_physrevd.111.023532__cbb7d7e6__p011__b02.png,yes,discrete,problematic,model,PROBLEMATIC,0.875,8,"V4 score=0.875 (thr=0.06, cluster_loss=3); komponenten: pair=0.55 + cluster_loss=0.12 + complexity=0.20 + cvd=0.00 + legend=0.00; 10 kollabierte Paare; RGB(190, 222, 235) vs RGB(252, 226, 194) (ΔE00=24.64, ΔL*=4.9, adj=1.00, leg=True); RGB(190, 222, 235) vs RGB(254, 183, 99) (ΔE00=34.96, ΔL*=6.87, a"
10.1103_physrevd.111.023532__cbb7d7e6__p012__b00,10.1103_physrevd.111.023532__cbb7d7e6__p012__b00,10.1103_physrevd.111.023532,10.1103_physrevd.111.023532.pdf,12,0,Physics and Astronomy/10.1103_physrevd.111.023532/crops/10.1103_physrevd.111.023532__cbb7d7e6__p012__b00.png,yes,discrete,accessible,model,ACCESSIBLE,0.0,0,Zu wenige chromatische Pixel (0) — keine Farbcodierung.
10.1103_physrevd.111.023532__cbb7d7e6__p015__b00,10.1103_physrevd.111.023532__cbb7d7e6__p015__b00,10.1103_physrevd.111.023532,10.1103_physrevd.111.023532.pdf,15,0,Physics and Astronomy/10.1103_physrevd.111.023532/crops/10.1103_physrevd.111.023532__cbb7d7e6__p015__b00.png,yes,rainbow_gradient,n/a,model,,,,
10.1103_physrevd.111.023532__cbb7d7e6__p016__b00,10.1103_physrevd.111.023532__cbb7d7e6__p016__b00,10.1103_physrevd.111.023532,10.1103_physrevd.111.023532.pdf,16,0,Physics and Astronomy/10.1103_physrevd.111.023532/crops/10.1103_physrevd.111.023532__cbb7d7e6__p016__b00.png,yes,discrete,problematic,model,PROBLEMATIC,0.479,7,"V4 score=0.479 (thr=0.06, cluster_loss=1); komponenten: pair=0.26 + cluster_loss=0.04 + complexity=0.12 + cvd=0.06 + legend=0.00; 8 kollabierte Paare; RGB(149, 199, 225) vs RGB(210, 203, 191) (ΔE00=20.85, ΔL*=4.05, adj=0.30, leg=False); RGB(149, 199, 225) vs RGB(229, 189, 156) (ΔE00=31.26, ΔL*=1.32,"
10.1103_physrevd.111.023532__cbb7d7e6__p016__b01,10.1103_physrevd.111.023532__cbb7d7e6__p016__b01,10.1103_physrevd.111.023532,10.1103_physrevd.111.023532.pdf,16,1,Physics and Astronomy/10.1103_physrevd.111.023532/crops/10.1103_physrevd.111.023532__cbb7d7e6__p016__b01.png,yes,discrete,problematic,model,PROBLEMATIC,0.903,7,"V4 score=0.903 (thr=0.06, cluster_loss=1); komponenten: pair=0.68 + cluster_loss=0.04 + complexity=0.12 + cvd=0.06 + legend=0.00; 8 kollabierte Paare; RGB(149, 199, 225) vs RGB(214, 206, 192) (ΔE00=22.04, ΔL*=5.46, adj=1.00, leg=True); RGB(149, 199, 225) vs RGB(229, 187, 153) (ΔE00=31.35, ΔL*=1.2, a"
10.1103_physrevlett.132.182501__9fd38bf0__p002__b00,10.1103_physrevlett.132.182501__9fd38bf0__p002__b00,10.1103_physrevlett.132.182501,10.1103_physrevlett.132.182501.pdf,2,0,Physics and Astronomy/10.1103_physrevlett.132.182501/crops/10.1103_physrevlett.132.182501__9fd38bf0__p002__b00.png,yes,discrete,problematic,model,PROBLEMATIC,0.169,5,"V4 score=0.169 (thr=0.16, cluster_loss=0); komponenten: pair=0.05 + cluster_loss=0.00 + complexity=0.12 + cvd=0.00 + legend=0.00; 1 kollabierte Paare; RGB(0, 157, 225) vs RGB(235, 124, 3) (ΔE00=51.9, ΔL*=2.29, adj=1.00, leg=True)"
10.1103_physrevlett.132.182501__9fd38bf0__p002__b01,10.1103_physrevlett.132.182501__9fd38bf0__p002__b01,10.1103_physrevlett.132.182501,10.1103_physrevlett.132.182501.pdf,2,1,Physics and Astronomy/10.1103_physrevlett.132.182501/crops/10.1103_physrevlett.132.182501__9fd38bf0__p002__b01.png,yes,discrete,accessible,model,ACCESSIBLE,0.08,4,"V4 score=0.080 (thr=0.16); kein Pair kollabiert; globaler cluster_loss=0, n_color=6, komponenten: pair=0.00 + cluster_loss=0.00 + complexity=0.08 + cvd=0.00 + legend=0.00"
10.1103_physrevlett.132.182501__9fd38bf0__p002__b02,10.1103_physrevlett.132.182501__9fd38bf0__p002__b02,10.1103_physrevlett.132.182501,10.1103_physrevlett.132.182501.pdf,2,2,Physics and Astronomy/10.1103_physrevlett.132.182501/crops/10.1103_physrevlett.132.182501__9fd38bf0__p002__b02.png,yes,discrete,problematic,model,PROBLEMATIC,0.366,7,"V4 score=0.366 (thr=0.08, cluster_loss=0); komponenten: pair=0.19 + cluster_loss=0.00 + complexity=0.12 + cvd=0.06 + legend=0.00; 4 kollabierte Paare; RGB(0, 157, 225) vs RGB(252, 8, 7) (ΔE00=56.64, ΔL*=8.48, adj=1.00, leg=True); RGB(0, 75, 236) vs RGB(225, 0, 17) (ΔE00=47.89, ΔL*=7.62, adj=1.00, le"
10.1103_physrevlett.132.182501__9fd38bf0__p002__b03,10.1103_physrevlett.132.182501__9fd38bf0__p002__b03,10.1103_physrevlett.132.182501,10.1103_physrevlett.132.182501.pdf,2,3,Physics and Astronomy/10.1103_physrevlett.132.182501/crops/10.1103_physrevlett.132.182501__9fd38bf0__p002__b03.png,yes,discrete,problematic,model,PROBLEMATIC,0.08,3,"V4 score=0.080 (thr=0.06); kein Pair kollabiert; globaler cluster_loss=1, n_color=5, komponenten: pair=0.00 + cluster_loss=0.04 + complexity=0.04 + cvd=0.00 + legend=0.00"
10.1103_physrevlett.132.182501__9fd38bf0__p002__b04,10.1103_physrevlett.132.182501__9fd38bf0__p002__b04,10.1103_physrevlett.132.182501,10.1103_physrevlett.132.182501.pdf,2,4,Physics and Astronomy/10.1103_physrevlett.132.182501/crops/10.1103_physrevlett.132.182501__9fd38bf0__p002__b04.png,yes,rainbow_gradient,n/a,model,,,,
10.1103_physrevlett.132.182501__9fd38bf0__p003__b00,10.1103_physrevlett.132.182501__9fd38bf0__p003__b00,10.1103_physrevlett.132.182501,10.1103_physrevlett.132.182501.pdf,3,0,Physics and Astronomy/10.1103_physrevlett.132.182501/crops/10.1103_physrevlett.132.182501__9fd38bf0__p003__b00.png,yes,discrete,problematic,model,PROBLEMATIC,0.624,3,"V4 score=0.624 (thr=0.06, cluster_loss=1); komponenten: pair=0.42 + cluster_loss=0.04 + complexity=0.16 + cvd=0.00 + legend=0.00; 2 kollabierte Paare; RGB(219, 42, 48) vs RGB(30, 96, 151) (ΔE00=46.29, ΔL*=8.96, adj=1.00, leg=True); RGB(219, 42, 48) vs RGB(76, 129, 172) (ΔE00=46.05, ΔL*=4.09, adj=1.0"
10.1103_physrevlett.132.182501__9fd38bf0__p004__b00,10.1103_physrevlett.132.182501__9fd38bf0__p004__b00,10.1103_physrevlett.132.182501,10.1103_physrevlett.132.182501.pdf,4,0,Physics and Astronomy/10.1103_physrevlett.132.182501/crops/10.1103_physrevlett.132.182501__9fd38bf0__p004__b00.png,yes,discrete,problematic,model,PROBLEMATIC,0.196,5,"V4 score=0.196 (thr=0.08, cluster_loss=0); komponenten: pair=0.12 + cluster_loss=0.00 + complexity=0.08 + cvd=0.00 + legend=0.00; 2 kollabierte Paare; RGB(24, 96, 151) vs RGB(113, 102, 108) (ΔE00=23.63, ΔL*=4.98, adj=1.00, leg=True); RGB(250, 115, 40) vs RGB(108, 150, 186) (ΔE00=44.32, ΔL*=3.46, adj"
10.25088_complexsystems.14.3.269__24a24dae__p002__b00,10.25088_complexsystems.14.3.269__24a24dae__p002__b00,10.25088_complexsystems.14.3.269,10.25088_complexsystems.14.3.269.pdf,2,0,Physics and Astronomy/10.25088_complexsystems.14.3.269/crops/10.25088_complexsystems.14.3.269__24a24dae__p002__b00.png,yes,rainbow_gradient,n/a,model,,,,
10.25088_complexsystems.14.3.269__24a24dae__p003__b00,10.25088_complexsystems.14.3.269__24a24dae__p003__b00,10.25088_complexsystems.14.3.269,10.25088_complexsystems.14.3.269.pdf,3,0,Physics and Astronomy/10.25088_complexsystems.14.3.269/crops/10.25088_complexsystems.14.3.269__24a24dae__p003__b00.png,yes,discrete,problematic,model,PROBLEMATIC,0.08,2,"V4 score=0.080 (thr=0.06); kein Pair kollabiert; globaler cluster_loss=1, n_color=5, komponenten: pair=0.00 + cluster_loss=0.04 + complexity=0.04 + cvd=0.00 + legend=0.00"
